id,timestamp_berlin,y_pred
2025-06-30T22:00:00Z,2025-07-01T00:00:00+0200,89.9653
2025-06-30T23:00:00Z,2025-07-01T01:00:00+0200,80.648
2025-07-01T00:00:00Z,2025-07-01T02:00:00+0200,74.823
2025-07-01T01:00:00Z,2025-07-01T03:00:00+0200,71.4855
2025-07-01T02:00:00Z,2025-07-01T04:00:00+0200,75.2814
2025-07-01T03:00:00Z,2025-07-01T05:00:00+0200,83.9227
2025-07-01T04:00:00Z,2025-07-01T06:00:00+0200,99.1525
2025-07-01T05:00:00Z,2025-07-01T07:00:00+0200,104.3808
2025-07-01T06:00:00Z,2025-07-01T08:00:00+0200,95.7537
2025-07-01T07:00:00Z,2025-07-01T09:00:00+0200,77.2639
2025-07-01T08:00:00Z,2025-07-01T10:00:00+0200,46.0621
2025-07-01T09:00:00Z,2025-07-01T11:00:00+0200,23.9643
2025-07-01T10:00:00Z,2025-07-01T12:00:00+0200,9.3307
2025-07-01T11:00:00Z,2025-07-01T13:00:00+0200,-1.6633
2025-07-01T12:00:00Z,2025-07-01T14:00:00+0200,7.6355
2025-07-01T13:00:00Z,2025-07-01T15:00:00+0200,23.7054
2025-07-01T14:00:00Z,2025-07-01T16:00:00+0200,51.5162
2025-07-01T15:00:00Z,2025-07-01T17:00:00+0200,79.2703
2025-07-01T16:00:00Z,2025-07-01T18:00:00+0200,102.4241
2025-07-01T17:00:00Z,2025-07-01T19:00:00+0200,165.9003
2025-07-01T18:00:00Z,2025-07-01T20:00:00+0200,209.562
2025-07-01T19:00:00Z,2025-07-01T21:00:00+0200,180.1667
2025-07-01T20:00:00Z,2025-07-01T22:00:00+0200,128.9833
2025-07-01T21:00:00Z,2025-07-01T23:00:00+0200,105.6783
2025-07-01T22:00:00Z,2025-07-02T00:00:00+0200,94.2407
2025-07-01T23:00:00Z,2025-07-02T01:00:00+0200,81.8212
2025-07-02T00:00:00Z,2025-07-02T02:00:00+0200,76.8622
2025-07-02T01:00:00Z,2025-07-02T03:00:00+0200,75.4866
2025-07-02T02:00:00Z,2025-07-02T04:00:00+0200,80.2502
2025-07-02T03:00:00Z,2025-07-02T05:00:00+0200,88.8154
2025-07-02T04:00:00Z,2025-07-02T06:00:00+0200,105.6992
2025-07-02T05:00:00Z,2025-07-02T07:00:00+0200,113.4704
2025-07-02T06:00:00Z,2025-07-02T08:00:00+0200,101.6425
2025-07-02T07:00:00Z,2025-07-02T09:00:00+0200,78.5129
2025-07-02T08:00:00Z,2025-07-02T10:00:00+0200,58.6298
2025-07-02T09:00:00Z,2025-07-02T11:00:00+0200,32.112
2025-07-02T10:00:00Z,2025-07-02T12:00:00+0200,19.3068
2025-07-02T11:00:00Z,2025-07-02T13:00:00+0200,8.3447
2025-07-02T12:00:00Z,2025-07-02T14:00:00+0200,16.4732
2025-07-02T13:00:00Z,2025-07-02T15:00:00+0200,26.0782
2025-07-02T14:00:00Z,2025-07-02T16:00:00+0200,54.8652
2025-07-02T15:00:00Z,2025-07-02T17:00:00+0200,77.9468
2025-07-02T16:00:00Z,2025-07-02T18:00:00+0200,108.8737
2025-07-02T17:00:00Z,2025-07-02T19:00:00+0200,148.4644
2025-07-02T18:00:00Z,2025-07-02T20:00:00+0200,259.6295
2025-07-02T19:00:00Z,2025-07-02T21:00:00+0200,256.8705
2025-07-02T20:00:00Z,2025-07-02T22:00:00+0200,173.707
2025-07-02T21:00:00Z,2025-07-02T23:00:00+0200,120.7582
2025-07-02T22:00:00Z,2025-07-03T00:00:00+0200,91.8552
2025-07-02T23:00:00Z,2025-07-03T01:00:00+0200,77.977
2025-07-03T00:00:00Z,2025-07-03T02:00:00+0200,68.5743
2025-07-03T01:00:00Z,2025-07-03T03:00:00+0200,62.7387
2025-07-03T02:00:00Z,2025-07-03T04:00:00+0200,63.7218
2025-07-03T03:00:00Z,2025-07-03T05:00:00+0200,70.554
2025-07-03T04:00:00Z,2025-07-03T06:00:00+0200,85.2085
2025-07-03T05:00:00Z,2025-07-03T07:00:00+0200,93.712
2025-07-03T06:00:00Z,2025-07-03T08:00:00+0200,92.5505
2025-07-03T07:00:00Z,2025-07-03T09:00:00+0200,72.5474
2025-07-03T08:00:00Z,2025-07-03T10:00:00+0200,58.4816
2025-07-03T09:00:00Z,2025-07-03T11:00:00+0200,38.5883
2025-07-03T10:00:00Z,2025-07-03T12:00:00+0200,25.3011
2025-07-03T11:00:00Z,2025-07-03T13:00:00+0200,17.6123
2025-07-03T12:00:00Z,2025-07-03T14:00:00+0200,14.1194
2025-07-03T13:00:00Z,2025-07-03T15:00:00+0200,23.7995
2025-07-03T14:00:00Z,2025-07-03T16:00:00+0200,32.0384
2025-07-03T15:00:00Z,2025-07-03T17:00:00+0200,70.8327
2025-07-03T16:00:00Z,2025-07-03T18:00:00+0200,103.8171
2025-07-03T17:00:00Z,2025-07-03T19:00:00+0200,160.7057
2025-07-03T18:00:00Z,2025-07-03T20:00:00+0200,197.0981
2025-07-03T19:00:00Z,2025-07-03T21:00:00+0200,176.3994
2025-07-03T20:00:00Z,2025-07-03T22:00:00+0200,153.1713
2025-07-03T21:00:00Z,2025-07-03T23:00:00+0200,132.8494
2025-07-03T22:00:00Z,2025-07-04T00:00:00+0200,114.1135
2025-07-03T23:00:00Z,2025-07-04T01:00:00+0200,110.0831
2025-07-04T00:00:00Z,2025-07-04T02:00:00+0200,108.6167
2025-07-04T01:00:00Z,2025-07-04T03:00:00+0200,101.8454
2025-07-04T02:00:00Z,2025-07-04T04:00:00+0200,102.0384
2025-07-04T03:00:00Z,2025-07-04T05:00:00+0200,107.2797
2025-07-04T04:00:00Z,2025-07-04T06:00:00+0200,126.8765
2025-07-04T05:00:00Z,2025-07-04T07:00:00+0200,122.7196
2025-07-04T06:00:00Z,2025-07-04T08:00:00+0200,112.4078
2025-07-04T07:00:00Z,2025-07-04T09:00:00+0200,93.2752
2025-07-04T08:00:00Z,2025-07-04T10:00:00+0200,64.8713
2025-07-04T09:00:00Z,2025-07-04T11:00:00+0200,33.7746
2025-07-04T10:00:00Z,2025-07-04T12:00:00+0200,14.1919
2025-07-04T11:00:00Z,2025-07-04T13:00:00+0200,3.5769
2025-07-04T12:00:00Z,2025-07-04T14:00:00+0200,0.8738
2025-07-04T13:00:00Z,2025-07-04T15:00:00+0200,7.6895
2025-07-04T14:00:00Z,2025-07-04T16:00:00+0200,25.8376
2025-07-04T15:00:00Z,2025-07-04T17:00:00+0200,67.2677
2025-07-04T16:00:00Z,2025-07-04T18:00:00+0200,100.8713
2025-07-04T17:00:00Z,2025-07-04T19:00:00+0200,140.6155
2025-07-04T18:00:00Z,2025-07-04T20:00:00+0200,159.9471
2025-07-04T19:00:00Z,2025-07-04T21:00:00+0200,161.7913
2025-07-04T20:00:00Z,2025-07-04T22:00:00+0200,133.4801
2025-07-04T21:00:00Z,2025-07-04T23:00:00+0200,116.4966
2025-07-04T22:00:00Z,2025-07-05T00:00:00+0200,109.3005
2025-07-04T23:00:00Z,2025-07-05T01:00:00+0200,103.0585
2025-07-05T00:00:00Z,2025-07-05T02:00:00+0200,93.2175
2025-07-05T01:00:00Z,2025-07-05T03:00:00+0200,85.8004
2025-07-05T02:00:00Z,2025-07-05T04:00:00+0200,77.1773
2025-07-05T03:00:00Z,2025-07-05T05:00:00+0200,72.4469
2025-07-05T04:00:00Z,2025-07-05T06:00:00+0200,70.4417
2025-07-05T05:00:00Z,2025-07-05T07:00:00+0200,54.9929
2025-07-05T06:00:00Z,2025-07-05T08:00:00+0200,40.9774
2025-07-05T07:00:00Z,2025-07-05T09:00:00+0200,18.6019
2025-07-05T08:00:00Z,2025-07-05T10:00:00+0200,5.4098
2025-07-05T09:00:00Z,2025-07-05T11:00:00+0200,5.3597
2025-07-05T10:00:00Z,2025-07-05T12:00:00+0200,-1.1762
2025-07-05T11:00:00Z,2025-07-05T13:00:00+0200,-31.9158
2025-07-05T12:00:00Z,2025-07-05T14:00:00+0200,-38.7116
2025-07-05T13:00:00Z,2025-07-05T15:00:00+0200,-32.257
2025-07-05T14:00:00Z,2025-07-05T16:00:00+0200,-11.2841
2025-07-05T15:00:00Z,2025-07-05T17:00:00+0200,7.0946
2025-07-05T16:00:00Z,2025-07-05T18:00:00+0200,36.7403
2025-07-05T17:00:00Z,2025-07-05T19:00:00+0200,90.7099
2025-07-05T18:00:00Z,2025-07-05T20:00:00+0200,120.5368
2025-07-05T19:00:00Z,2025-07-05T21:00:00+0200,124.3818
2025-07-05T20:00:00Z,2025-07-05T22:00:00+0200,120.4596
2025-07-05T21:00:00Z,2025-07-05T23:00:00+0200,107.7357
2025-07-05T22:00:00Z,2025-07-06T00:00:00+0200,96.8871
2025-07-05T23:00:00Z,2025-07-06T01:00:00+0200,89.7725
2025-07-06T00:00:00Z,2025-07-06T02:00:00+0200,82.9834
2025-07-06T01:00:00Z,2025-07-06T03:00:00+0200,78.1256
2025-07-06T02:00:00Z,2025-07-06T04:00:00+0200,77.2767
2025-07-06T03:00:00Z,2025-07-06T05:00:00+0200,72.4702
2025-07-06T04:00:00Z,2025-07-06T06:00:00+0200,68.4267
2025-07-06T05:00:00Z,2025-07-06T07:00:00+0200,60.7892
2025-07-06T06:00:00Z,2025-07-06T08:00:00+0200,51.8663
2025-07-06T07:00:00Z,2025-07-06T09:00:00+0200,27.9727
2025-07-06T08:00:00Z,2025-07-06T10:00:00+0200,17.0318
2025-07-06T09:00:00Z,2025-07-06T11:00:00+0200,17.7897
2025-07-06T10:00:00Z,2025-07-06T12:00:00+0200,16.8953
2025-07-06T11:00:00Z,2025-07-06T13:00:00+0200,9.8595
2025-07-06T12:00:00Z,2025-07-06T14:00:00+0200,15.7642
2025-07-06T13:00:00Z,2025-07-06T15:00:00+0200,16.0748
2025-07-06T14:00:00Z,2025-07-06T16:00:00+0200,34.9676
2025-07-06T15:00:00Z,2025-07-06T17:00:00+0200,64.0393
2025-07-06T16:00:00Z,2025-07-06T18:00:00+0200,102.1549
2025-07-06T17:00:00Z,2025-07-06T19:00:00+0200,118.7606
2025-07-06T18:00:00Z,2025-07-06T20:00:00+0200,128.0471
2025-07-06T19:00:00Z,2025-07-06T21:00:00+0200,135.8712
2025-07-06T20:00:00Z,2025-07-06T22:00:00+0200,125.5857
2025-07-06T21:00:00Z,2025-07-06T23:00:00+0200,112.3018
2025-07-06T22:00:00Z,2025-07-07T00:00:00+0200,112.1057
2025-07-06T23:00:00Z,2025-07-07T01:00:00+0200,105.9019
2025-07-07T00:00:00Z,2025-07-07T02:00:00+0200,104.4115
2025-07-07T01:00:00Z,2025-07-07T03:00:00+0200,104.6408
2025-07-07T02:00:00Z,2025-07-07T04:00:00+0200,107.361
2025-07-07T03:00:00Z,2025-07-07T05:00:00+0200,112.9422
2025-07-07T04:00:00Z,2025-07-07T06:00:00+0200,148.3776
2025-07-07T05:00:00Z,2025-07-07T07:00:00+0200,174.1164
2025-07-07T06:00:00Z,2025-07-07T08:00:00+0200,169.7505
2025-07-07T07:00:00Z,2025-07-07T09:00:00+0200,138.9841
2025-07-07T08:00:00Z,2025-07-07T10:00:00+0200,117.2175
2025-07-07T09:00:00Z,2025-07-07T11:00:00+0200,118.0101
2025-07-07T10:00:00Z,2025-07-07T12:00:00+0200,110.1297
2025-07-07T11:00:00Z,2025-07-07T13:00:00+0200,92.8232
2025-07-07T12:00:00Z,2025-07-07T14:00:00+0200,87.8421
2025-07-07T13:00:00Z,2025-07-07T15:00:00+0200,79.3312
2025-07-07T14:00:00Z,2025-07-07T16:00:00+0200,87.6363
2025-07-07T15:00:00Z,2025-07-07T17:00:00+0200,105.7319
2025-07-07T16:00:00Z,2025-07-07T18:00:00+0200,112.1626
2025-07-07T17:00:00Z,2025-07-07T19:00:00+0200,140.4534
2025-07-07T18:00:00Z,2025-07-07T20:00:00+0200,175.3932
2025-07-07T19:00:00Z,2025-07-07T21:00:00+0200,162.5814
2025-07-07T20:00:00Z,2025-07-07T22:00:00+0200,134.2357
2025-07-07T21:00:00Z,2025-07-07T23:00:00+0200,110.4581
2025-07-07T22:00:00Z,2025-07-08T00:00:00+0200,111.8546
2025-07-07T23:00:00Z,2025-07-08T01:00:00+0200,105.413
2025-07-08T00:00:00Z,2025-07-08T02:00:00+0200,103.1858
2025-07-08T01:00:00Z,2025-07-08T03:00:00+0200,95.9211
2025-07-08T02:00:00Z,2025-07-08T04:00:00+0200,97.4832
2025-07-08T03:00:00Z,2025-07-08T05:00:00+0200,103.1968
2025-07-08T04:00:00Z,2025-07-08T06:00:00+0200,125.3932
2025-07-08T05:00:00Z,2025-07-08T07:00:00+0200,135.6423
2025-07-08T06:00:00Z,2025-07-08T08:00:00+0200,138.0001
2025-07-08T07:00:00Z,2025-07-08T09:00:00+0200,124.8277
2025-07-08T08:00:00Z,2025-07-08T10:00:00+0200,105.638
2025-07-08T09:00:00Z,2025-07-08T11:00:00+0200,99.5417
2025-07-08T10:00:00Z,2025-07-08T12:00:00+0200,79.582
2025-07-08T11:00:00Z,2025-07-08T13:00:00+0200,66.2616
2025-07-08T12:00:00Z,2025-07-08T14:00:00+0200,65.0009
2025-07-08T13:00:00Z,2025-07-08T15:00:00+0200,74.685
2025-07-08T14:00:00Z,2025-07-08T16:00:00+0200,80.7937
2025-07-08T15:00:00Z,2025-07-08T17:00:00+0200,94.9387
2025-07-08T16:00:00Z,2025-07-08T18:00:00+0200,121.2855
2025-07-08T17:00:00Z,2025-07-08T19:00:00+0200,167.7998
2025-07-08T18:00:00Z,2025-07-08T20:00:00+0200,184.538
2025-07-08T19:00:00Z,2025-07-08T21:00:00+0200,171.2764
2025-07-08T20:00:00Z,2025-07-08T22:00:00+0200,162.1697
2025-07-08T21:00:00Z,2025-07-08T23:00:00+0200,115.9459
2025-07-08T22:00:00Z,2025-07-09T00:00:00+0200,103.7685
2025-07-08T23:00:00Z,2025-07-09T01:00:00+0200,98.2928
2025-07-09T00:00:00Z,2025-07-09T02:00:00+0200,94.8204
2025-07-09T01:00:00Z,2025-07-09T03:00:00+0200,91.0196
2025-07-09T02:00:00Z,2025-07-09T04:00:00+0200,95.6025
2025-07-09T03:00:00Z,2025-07-09T05:00:00+0200,99.5196
2025-07-09T04:00:00Z,2025-07-09T06:00:00+0200,111.9403
2025-07-09T05:00:00Z,2025-07-09T07:00:00+0200,124.9877
2025-07-09T06:00:00Z,2025-07-09T08:00:00+0200,124.1058
2025-07-09T07:00:00Z,2025-07-09T09:00:00+0200,99.9194
2025-07-09T08:00:00Z,2025-07-09T10:00:00+0200,89.1427
2025-07-09T09:00:00Z,2025-07-09T11:00:00+0200,81.7829
2025-07-09T10:00:00Z,2025-07-09T12:00:00+0200,64.5545
2025-07-09T11:00:00Z,2025-07-09T13:00:00+0200,54.0391
2025-07-09T12:00:00Z,2025-07-09T14:00:00+0200,39.8867
2025-07-09T13:00:00Z,2025-07-09T15:00:00+0200,45.4722
2025-07-09T14:00:00Z,2025-07-09T16:00:00+0200,61.1478
2025-07-09T15:00:00Z,2025-07-09T17:00:00+0200,83.352
2025-07-09T16:00:00Z,2025-07-09T18:00:00+0200,102.0119
2025-07-09T17:00:00Z,2025-07-09T19:00:00+0200,145.3304
2025-07-09T18:00:00Z,2025-07-09T20:00:00+0200,172.6127
2025-07-09T19:00:00Z,2025-07-09T21:00:00+0200,145.1793
2025-07-09T20:00:00Z,2025-07-09T22:00:00+0200,122.4072
2025-07-09T21:00:00Z,2025-07-09T23:00:00+0200,104.2531
2025-07-09T22:00:00Z,2025-07-10T00:00:00+0200,101.2599
2025-07-09T23:00:00Z,2025-07-10T01:00:00+0200,91.2414
2025-07-10T00:00:00Z,2025-07-10T02:00:00+0200,89.1858
2025-07-10T01:00:00Z,2025-07-10T03:00:00+0200,88.2455
2025-07-10T02:00:00Z,2025-07-10T04:00:00+0200,90.2201
2025-07-10T03:00:00Z,2025-07-10T05:00:00+0200,94.4413
2025-07-10T04:00:00Z,2025-07-10T06:00:00+0200,113.2304
2025-07-10T05:00:00Z,2025-07-10T07:00:00+0200,117.4667
2025-07-10T06:00:00Z,2025-07-10T08:00:00+0200,105.4247
2025-07-10T07:00:00Z,2025-07-10T09:00:00+0200,87.2667
2025-07-10T08:00:00Z,2025-07-10T10:00:00+0200,73.7787
2025-07-10T09:00:00Z,2025-07-10T11:00:00+0200,55.8681
2025-07-10T10:00:00Z,2025-07-10T12:00:00+0200,31.1042
2025-07-10T11:00:00Z,2025-07-10T13:00:00+0200,36.0064
2025-07-10T12:00:00Z,2025-07-10T14:00:00+0200,36.1931
2025-07-10T13:00:00Z,2025-07-10T15:00:00+0200,35.6266
2025-07-10T14:00:00Z,2025-07-10T16:00:00+0200,46.4948
2025-07-10T15:00:00Z,2025-07-10T17:00:00+0200,76.7215
2025-07-10T16:00:00Z,2025-07-10T18:00:00+0200,94.2853
2025-07-10T17:00:00Z,2025-07-10T19:00:00+0200,112.4216
2025-07-10T18:00:00Z,2025-07-10T20:00:00+0200,142.7023
2025-07-10T19:00:00Z,2025-07-10T21:00:00+0200,142.8893
2025-07-10T20:00:00Z,2025-07-10T22:00:00+0200,122.0731
2025-07-10T21:00:00Z,2025-07-10T23:00:00+0200,106.1992
2025-07-10T22:00:00Z,2025-07-11T00:00:00+0200,101.3891
2025-07-10T23:00:00Z,2025-07-11T01:00:00+0200,96.529
2025-07-11T00:00:00Z,2025-07-11T02:00:00+0200,93.5193
2025-07-11T01:00:00Z,2025-07-11T03:00:00+0200,88.6139
2025-07-11T02:00:00Z,2025-07-11T04:00:00+0200,93.8176
2025-07-11T03:00:00Z,2025-07-11T05:00:00+0200,100.0674
2025-07-11T04:00:00Z,2025-07-11T06:00:00+0200,116.5738
2025-07-11T05:00:00Z,2025-07-11T07:00:00+0200,119.1149
2025-07-11T06:00:00Z,2025-07-11T08:00:00+0200,107.6474
2025-07-11T07:00:00Z,2025-07-11T09:00:00+0200,89.1419
2025-07-11T08:00:00Z,2025-07-11T10:00:00+0200,73.0854
2025-07-11T09:00:00Z,2025-07-11T11:00:00+0200,57.864
2025-07-11T10:00:00Z,2025-07-11T12:00:00+0200,46.6109
2025-07-11T11:00:00Z,2025-07-11T13:00:00+0200,34.3707
2025-07-11T12:00:00Z,2025-07-11T14:00:00+0200,28.1183
2025-07-11T13:00:00Z,2025-07-11T15:00:00+0200,30.2808
2025-07-11T14:00:00Z,2025-07-11T16:00:00+0200,43.477
2025-07-11T15:00:00Z,2025-07-11T17:00:00+0200,62.104
2025-07-11T16:00:00Z,2025-07-11T18:00:00+0200,84.7436
2025-07-11T17:00:00Z,2025-07-11T19:00:00+0200,101.8188
2025-07-11T18:00:00Z,2025-07-11T20:00:00+0200,120.8793
2025-07-11T19:00:00Z,2025-07-11T21:00:00+0200,119.6194
2025-07-11T20:00:00Z,2025-07-11T22:00:00+0200,111.4636
2025-07-11T21:00:00Z,2025-07-11T23:00:00+0200,93.5113
2025-07-11T22:00:00Z,2025-07-12T00:00:00+0200,98.2557
2025-07-11T23:00:00Z,2025-07-12T01:00:00+0200,90.4601
2025-07-12T00:00:00Z,2025-07-12T02:00:00+0200,86.8223
2025-07-12T01:00:00Z,2025-07-12T03:00:00+0200,82.7947
2025-07-12T02:00:00Z,2025-07-12T04:00:00+0200,83.5204
2025-07-12T03:00:00Z,2025-07-12T05:00:00+0200,80.7082
2025-07-12T04:00:00Z,2025-07-12T06:00:00+0200,77.6644
2025-07-12T05:00:00Z,2025-07-12T07:00:00+0200,67.5714
2025-07-12T06:00:00Z,2025-07-12T08:00:00+0200,64.9352
2025-07-12T07:00:00Z,2025-07-12T09:00:00+0200,51.7483
2025-07-12T08:00:00Z,2025-07-12T10:00:00+0200,26.4678
2025-07-12T09:00:00Z,2025-07-12T11:00:00+0200,12.3591
2025-07-12T10:00:00Z,2025-07-12T12:00:00+0200,6.0349
2025-07-12T11:00:00Z,2025-07-12T13:00:00+0200,0.8895
2025-07-12T12:00:00Z,2025-07-12T14:00:00+0200,-0.0413
2025-07-12T13:00:00Z,2025-07-12T15:00:00+0200,2.4857
2025-07-12T14:00:00Z,2025-07-12T16:00:00+0200,19.7945
2025-07-12T15:00:00Z,2025-07-12T17:00:00+0200,45.3291
2025-07-12T16:00:00Z,2025-07-12T18:00:00+0200,76.1707
2025-07-12T17:00:00Z,2025-07-12T19:00:00+0200,99.3403
2025-07-12T18:00:00Z,2025-07-12T20:00:00+0200,115.2476
2025-07-12T19:00:00Z,2025-07-12T21:00:00+0200,113.2064
2025-07-12T20:00:00Z,2025-07-12T22:00:00+0200,107.8605
2025-07-12T21:00:00Z,2025-07-12T23:00:00+0200,101.3346
2025-07-12T22:00:00Z,2025-07-13T00:00:00+0200,100.7552
2025-07-12T23:00:00Z,2025-07-13T01:00:00+0200,95.6981
2025-07-13T00:00:00Z,2025-07-13T02:00:00+0200,95.5302
2025-07-13T01:00:00Z,2025-07-13T03:00:00+0200,91.3344
2025-07-13T02:00:00Z,2025-07-13T04:00:00+0200,89.5646
2025-07-13T03:00:00Z,2025-07-13T05:00:00+0200,88.1232
2025-07-13T04:00:00Z,2025-07-13T06:00:00+0200,85.3218
2025-07-13T05:00:00Z,2025-07-13T07:00:00+0200,82.3432
2025-07-13T06:00:00Z,2025-07-13T08:00:00+0200,72.359
2025-07-13T07:00:00Z,2025-07-13T09:00:00+0200,54.1459
2025-07-13T08:00:00Z,2025-07-13T10:00:00+0200,36.231
2025-07-13T09:00:00Z,2025-07-13T11:00:00+0200,25.4959
2025-07-13T10:00:00Z,2025-07-13T12:00:00+0200,14.123
2025-07-13T11:00:00Z,2025-07-13T13:00:00+0200,8.4524
2025-07-13T12:00:00Z,2025-07-13T14:00:00+0200,-3.7401
2025-07-13T13:00:00Z,2025-07-13T15:00:00+0200,-0.0099
2025-07-13T14:00:00Z,2025-07-13T16:00:00+0200,16.8928
2025-07-13T15:00:00Z,2025-07-13T17:00:00+0200,65.2498
2025-07-13T16:00:00Z,2025-07-13T18:00:00+0200,92.8174
2025-07-13T17:00:00Z,2025-07-13T19:00:00+0200,105.3248
2025-07-13T18:00:00Z,2025-07-13T20:00:00+0200,123.2873
2025-07-13T19:00:00Z,2025-07-13T21:00:00+0200,123.9417
2025-07-13T20:00:00Z,2025-07-13T22:00:00+0200,122.6133
2025-07-13T21:00:00Z,2025-07-13T23:00:00+0200,118.2333
2025-07-13T22:00:00Z,2025-07-14T00:00:00+0200,112.5699
2025-07-13T23:00:00Z,2025-07-14T01:00:00+0200,103.1411
2025-07-14T00:00:00Z,2025-07-14T02:00:00+0200,102.0381
2025-07-14T01:00:00Z,2025-07-14T03:00:00+0200,99.1001
2025-07-14T02:00:00Z,2025-07-14T04:00:00+0200,98.5994
2025-07-14T03:00:00Z,2025-07-14T05:00:00+0200,105.6189
2025-07-14T04:00:00Z,2025-07-14T06:00:00+0200,127.5136
2025-07-14T05:00:00Z,2025-07-14T07:00:00+0200,137.0845
2025-07-14T06:00:00Z,2025-07-14T08:00:00+0200,134.2736
2025-07-14T07:00:00Z,2025-07-14T09:00:00+0200,111.7943
2025-07-14T08:00:00Z,2025-07-14T10:00:00+0200,98.5326
2025-07-14T09:00:00Z,2025-07-14T11:00:00+0200,95.5576
2025-07-14T10:00:00Z,2025-07-14T12:00:00+0200,90.6349
2025-07-14T11:00:00Z,2025-07-14T13:00:00+0200,79.2808
2025-07-14T12:00:00Z,2025-07-14T14:00:00+0200,75.4075
2025-07-14T13:00:00Z,2025-07-14T15:00:00+0200,81.4485
2025-07-14T14:00:00Z,2025-07-14T16:00:00+0200,85.0385
2025-07-14T15:00:00Z,2025-07-14T17:00:00+0200,95.9522
2025-07-14T16:00:00Z,2025-07-14T18:00:00+0200,114.8787
2025-07-14T17:00:00Z,2025-07-14T19:00:00+0200,133.4076
2025-07-14T18:00:00Z,2025-07-14T20:00:00+0200,172.85
2025-07-14T19:00:00Z,2025-07-14T21:00:00+0200,167.5783
2025-07-14T20:00:00Z,2025-07-14T22:00:00+0200,142.7783
2025-07-14T21:00:00Z,2025-07-14T23:00:00+0200,125.2816
2025-07-14T22:00:00Z,2025-07-15T00:00:00+0200,111.5114
2025-07-14T23:00:00Z,2025-07-15T01:00:00+0200,101.8159
2025-07-15T00:00:00Z,2025-07-15T02:00:00+0200,95.2437
2025-07-15T01:00:00Z,2025-07-15T03:00:00+0200,91.8809
2025-07-15T02:00:00Z,2025-07-15T04:00:00+0200,91.6826
2025-07-15T03:00:00Z,2025-07-15T05:00:00+0200,95.94
2025-07-15T04:00:00Z,2025-07-15T06:00:00+0200,109.4345
2025-07-15T05:00:00Z,2025-07-15T07:00:00+0200,115.8863
2025-07-15T06:00:00Z,2025-07-15T08:00:00+0200,105.0985
2025-07-15T07:00:00Z,2025-07-15T09:00:00+0200,94.8937
2025-07-15T08:00:00Z,2025-07-15T10:00:00+0200,83.647
2025-07-15T09:00:00Z,2025-07-15T11:00:00+0200,76.3177
2025-07-15T10:00:00Z,2025-07-15T12:00:00+0200,60.9298
2025-07-15T11:00:00Z,2025-07-15T13:00:00+0200,49.966
2025-07-15T12:00:00Z,2025-07-15T14:00:00+0200,43.4218
2025-07-15T13:00:00Z,2025-07-15T15:00:00+0200,48.1121
2025-07-15T14:00:00Z,2025-07-15T16:00:00+0200,65.7728
2025-07-15T15:00:00Z,2025-07-15T17:00:00+0200,83.0636
2025-07-15T16:00:00Z,2025-07-15T18:00:00+0200,98.1845
2025-07-15T17:00:00Z,2025-07-15T19:00:00+0200,115.7995
2025-07-15T18:00:00Z,2025-07-15T20:00:00+0200,145.3381
2025-07-15T19:00:00Z,2025-07-15T21:00:00+0200,149.6994
2025-07-15T20:00:00Z,2025-07-15T22:00:00+0200,133.538
2025-07-15T21:00:00Z,2025-07-15T23:00:00+0200,116.0311
2025-07-15T22:00:00Z,2025-07-16T00:00:00+0200,103.9864
2025-07-15T23:00:00Z,2025-07-16T01:00:00+0200,96.4176
2025-07-16T00:00:00Z,2025-07-16T02:00:00+0200,91.6439
2025-07-16T01:00:00Z,2025-07-16T03:00:00+0200,86.3465
2025-07-16T02:00:00Z,2025-07-16T04:00:00+0200,84.391
2025-07-16T03:00:00Z,2025-07-16T05:00:00+0200,91.2385
2025-07-16T04:00:00Z,2025-07-16T06:00:00+0200,103.8832
2025-07-16T05:00:00Z,2025-07-16T07:00:00+0200,109.8555
2025-07-16T06:00:00Z,2025-07-16T08:00:00+0200,108.1313
2025-07-16T07:00:00Z,2025-07-16T09:00:00+0200,95.8112
2025-07-16T08:00:00Z,2025-07-16T10:00:00+0200,89.2996
2025-07-16T09:00:00Z,2025-07-16T11:00:00+0200,81.9791
2025-07-16T10:00:00Z,2025-07-16T12:00:00+0200,70.1544
2025-07-16T11:00:00Z,2025-07-16T13:00:00+0200,67.8456
2025-07-16T12:00:00Z,2025-07-16T14:00:00+0200,62.4876
2025-07-16T13:00:00Z,2025-07-16T15:00:00+0200,59.2965
2025-07-16T14:00:00Z,2025-07-16T16:00:00+0200,70.2323
2025-07-16T15:00:00Z,2025-07-16T17:00:00+0200,83.4614
2025-07-16T16:00:00Z,2025-07-16T18:00:00+0200,98.9484
2025-07-16T17:00:00Z,2025-07-16T19:00:00+0200,112.2927
2025-07-16T18:00:00Z,2025-07-16T20:00:00+0200,130.7228
2025-07-16T19:00:00Z,2025-07-16T21:00:00+0200,131.6331
2025-07-16T20:00:00Z,2025-07-16T22:00:00+0200,116.7493
2025-07-16T21:00:00Z,2025-07-16T23:00:00+0200,104.0071
2025-07-16T22:00:00Z,2025-07-17T00:00:00+0200,99.0213
2025-07-16T23:00:00Z,2025-07-17T01:00:00+0200,93.5932
2025-07-17T00:00:00Z,2025-07-17T02:00:00+0200,85.5124
2025-07-17T01:00:00Z,2025-07-17T03:00:00+0200,82.4377
2025-07-17T02:00:00Z,2025-07-17T04:00:00+0200,82.2056
2025-07-17T03:00:00Z,2025-07-17T05:00:00+0200,87.5925
2025-07-17T04:00:00Z,2025-07-17T06:00:00+0200,98.4208
2025-07-17T05:00:00Z,2025-07-17T07:00:00+0200,100.3339
2025-07-17T06:00:00Z,2025-07-17T08:00:00+0200,97.067
2025-07-17T07:00:00Z,2025-07-17T09:00:00+0200,85.5874
2025-07-17T08:00:00Z,2025-07-17T10:00:00+0200,71.2043
2025-07-17T09:00:00Z,2025-07-17T11:00:00+0200,56.5084
2025-07-17T10:00:00Z,2025-07-17T12:00:00+0200,37.1735
2025-07-17T11:00:00Z,2025-07-17T13:00:00+0200,38.4538
2025-07-17T12:00:00Z,2025-07-17T14:00:00+0200,38.1816
2025-07-17T13:00:00Z,2025-07-17T15:00:00+0200,39.4813
2025-07-17T14:00:00Z,2025-07-17T16:00:00+0200,60.7898
2025-07-17T15:00:00Z,2025-07-17T17:00:00+0200,81.2095
2025-07-17T16:00:00Z,2025-07-17T18:00:00+0200,95.875
2025-07-17T17:00:00Z,2025-07-17T19:00:00+0200,108.2731
2025-07-17T18:00:00Z,2025-07-17T20:00:00+0200,125.071
2025-07-17T19:00:00Z,2025-07-17T21:00:00+0200,126.6607
2025-07-17T20:00:00Z,2025-07-17T22:00:00+0200,116.4345
2025-07-17T21:00:00Z,2025-07-17T23:00:00+0200,103.8372
2025-07-17T22:00:00Z,2025-07-18T00:00:00+0200,101.5672
2025-07-17T23:00:00Z,2025-07-18T01:00:00+0200,98.5812
2025-07-18T00:00:00Z,2025-07-18T02:00:00+0200,94.3282
2025-07-18T01:00:00Z,2025-07-18T03:00:00+0200,92.3907
2025-07-18T02:00:00Z,2025-07-18T04:00:00+0200,94.6233
2025-07-18T03:00:00Z,2025-07-18T05:00:00+0200,101.1807
2025-07-18T04:00:00Z,2025-07-18T06:00:00+0200,116.0688
2025-07-18T05:00:00Z,2025-07-18T07:00:00+0200,121.3769
2025-07-18T06:00:00Z,2025-07-18T08:00:00+0200,117.3719
2025-07-18T07:00:00Z,2025-07-18T09:00:00+0200,102.762
2025-07-18T08:00:00Z,2025-07-18T10:00:00+0200,92.7138
2025-07-18T09:00:00Z,2025-07-18T11:00:00+0200,83.0483
2025-07-18T10:00:00Z,2025-07-18T12:00:00+0200,68.4349
2025-07-18T11:00:00Z,2025-07-18T13:00:00+0200,63.3892
2025-07-18T12:00:00Z,2025-07-18T14:00:00+0200,60.2262
2025-07-18T13:00:00Z,2025-07-18T15:00:00+0200,68.6797
2025-07-18T14:00:00Z,2025-07-18T16:00:00+0200,79.6231
2025-07-18T15:00:00Z,2025-07-18T17:00:00+0200,89.8127
2025-07-18T16:00:00Z,2025-07-18T18:00:00+0200,103.5942
2025-07-18T17:00:00Z,2025-07-18T19:00:00+0200,119.0548
2025-07-18T18:00:00Z,2025-07-18T20:00:00+0200,144.2848
2025-07-18T19:00:00Z,2025-07-18T21:00:00+0200,144.5012
2025-07-18T20:00:00Z,2025-07-18T22:00:00+0200,127.2435
2025-07-18T21:00:00Z,2025-07-18T23:00:00+0200,115.2911
2025-07-18T22:00:00Z,2025-07-19T00:00:00+0200,114.6677
2025-07-18T23:00:00Z,2025-07-19T01:00:00+0200,107.9896
2025-07-19T00:00:00Z,2025-07-19T02:00:00+0200,105.4786
2025-07-19T01:00:00Z,2025-07-19T03:00:00+0200,102.2603
2025-07-19T02:00:00Z,2025-07-19T04:00:00+0200,100.6279
2025-07-19T03:00:00Z,2025-07-19T05:00:00+0200,98.4314
2025-07-19T04:00:00Z,2025-07-19T06:00:00+0200,96.0158
2025-07-19T05:00:00Z,2025-07-19T07:00:00+0200,86.0243
2025-07-19T06:00:00Z,2025-07-19T08:00:00+0200,75.2593
2025-07-19T07:00:00Z,2025-07-19T09:00:00+0200,56.2956
2025-07-19T08:00:00Z,2025-07-19T10:00:00+0200,26.4268
2025-07-19T09:00:00Z,2025-07-19T11:00:00+0200,1.4419
2025-07-19T10:00:00Z,2025-07-19T12:00:00+0200,-21.2177
2025-07-19T11:00:00Z,2025-07-19T13:00:00+0200,-29.7565
2025-07-19T12:00:00Z,2025-07-19T14:00:00+0200,-21.1124
2025-07-19T13:00:00Z,2025-07-19T15:00:00+0200,0.385
2025-07-19T14:00:00Z,2025-07-19T16:00:00+0200,19.3152
2025-07-19T15:00:00Z,2025-07-19T17:00:00+0200,60.6222
2025-07-19T16:00:00Z,2025-07-19T18:00:00+0200,89.4977
2025-07-19T17:00:00Z,2025-07-19T19:00:00+0200,107.8955
2025-07-19T18:00:00Z,2025-07-19T20:00:00+0200,114.3023
2025-07-19T19:00:00Z,2025-07-19T21:00:00+0200,108.6411
2025-07-19T20:00:00Z,2025-07-19T22:00:00+0200,100.4109
2025-07-19T21:00:00Z,2025-07-19T23:00:00+0200,94.2526
2025-07-19T22:00:00Z,2025-07-20T00:00:00+0200,73.8558
2025-07-19T23:00:00Z,2025-07-20T01:00:00+0200,73.1044
2025-07-20T00:00:00Z,2025-07-20T02:00:00+0200,77.8265
2025-07-20T01:00:00Z,2025-07-20T03:00:00+0200,79.0006
2025-07-20T02:00:00Z,2025-07-20T04:00:00+0200,82.1599
2025-07-20T03:00:00Z,2025-07-20T05:00:00+0200,82.7181
2025-07-20T04:00:00Z,2025-07-20T06:00:00+0200,82.0171
2025-07-20T05:00:00Z,2025-07-20T07:00:00+0200,73.8976
2025-07-20T06:00:00Z,2025-07-20T08:00:00+0200,67.0444
2025-07-20T07:00:00Z,2025-07-20T09:00:00+0200,44.6558
2025-07-20T08:00:00Z,2025-07-20T10:00:00+0200,23.1885
2025-07-20T09:00:00Z,2025-07-20T11:00:00+0200,13.3056
2025-07-20T10:00:00Z,2025-07-20T12:00:00+0200,8.2531
2025-07-20T11:00:00Z,2025-07-20T13:00:00+0200,3.9094
2025-07-20T12:00:00Z,2025-07-20T14:00:00+0200,1.9791
2025-07-20T13:00:00Z,2025-07-20T15:00:00+0200,12.7568
2025-07-20T14:00:00Z,2025-07-20T16:00:00+0200,36.4643
2025-07-20T15:00:00Z,2025-07-20T17:00:00+0200,72.5583
2025-07-20T16:00:00Z,2025-07-20T18:00:00+0200,100.8181
2025-07-20T17:00:00Z,2025-07-20T19:00:00+0200,111.7081
2025-07-20T18:00:00Z,2025-07-20T20:00:00+0200,129.4194
2025-07-20T19:00:00Z,2025-07-20T21:00:00+0200,127.2767
2025-07-20T20:00:00Z,2025-07-20T22:00:00+0200,114.2923
2025-07-20T21:00:00Z,2025-07-20T23:00:00+0200,103.0842
2025-07-20T22:00:00Z,2025-07-21T00:00:00+0200,97.6501
2025-07-20T23:00:00Z,2025-07-21T01:00:00+0200,91.8766
2025-07-21T00:00:00Z,2025-07-21T02:00:00+0200,90.002
2025-07-21T01:00:00Z,2025-07-21T03:00:00+0200,92.1171
2025-07-21T02:00:00Z,2025-07-21T04:00:00+0200,91.7717
2025-07-21T03:00:00Z,2025-07-21T05:00:00+0200,99.0497
2025-07-21T04:00:00Z,2025-07-21T06:00:00+0200,117.8694
2025-07-21T05:00:00Z,2025-07-21T07:00:00+0200,133.8676
2025-07-21T06:00:00Z,2025-07-21T08:00:00+0200,133.3911
2025-07-21T07:00:00Z,2025-07-21T09:00:00+0200,120.5827
2025-07-21T08:00:00Z,2025-07-21T10:00:00+0200,114.5873
2025-07-21T09:00:00Z,2025-07-21T11:00:00+0200,115.0546
2025-07-21T10:00:00Z,2025-07-21T12:00:00+0200,101.9645
2025-07-21T11:00:00Z,2025-07-21T13:00:00+0200,96.8102
2025-07-21T12:00:00Z,2025-07-21T14:00:00+0200,93.4817
2025-07-21T13:00:00Z,2025-07-21T15:00:00+0200,87.9119
2025-07-21T14:00:00Z,2025-07-21T16:00:00+0200,89.8474
2025-07-21T15:00:00Z,2025-07-21T17:00:00+0200,101.2627
2025-07-21T16:00:00Z,2025-07-21T18:00:00+0200,111.6673
2025-07-21T17:00:00Z,2025-07-21T19:00:00+0200,125.8793
2025-07-21T18:00:00Z,2025-07-21T20:00:00+0200,133.5281
2025-07-21T19:00:00Z,2025-07-21T21:00:00+0200,128.206
2025-07-21T20:00:00Z,2025-07-21T22:00:00+0200,111.2466
2025-07-21T21:00:00Z,2025-07-21T23:00:00+0200,99.8722
2025-07-21T22:00:00Z,2025-07-22T00:00:00+0200,91.4431
2025-07-21T23:00:00Z,2025-07-22T01:00:00+0200,87.2906
2025-07-22T00:00:00Z,2025-07-22T02:00:00+0200,84.2324
2025-07-22T01:00:00Z,2025-07-22T03:00:00+0200,82.2266
2025-07-22T02:00:00Z,2025-07-22T04:00:00+0200,81.6893
2025-07-22T03:00:00Z,2025-07-22T05:00:00+0200,88.4118
2025-07-22T04:00:00Z,2025-07-22T06:00:00+0200,103.2664
2025-07-22T05:00:00Z,2025-07-22T07:00:00+0200,113.7877
2025-07-22T06:00:00Z,2025-07-22T08:00:00+0200,106.2581
2025-07-22T07:00:00Z,2025-07-22T09:00:00+0200,93.7797
2025-07-22T08:00:00Z,2025-07-22T10:00:00+0200,84.5414
2025-07-22T09:00:00Z,2025-07-22T11:00:00+0200,72.4638
2025-07-22T10:00:00Z,2025-07-22T12:00:00+0200,47.6163
2025-07-22T11:00:00Z,2025-07-22T13:00:00+0200,28.0191
2025-07-22T12:00:00Z,2025-07-22T14:00:00+0200,20.4273
2025-07-22T13:00:00Z,2025-07-22T15:00:00+0200,18.8989
2025-07-22T14:00:00Z,2025-07-22T16:00:00+0200,32.9952
2025-07-22T15:00:00Z,2025-07-22T17:00:00+0200,71.2775
2025-07-22T16:00:00Z,2025-07-22T18:00:00+0200,90.3296
2025-07-22T17:00:00Z,2025-07-22T19:00:00+0200,107.8979
2025-07-22T18:00:00Z,2025-07-22T20:00:00+0200,116.3034
2025-07-22T19:00:00Z,2025-07-22T21:00:00+0200,111.1183
2025-07-22T20:00:00Z,2025-07-22T22:00:00+0200,101.26
2025-07-22T21:00:00Z,2025-07-22T23:00:00+0200,92.338
2025-07-22T22:00:00Z,2025-07-23T00:00:00+0200,73.2091
2025-07-22T23:00:00Z,2025-07-23T01:00:00+0200,58.9166
2025-07-23T00:00:00Z,2025-07-23T02:00:00+0200,53.4338
2025-07-23T01:00:00Z,2025-07-23T03:00:00+0200,47.3412
2025-07-23T02:00:00Z,2025-07-23T04:00:00+0200,48.272
2025-07-23T03:00:00Z,2025-07-23T05:00:00+0200,65.0308
2025-07-23T04:00:00Z,2025-07-23T06:00:00+0200,76.5589
2025-07-23T05:00:00Z,2025-07-23T07:00:00+0200,87.0083
2025-07-23T06:00:00Z,2025-07-23T08:00:00+0200,80.9983
2025-07-23T07:00:00Z,2025-07-23T09:00:00+0200,52.0754
2025-07-23T08:00:00Z,2025-07-23T10:00:00+0200,15.9226
2025-07-23T09:00:00Z,2025-07-23T11:00:00+0200,11.1408
2025-07-23T10:00:00Z,2025-07-23T12:00:00+0200,2.5185
2025-07-23T11:00:00Z,2025-07-23T13:00:00+0200,-1.4162
2025-07-23T12:00:00Z,2025-07-23T14:00:00+0200,-0.7284
2025-07-23T13:00:00Z,2025-07-23T15:00:00+0200,2.4589
2025-07-23T14:00:00Z,2025-07-23T16:00:00+0200,18.3714
2025-07-23T15:00:00Z,2025-07-23T17:00:00+0200,62.4151
2025-07-23T16:00:00Z,2025-07-23T18:00:00+0200,88.3276
2025-07-23T17:00:00Z,2025-07-23T19:00:00+0200,106.75
2025-07-23T18:00:00Z,2025-07-23T20:00:00+0200,112.5602
2025-07-23T19:00:00Z,2025-07-23T21:00:00+0200,111.4958
2025-07-23T20:00:00Z,2025-07-23T22:00:00+0200,109.0301
2025-07-23T21:00:00Z,2025-07-23T23:00:00+0200,99.011
2025-07-23T22:00:00Z,2025-07-24T00:00:00+0200,95.3732
2025-07-23T23:00:00Z,2025-07-24T01:00:00+0200,88.2052
2025-07-24T00:00:00Z,2025-07-24T02:00:00+0200,84.9393
2025-07-24T01:00:00Z,2025-07-24T03:00:00+0200,83.3084
2025-07-24T02:00:00Z,2025-07-24T04:00:00+0200,84.8435
2025-07-24T03:00:00Z,2025-07-24T05:00:00+0200,90.3826
2025-07-24T04:00:00Z,2025-07-24T06:00:00+0200,105.0781
2025-07-24T05:00:00Z,2025-07-24T07:00:00+0200,114.2037
2025-07-24T06:00:00Z,2025-07-24T08:00:00+0200,111.7461
2025-07-24T07:00:00Z,2025-07-24T09:00:00+0200,99.7323
2025-07-24T08:00:00Z,2025-07-24T10:00:00+0200,92.6719
2025-07-24T09:00:00Z,2025-07-24T11:00:00+0200,85.9757
2025-07-24T10:00:00Z,2025-07-24T12:00:00+0200,77.5922
2025-07-24T11:00:00Z,2025-07-24T13:00:00+0200,75.5994
2025-07-24T12:00:00Z,2025-07-24T14:00:00+0200,74.1033
2025-07-24T13:00:00Z,2025-07-24T15:00:00+0200,80.1756
2025-07-24T14:00:00Z,2025-07-24T16:00:00+0200,84.7593
2025-07-24T15:00:00Z,2025-07-24T17:00:00+0200,95.8628
2025-07-24T16:00:00Z,2025-07-24T18:00:00+0200,105.8901
2025-07-24T17:00:00Z,2025-07-24T19:00:00+0200,120.4756
2025-07-24T18:00:00Z,2025-07-24T20:00:00+0200,133.183
2025-07-24T19:00:00Z,2025-07-24T21:00:00+0200,140.302
2025-07-24T20:00:00Z,2025-07-24T22:00:00+0200,120.947
2025-07-24T21:00:00Z,2025-07-24T23:00:00+0200,113.3847
2025-07-24T22:00:00Z,2025-07-25T00:00:00+0200,105.7185
2025-07-24T23:00:00Z,2025-07-25T01:00:00+0200,101.9163
2025-07-25T00:00:00Z,2025-07-25T02:00:00+0200,95.4274
2025-07-25T01:00:00Z,2025-07-25T03:00:00+0200,94.6801
2025-07-25T02:00:00Z,2025-07-25T04:00:00+0200,98.1128
2025-07-25T03:00:00Z,2025-07-25T05:00:00+0200,104.401
2025-07-25T04:00:00Z,2025-07-25T06:00:00+0200,116.4528
2025-07-25T05:00:00Z,2025-07-25T07:00:00+0200,122.4491
2025-07-25T06:00:00Z,2025-07-25T08:00:00+0200,118.8202
2025-07-25T07:00:00Z,2025-07-25T09:00:00+0200,103.3507
2025-07-25T08:00:00Z,2025-07-25T10:00:00+0200,93.8039
2025-07-25T09:00:00Z,2025-07-25T11:00:00+0200,86.9862
2025-07-25T10:00:00Z,2025-07-25T12:00:00+0200,77.2873
2025-07-25T11:00:00Z,2025-07-25T13:00:00+0200,71.563
2025-07-25T12:00:00Z,2025-07-25T14:00:00+0200,70.6037
2025-07-25T13:00:00Z,2025-07-25T15:00:00+0200,75.6066
2025-07-25T14:00:00Z,2025-07-25T16:00:00+0200,79.8214
2025-07-25T15:00:00Z,2025-07-25T17:00:00+0200,91.1205
2025-07-25T16:00:00Z,2025-07-25T18:00:00+0200,101.7465
2025-07-25T17:00:00Z,2025-07-25T19:00:00+0200,118.8933
2025-07-25T18:00:00Z,2025-07-25T20:00:00+0200,132.5968
2025-07-25T19:00:00Z,2025-07-25T21:00:00+0200,131.5129
2025-07-25T20:00:00Z,2025-07-25T22:00:00+0200,122.9489
2025-07-25T21:00:00Z,2025-07-25T23:00:00+0200,109.3752
2025-07-25T22:00:00Z,2025-07-26T00:00:00+0200,108.3375
2025-07-25T23:00:00Z,2025-07-26T01:00:00+0200,101.4475
2025-07-26T00:00:00Z,2025-07-26T02:00:00+0200,102.0763
2025-07-26T01:00:00Z,2025-07-26T03:00:00+0200,98.7672
2025-07-26T02:00:00Z,2025-07-26T04:00:00+0200,99.0333
2025-07-26T03:00:00Z,2025-07-26T05:00:00+0200,97.6851
2025-07-26T04:00:00Z,2025-07-26T06:00:00+0200,93.61
2025-07-26T05:00:00Z,2025-07-26T07:00:00+0200,90.9892
2025-07-26T06:00:00Z,2025-07-26T08:00:00+0200,92.2759
2025-07-26T07:00:00Z,2025-07-26T09:00:00+0200,85.2131
2025-07-26T08:00:00Z,2025-07-26T10:00:00+0200,77.1493
2025-07-26T09:00:00Z,2025-07-26T11:00:00+0200,67.0578
2025-07-26T10:00:00Z,2025-07-26T12:00:00+0200,46.4882
2025-07-26T11:00:00Z,2025-07-26T13:00:00+0200,31.6731
2025-07-26T12:00:00Z,2025-07-26T14:00:00+0200,27.64
2025-07-26T13:00:00Z,2025-07-26T15:00:00+0200,37.6351
2025-07-26T14:00:00Z,2025-07-26T16:00:00+0200,56.7949
2025-07-26T15:00:00Z,2025-07-26T17:00:00+0200,77.8833
2025-07-26T16:00:00Z,2025-07-26T18:00:00+0200,98.8388
2025-07-26T17:00:00Z,2025-07-26T19:00:00+0200,113.4041
2025-07-26T18:00:00Z,2025-07-26T20:00:00+0200,130.434
2025-07-26T19:00:00Z,2025-07-26T21:00:00+0200,129.1469
2025-07-26T20:00:00Z,2025-07-26T22:00:00+0200,117.5184
2025-07-26T21:00:00Z,2025-07-26T23:00:00+0200,113.9572
2025-07-26T22:00:00Z,2025-07-27T00:00:00+0200,110.5923
2025-07-26T23:00:00Z,2025-07-27T01:00:00+0200,105.2079
2025-07-27T00:00:00Z,2025-07-27T02:00:00+0200,99.0613
2025-07-27T01:00:00Z,2025-07-27T03:00:00+0200,99.8784
2025-07-27T02:00:00Z,2025-07-27T04:00:00+0200,99.3095
2025-07-27T03:00:00Z,2025-07-27T05:00:00+0200,96.2719
2025-07-27T04:00:00Z,2025-07-27T06:00:00+0200,92.8199
2025-07-27T05:00:00Z,2025-07-27T07:00:00+0200,87.2088
2025-07-27T06:00:00Z,2025-07-27T08:00:00+0200,85.7633
2025-07-27T07:00:00Z,2025-07-27T09:00:00+0200,71.7562
2025-07-27T08:00:00Z,2025-07-27T10:00:00+0200,68.6491
2025-07-27T09:00:00Z,2025-07-27T11:00:00+0200,59.3
2025-07-27T10:00:00Z,2025-07-27T12:00:00+0200,39.3006
2025-07-27T11:00:00Z,2025-07-27T13:00:00+0200,22.5134
2025-07-27T12:00:00Z,2025-07-27T14:00:00+0200,17.037
2025-07-27T13:00:00Z,2025-07-27T15:00:00+0200,26.1837
2025-07-27T14:00:00Z,2025-07-27T16:00:00+0200,46.5301
2025-07-27T15:00:00Z,2025-07-27T17:00:00+0200,70.3126
2025-07-27T16:00:00Z,2025-07-27T18:00:00+0200,90.511
2025-07-27T17:00:00Z,2025-07-27T19:00:00+0200,101.8293
2025-07-27T18:00:00Z,2025-07-27T20:00:00+0200,111.2992
2025-07-27T19:00:00Z,2025-07-27T21:00:00+0200,114.5178
2025-07-27T20:00:00Z,2025-07-27T22:00:00+0200,109.9067
2025-07-27T21:00:00Z,2025-07-27T23:00:00+0200,101.296
2025-07-27T22:00:00Z,2025-07-28T00:00:00+0200,94.8896
2025-07-27T23:00:00Z,2025-07-28T01:00:00+0200,92.9543
2025-07-28T00:00:00Z,2025-07-28T02:00:00+0200,88.3253
2025-07-28T01:00:00Z,2025-07-28T03:00:00+0200,84.9729
2025-07-28T02:00:00Z,2025-07-28T04:00:00+0200,84.9548
2025-07-28T03:00:00Z,2025-07-28T05:00:00+0200,90.7196
2025-07-28T04:00:00Z,2025-07-28T06:00:00+0200,107.4337
2025-07-28T05:00:00Z,2025-07-28T07:00:00+0200,128.9716
2025-07-28T06:00:00Z,2025-07-28T08:00:00+0200,129.2788
2025-07-28T07:00:00Z,2025-07-28T09:00:00+0200,112.5564
2025-07-28T08:00:00Z,2025-07-28T10:00:00+0200,102.2205
2025-07-28T09:00:00Z,2025-07-28T11:00:00+0200,96.9919
2025-07-28T10:00:00Z,2025-07-28T12:00:00+0200,87.1693
2025-07-28T11:00:00Z,2025-07-28T13:00:00+0200,82.162
2025-07-28T12:00:00Z,2025-07-28T14:00:00+0200,84.4375
2025-07-28T13:00:00Z,2025-07-28T15:00:00+0200,80.5259
2025-07-28T14:00:00Z,2025-07-28T16:00:00+0200,79.773
2025-07-28T15:00:00Z,2025-07-28T17:00:00+0200,90.0938
2025-07-28T16:00:00Z,2025-07-28T18:00:00+0200,98.349
2025-07-28T17:00:00Z,2025-07-28T19:00:00+0200,111.3098
2025-07-28T18:00:00Z,2025-07-28T20:00:00+0200,117.7619
2025-07-28T19:00:00Z,2025-07-28T21:00:00+0200,111.4753
2025-07-28T20:00:00Z,2025-07-28T22:00:00+0200,100.6401
2025-07-28T21:00:00Z,2025-07-28T23:00:00+0200,94.0285
2025-07-28T22:00:00Z,2025-07-29T00:00:00+0200,88.832
2025-07-28T23:00:00Z,2025-07-29T01:00:00+0200,79.7211
2025-07-29T00:00:00Z,2025-07-29T02:00:00+0200,76.0565
2025-07-29T01:00:00Z,2025-07-29T03:00:00+0200,73.2681
2025-07-29T02:00:00Z,2025-07-29T04:00:00+0200,72.4512
2025-07-29T03:00:00Z,2025-07-29T05:00:00+0200,80.2958
2025-07-29T04:00:00Z,2025-07-29T06:00:00+0200,97.3254
2025-07-29T05:00:00Z,2025-07-29T07:00:00+0200,109.377
2025-07-29T06:00:00Z,2025-07-29T08:00:00+0200,99.3786
2025-07-29T07:00:00Z,2025-07-29T09:00:00+0200,89.3468
2025-07-29T08:00:00Z,2025-07-29T10:00:00+0200,77.2825
2025-07-29T09:00:00Z,2025-07-29T11:00:00+0200,56.0344
2025-07-29T10:00:00Z,2025-07-29T12:00:00+0200,34.9436
2025-07-29T11:00:00Z,2025-07-29T13:00:00+0200,29.3473
2025-07-29T12:00:00Z,2025-07-29T14:00:00+0200,24.9846
2025-07-29T13:00:00Z,2025-07-29T15:00:00+0200,29.9732
2025-07-29T14:00:00Z,2025-07-29T16:00:00+0200,48.0802
2025-07-29T15:00:00Z,2025-07-29T17:00:00+0200,76.5297
2025-07-29T16:00:00Z,2025-07-29T18:00:00+0200,90.6991
2025-07-29T17:00:00Z,2025-07-29T19:00:00+0200,101.9521
2025-07-29T18:00:00Z,2025-07-29T20:00:00+0200,107.6625
2025-07-29T19:00:00Z,2025-07-29T21:00:00+0200,105.3974
2025-07-29T20:00:00Z,2025-07-29T22:00:00+0200,100.0633
2025-07-29T21:00:00Z,2025-07-29T23:00:00+0200,90.5662
2025-07-29T22:00:00Z,2025-07-30T00:00:00+0200,84.7013
2025-07-29T23:00:00Z,2025-07-30T01:00:00+0200,78.784
2025-07-30T00:00:00Z,2025-07-30T02:00:00+0200,75.1261
2025-07-30T01:00:00Z,2025-07-30T03:00:00+0200,72.4529
2025-07-30T02:00:00Z,2025-07-30T04:00:00+0200,73.3715
2025-07-30T03:00:00Z,2025-07-30T05:00:00+0200,79.0876
2025-07-30T04:00:00Z,2025-07-30T06:00:00+0200,91.4349
2025-07-30T05:00:00Z,2025-07-30T07:00:00+0200,96.6352
2025-07-30T06:00:00Z,2025-07-30T08:00:00+0200,93.8827
2025-07-30T07:00:00Z,2025-07-30T09:00:00+0200,76.0827
2025-07-30T08:00:00Z,2025-07-30T10:00:00+0200,64.2864
2025-07-30T09:00:00Z,2025-07-30T11:00:00+0200,57.1788
2025-07-30T10:00:00Z,2025-07-30T12:00:00+0200,39.6958
2025-07-30T11:00:00Z,2025-07-30T13:00:00+0200,29.0533
2025-07-30T12:00:00Z,2025-07-30T14:00:00+0200,24.5039
2025-07-30T13:00:00Z,2025-07-30T15:00:00+0200,23.9767
2025-07-30T14:00:00Z,2025-07-30T16:00:00+0200,37.3141
2025-07-30T15:00:00Z,2025-07-30T17:00:00+0200,62.815
2025-07-30T16:00:00Z,2025-07-30T18:00:00+0200,82.8231
2025-07-30T17:00:00Z,2025-07-30T19:00:00+0200,94.1576
2025-07-30T18:00:00Z,2025-07-30T20:00:00+0200,102.5935
2025-07-30T19:00:00Z,2025-07-30T21:00:00+0200,103.1992
2025-07-30T20:00:00Z,2025-07-30T22:00:00+0200,94.817
2025-07-30T21:00:00Z,2025-07-30T23:00:00+0200,85.5905
2025-07-30T22:00:00Z,2025-07-31T00:00:00+0200,78.9387
2025-07-30T23:00:00Z,2025-07-31T01:00:00+0200,68.0925
2025-07-31T00:00:00Z,2025-07-31T02:00:00+0200,58.3802
2025-07-31T01:00:00Z,2025-07-31T03:00:00+0200,53.8339
2025-07-31T02:00:00Z,2025-07-31T04:00:00+0200,55.0256
2025-07-31T03:00:00Z,2025-07-31T05:00:00+0200,69.4736
2025-07-31T04:00:00Z,2025-07-31T06:00:00+0200,81.7786
2025-07-31T05:00:00Z,2025-07-31T07:00:00+0200,92.004
2025-07-31T06:00:00Z,2025-07-31T08:00:00+0200,91.5922
2025-07-31T07:00:00Z,2025-07-31T09:00:00+0200,78.7892
2025-07-31T08:00:00Z,2025-07-31T10:00:00+0200,71.461
2025-07-31T09:00:00Z,2025-07-31T11:00:00+0200,70.318
2025-07-31T10:00:00Z,2025-07-31T12:00:00+0200,65.5375
2025-07-31T11:00:00Z,2025-07-31T13:00:00+0200,55.0952
2025-07-31T12:00:00Z,2025-07-31T14:00:00+0200,45.2766
2025-07-31T13:00:00Z,2025-07-31T15:00:00+0200,50.7977
2025-07-31T14:00:00Z,2025-07-31T16:00:00+0200,64.1243
2025-07-31T15:00:00Z,2025-07-31T17:00:00+0200,77.0244
2025-07-31T16:00:00Z,2025-07-31T18:00:00+0200,93.3995
2025-07-31T17:00:00Z,2025-07-31T19:00:00+0200,103.3932
2025-07-31T18:00:00Z,2025-07-31T20:00:00+0200,117.1238
2025-07-31T19:00:00Z,2025-07-31T21:00:00+0200,113.2845
2025-07-31T20:00:00Z,2025-07-31T22:00:00+0200,100.6254
2025-07-31T21:00:00Z,2025-07-31T23:00:00+0200,93.2053
2025-07-31T22:00:00Z,2025-08-01T00:00:00+0200,96.7645
2025-07-31T23:00:00Z,2025-08-01T01:00:00+0200,88.9498
2025-08-01T00:00:00Z,2025-08-01T02:00:00+0200,85.0821
2025-08-01T01:00:00Z,2025-08-01T03:00:00+0200,83.6775
2025-08-01T02:00:00Z,2025-08-01T04:00:00+0200,83.6973
2025-08-01T03:00:00Z,2025-08-01T05:00:00+0200,85.8912
2025-08-01T04:00:00Z,2025-08-01T06:00:00+0200,100.298
2025-08-01T05:00:00Z,2025-08-01T07:00:00+0200,106.6349
2025-08-01T06:00:00Z,2025-08-01T08:00:00+0200,108.0824
2025-08-01T07:00:00Z,2025-08-01T09:00:00+0200,96.8839
2025-08-01T08:00:00Z,2025-08-01T10:00:00+0200,89.4121
2025-08-01T09:00:00Z,2025-08-01T11:00:00+0200,82.7215
2025-08-01T10:00:00Z,2025-08-01T12:00:00+0200,76.416
2025-08-01T11:00:00Z,2025-08-01T13:00:00+0200,67.9747
2025-08-01T12:00:00Z,2025-08-01T14:00:00+0200,64.1515
2025-08-01T13:00:00Z,2025-08-01T15:00:00+0200,62.3639
2025-08-01T14:00:00Z,2025-08-01T16:00:00+0200,65.5451
2025-08-01T15:00:00Z,2025-08-01T17:00:00+0200,78.0366
2025-08-01T16:00:00Z,2025-08-01T18:00:00+0200,90.1479
2025-08-01T17:00:00Z,2025-08-01T19:00:00+0200,104.4758
2025-08-01T18:00:00Z,2025-08-01T20:00:00+0200,114.8173
2025-08-01T19:00:00Z,2025-08-01T21:00:00+0200,115.0352
2025-08-01T20:00:00Z,2025-08-01T22:00:00+0200,106.2536
2025-08-01T21:00:00Z,2025-08-01T23:00:00+0200,95.406
2025-08-01T22:00:00Z,2025-08-02T00:00:00+0200,97.2872
2025-08-01T23:00:00Z,2025-08-02T01:00:00+0200,92.311
2025-08-02T00:00:00Z,2025-08-02T02:00:00+0200,89.1319
2025-08-02T01:00:00Z,2025-08-02T03:00:00+0200,88.6684
2025-08-02T02:00:00Z,2025-08-02T04:00:00+0200,88.0204
2025-08-02T03:00:00Z,2025-08-02T05:00:00+0200,88.5941
2025-08-02T04:00:00Z,2025-08-02T06:00:00+0200,83.0219
2025-08-02T05:00:00Z,2025-08-02T07:00:00+0200,82.2837
2025-08-02T06:00:00Z,2025-08-02T08:00:00+0200,82.0958
2025-08-02T07:00:00Z,2025-08-02T09:00:00+0200,78.2299
2025-08-02T08:00:00Z,2025-08-02T10:00:00+0200,74.9543
2025-08-02T09:00:00Z,2025-08-02T11:00:00+0200,55.8036
2025-08-02T10:00:00Z,2025-08-02T12:00:00+0200,38.7844
2025-08-02T11:00:00Z,2025-08-02T13:00:00+0200,19.8858
2025-08-02T12:00:00Z,2025-08-02T14:00:00+0200,10.4612
2025-08-02T13:00:00Z,2025-08-02T15:00:00+0200,16.3402
2025-08-02T14:00:00Z,2025-08-02T16:00:00+0200,26.0805
2025-08-02T15:00:00Z,2025-08-02T17:00:00+0200,56.422
2025-08-02T16:00:00Z,2025-08-02T18:00:00+0200,77.8591
2025-08-02T17:00:00Z,2025-08-02T19:00:00+0200,93.5036
2025-08-02T18:00:00Z,2025-08-02T20:00:00+0200,101.1703
2025-08-02T19:00:00Z,2025-08-02T21:00:00+0200,102.9495
2025-08-02T20:00:00Z,2025-08-02T22:00:00+0200,96.5548
2025-08-02T21:00:00Z,2025-08-02T23:00:00+0200,91.2402
2025-08-02T22:00:00Z,2025-08-03T00:00:00+0200,74.1877
2025-08-02T23:00:00Z,2025-08-03T01:00:00+0200,60.4451
2025-08-03T00:00:00Z,2025-08-03T02:00:00+0200,51.9914
2025-08-03T01:00:00Z,2025-08-03T03:00:00+0200,44.0085
2025-08-03T02:00:00Z,2025-08-03T04:00:00+0200,43.3329
2025-08-03T03:00:00Z,2025-08-03T05:00:00+0200,44.5404
2025-08-03T04:00:00Z,2025-08-03T06:00:00+0200,54.33
2025-08-03T05:00:00Z,2025-08-03T07:00:00+0200,55.2007
2025-08-03T06:00:00Z,2025-08-03T08:00:00+0200,53.833
2025-08-03T07:00:00Z,2025-08-03T09:00:00+0200,36.7189
2025-08-03T08:00:00Z,2025-08-03T10:00:00+0200,28.4123
2025-08-03T09:00:00Z,2025-08-03T11:00:00+0200,13.9724
2025-08-03T10:00:00Z,2025-08-03T12:00:00+0200,4.0648
2025-08-03T11:00:00Z,2025-08-03T13:00:00+0200,-10.0206
2025-08-03T12:00:00Z,2025-08-03T14:00:00+0200,-7.4661
2025-08-03T13:00:00Z,2025-08-03T15:00:00+0200,-8.7662
2025-08-03T14:00:00Z,2025-08-03T16:00:00+0200,-5.5819
2025-08-03T15:00:00Z,2025-08-03T17:00:00+0200,11.8999
2025-08-03T16:00:00Z,2025-08-03T18:00:00+0200,57.0384
2025-08-03T17:00:00Z,2025-08-03T19:00:00+0200,85.9948
2025-08-03T18:00:00Z,2025-08-03T20:00:00+0200,95.1803
2025-08-03T19:00:00Z,2025-08-03T21:00:00+0200,99.7412
2025-08-03T20:00:00Z,2025-08-03T22:00:00+0200,91.9722
2025-08-03T21:00:00Z,2025-08-03T23:00:00+0200,83.7919
2025-08-03T22:00:00Z,2025-08-04T00:00:00+0200,64.7571
2025-08-03T23:00:00Z,2025-08-04T01:00:00+0200,43.8379
2025-08-04T00:00:00Z,2025-08-04T02:00:00+0200,34.4414
2025-08-04T01:00:00Z,2025-08-04T03:00:00+0200,33.9063
2025-08-04T02:00:00Z,2025-08-04T04:00:00+0200,43.51
2025-08-04T03:00:00Z,2025-08-04T05:00:00+0200,60.199
2025-08-04T04:00:00Z,2025-08-04T06:00:00+0200,86.1297
2025-08-04T05:00:00Z,2025-08-04T07:00:00+0200,111.1601
2025-08-04T06:00:00Z,2025-08-04T08:00:00+0200,114.4425
2025-08-04T07:00:00Z,2025-08-04T09:00:00+0200,103.6924
2025-08-04T08:00:00Z,2025-08-04T10:00:00+0200,91.9477
2025-08-04T09:00:00Z,2025-08-04T11:00:00+0200,83.5834
2025-08-04T10:00:00Z,2025-08-04T12:00:00+0200,70.444
2025-08-04T11:00:00Z,2025-08-04T13:00:00+0200,59.045
2025-08-04T12:00:00Z,2025-08-04T14:00:00+0200,51.246
2025-08-04T13:00:00Z,2025-08-04T15:00:00+0200,44.4751
2025-08-04T14:00:00Z,2025-08-04T16:00:00+0200,51.4956
2025-08-04T15:00:00Z,2025-08-04T17:00:00+0200,68.0405
2025-08-04T16:00:00Z,2025-08-04T18:00:00+0200,79.2655
2025-08-04T17:00:00Z,2025-08-04T19:00:00+0200,99.9973
2025-08-04T18:00:00Z,2025-08-04T20:00:00+0200,103.567
2025-08-04T19:00:00Z,2025-08-04T21:00:00+0200,94.367
2025-08-04T20:00:00Z,2025-08-04T22:00:00+0200,80.2104
2025-08-04T21:00:00Z,2025-08-04T23:00:00+0200,54.7976
2025-08-04T22:00:00Z,2025-08-05T00:00:00+0200,51.6785
2025-08-04T23:00:00Z,2025-08-05T01:00:00+0200,38.1311
2025-08-05T00:00:00Z,2025-08-05T02:00:00+0200,36.332
2025-08-05T01:00:00Z,2025-08-05T03:00:00+0200,37.0597
2025-08-05T02:00:00Z,2025-08-05T04:00:00+0200,43.3019
2025-08-05T03:00:00Z,2025-08-05T05:00:00+0200,57.6758
2025-08-05T04:00:00Z,2025-08-05T06:00:00+0200,78.6911
2025-08-05T05:00:00Z,2025-08-05T07:00:00+0200,90.8304
2025-08-05T06:00:00Z,2025-08-05T08:00:00+0200,86.5539
2025-08-05T07:00:00Z,2025-08-05T09:00:00+0200,72.6828
2025-08-05T08:00:00Z,2025-08-05T10:00:00+0200,60.0319
2025-08-05T09:00:00Z,2025-08-05T11:00:00+0200,34.7951
2025-08-05T10:00:00Z,2025-08-05T12:00:00+0200,18.2758
2025-08-05T11:00:00Z,2025-08-05T13:00:00+0200,10.8344
2025-08-05T12:00:00Z,2025-08-05T14:00:00+0200,4.2364
2025-08-05T13:00:00Z,2025-08-05T15:00:00+0200,3.0584
2025-08-05T14:00:00Z,2025-08-05T16:00:00+0200,5.8228
2025-08-05T15:00:00Z,2025-08-05T17:00:00+0200,17.9372
2025-08-05T16:00:00Z,2025-08-05T18:00:00+0200,33.7833
2025-08-05T17:00:00Z,2025-08-05T19:00:00+0200,75.5723
2025-08-05T18:00:00Z,2025-08-05T20:00:00+0200,86.5613
2025-08-05T19:00:00Z,2025-08-05T21:00:00+0200,86.0515
2025-08-05T20:00:00Z,2025-08-05T22:00:00+0200,74.9682
2025-08-05T21:00:00Z,2025-08-05T23:00:00+0200,70.0022
2025-08-05T22:00:00Z,2025-08-06T00:00:00+0200,59.7651
2025-08-05T23:00:00Z,2025-08-06T01:00:00+0200,50.8884
2025-08-06T00:00:00Z,2025-08-06T02:00:00+0200,45.3332
2025-08-06T01:00:00Z,2025-08-06T03:00:00+0200,40.2413
2025-08-06T02:00:00Z,2025-08-06T04:00:00+0200,43.2163
2025-08-06T03:00:00Z,2025-08-06T05:00:00+0200,54.05
2025-08-06T04:00:00Z,2025-08-06T06:00:00+0200,70.4361
2025-08-06T05:00:00Z,2025-08-06T07:00:00+0200,78.5089
2025-08-06T06:00:00Z,2025-08-06T08:00:00+0200,72.3307
2025-08-06T07:00:00Z,2025-08-06T09:00:00+0200,26.1436
2025-08-06T08:00:00Z,2025-08-06T10:00:00+0200,3.1509
2025-08-06T09:00:00Z,2025-08-06T11:00:00+0200,-9.9233
2025-08-06T10:00:00Z,2025-08-06T12:00:00+0200,-15.8276
2025-08-06T11:00:00Z,2025-08-06T13:00:00+0200,-21.4472
2025-08-06T12:00:00Z,2025-08-06T14:00:00+0200,-8.7117
2025-08-06T13:00:00Z,2025-08-06T15:00:00+0200,-2.2966
2025-08-06T14:00:00Z,2025-08-06T16:00:00+0200,3.4008
2025-08-06T15:00:00Z,2025-08-06T17:00:00+0200,34.4088
2025-08-06T16:00:00Z,2025-08-06T18:00:00+0200,75.7033
2025-08-06T17:00:00Z,2025-08-06T19:00:00+0200,100.3525
2025-08-06T18:00:00Z,2025-08-06T20:00:00+0200,121.4656
2025-08-06T19:00:00Z,2025-08-06T21:00:00+0200,124.119
2025-08-06T20:00:00Z,2025-08-06T22:00:00+0200,107.2596
2025-08-06T21:00:00Z,2025-08-06T23:00:00+0200,95.4528
2025-08-06T22:00:00Z,2025-08-07T00:00:00+0200,94.4318
2025-08-06T23:00:00Z,2025-08-07T01:00:00+0200,91.1392
2025-08-07T00:00:00Z,2025-08-07T02:00:00+0200,88.7431
2025-08-07T01:00:00Z,2025-08-07T03:00:00+0200,86.0493
2025-08-07T02:00:00Z,2025-08-07T04:00:00+0200,84.8384
2025-08-07T03:00:00Z,2025-08-07T05:00:00+0200,88.2254
2025-08-07T04:00:00Z,2025-08-07T06:00:00+0200,107.9344
2025-08-07T05:00:00Z,2025-08-07T07:00:00+0200,106.9022
2025-08-07T06:00:00Z,2025-08-07T08:00:00+0200,95.1676
2025-08-07T07:00:00Z,2025-08-07T09:00:00+0200,74.6949
2025-08-07T08:00:00Z,2025-08-07T10:00:00+0200,46.6935
2025-08-07T09:00:00Z,2025-08-07T11:00:00+0200,14.4102
2025-08-07T10:00:00Z,2025-08-07T12:00:00+0200,-8.2599
2025-08-07T11:00:00Z,2025-08-07T13:00:00+0200,-17.3886
2025-08-07T12:00:00Z,2025-08-07T14:00:00+0200,-9.0412
2025-08-07T13:00:00Z,2025-08-07T15:00:00+0200,1.7708
2025-08-07T14:00:00Z,2025-08-07T16:00:00+0200,22.6491
2025-08-07T15:00:00Z,2025-08-07T17:00:00+0200,69.22
2025-08-07T16:00:00Z,2025-08-07T18:00:00+0200,99.5354
2025-08-07T17:00:00Z,2025-08-07T19:00:00+0200,121.4985
2025-08-07T18:00:00Z,2025-08-07T20:00:00+0200,139.6262
2025-08-07T19:00:00Z,2025-08-07T21:00:00+0200,130.4023
2025-08-07T20:00:00Z,2025-08-07T22:00:00+0200,113.7301
2025-08-07T21:00:00Z,2025-08-07T23:00:00+0200,101.8529
2025-08-07T22:00:00Z,2025-08-08T00:00:00+0200,99.7783
2025-08-07T23:00:00Z,2025-08-08T01:00:00+0200,93.1557
2025-08-08T00:00:00Z,2025-08-08T02:00:00+0200,87.6037
2025-08-08T01:00:00Z,2025-08-08T03:00:00+0200,84.6707
2025-08-08T02:00:00Z,2025-08-08T04:00:00+0200,85.4454
2025-08-08T03:00:00Z,2025-08-08T05:00:00+0200,93.2217
2025-08-08T04:00:00Z,2025-08-08T06:00:00+0200,106.3006
2025-08-08T05:00:00Z,2025-08-08T07:00:00+0200,108.3792
2025-08-08T06:00:00Z,2025-08-08T08:00:00+0200,100.424
2025-08-08T07:00:00Z,2025-08-08T09:00:00+0200,83.855
2025-08-08T08:00:00Z,2025-08-08T10:00:00+0200,65.7031
2025-08-08T09:00:00Z,2025-08-08T11:00:00+0200,40.4185
2025-08-08T10:00:00Z,2025-08-08T12:00:00+0200,13.8552
2025-08-08T11:00:00Z,2025-08-08T13:00:00+0200,-3.3295
2025-08-08T12:00:00Z,2025-08-08T14:00:00+0200,-7.4165
2025-08-08T13:00:00Z,2025-08-08T15:00:00+0200,0.8507
2025-08-08T14:00:00Z,2025-08-08T16:00:00+0200,20.5985
2025-08-08T15:00:00Z,2025-08-08T17:00:00+0200,64.1012
2025-08-08T16:00:00Z,2025-08-08T18:00:00+0200,95.7681
2025-08-08T17:00:00Z,2025-08-08T19:00:00+0200,123.3486
2025-08-08T18:00:00Z,2025-08-08T20:00:00+0200,150.0185
2025-08-08T19:00:00Z,2025-08-08T21:00:00+0200,139.089
2025-08-08T20:00:00Z,2025-08-08T22:00:00+0200,126.9322
2025-08-08T21:00:00Z,2025-08-08T23:00:00+0200,111.3101
2025-08-08T22:00:00Z,2025-08-09T00:00:00+0200,109.7037
2025-08-08T23:00:00Z,2025-08-09T01:00:00+0200,102.1706
2025-08-09T00:00:00Z,2025-08-09T02:00:00+0200,96.1868
2025-08-09T01:00:00Z,2025-08-09T03:00:00+0200,96.4686
2025-08-09T02:00:00Z,2025-08-09T04:00:00+0200,98.512
2025-08-09T03:00:00Z,2025-08-09T05:00:00+0200,100.1243
2025-08-09T04:00:00Z,2025-08-09T06:00:00+0200,101.1336
2025-08-09T05:00:00Z,2025-08-09T07:00:00+0200,93.2102
2025-08-09T06:00:00Z,2025-08-09T08:00:00+0200,81.1221
2025-08-09T07:00:00Z,2025-08-09T09:00:00+0200,46.9155
2025-08-09T08:00:00Z,2025-08-09T10:00:00+0200,16.6382
2025-08-09T09:00:00Z,2025-08-09T11:00:00+0200,-4.5379
2025-08-09T10:00:00Z,2025-08-09T12:00:00+0200,-25.1938
2025-08-09T11:00:00Z,2025-08-09T13:00:00+0200,-36.439
2025-08-09T12:00:00Z,2025-08-09T14:00:00+0200,-39.9109
2025-08-09T13:00:00Z,2025-08-09T15:00:00+0200,-12.0949
2025-08-09T14:00:00Z,2025-08-09T16:00:00+0200,-2.8679
2025-08-09T15:00:00Z,2025-08-09T17:00:00+0200,22.2205
2025-08-09T16:00:00Z,2025-08-09T18:00:00+0200,76.08
2025-08-09T17:00:00Z,2025-08-09T19:00:00+0200,101.9314
2025-08-09T18:00:00Z,2025-08-09T20:00:00+0200,113.2798
2025-08-09T19:00:00Z,2025-08-09T21:00:00+0200,113.7533
2025-08-09T20:00:00Z,2025-08-09T22:00:00+0200,102.6517
2025-08-09T21:00:00Z,2025-08-09T23:00:00+0200,93.5998
2025-08-09T22:00:00Z,2025-08-10T00:00:00+0200,84.8632
2025-08-09T23:00:00Z,2025-08-10T01:00:00+0200,72.269
2025-08-10T00:00:00Z,2025-08-10T02:00:00+0200,65.3543
2025-08-10T01:00:00Z,2025-08-10T03:00:00+0200,56.3249
2025-08-10T02:00:00Z,2025-08-10T04:00:00+0200,58.8714
2025-08-10T03:00:00Z,2025-08-10T05:00:00+0200,66.9642
2025-08-10T04:00:00Z,2025-08-10T06:00:00+0200,71.9029
2025-08-10T05:00:00Z,2025-08-10T07:00:00+0200,59.6914
2025-08-10T06:00:00Z,2025-08-10T08:00:00+0200,28.1436
2025-08-10T07:00:00Z,2025-08-10T09:00:00+0200,4.858
2025-08-10T08:00:00Z,2025-08-10T10:00:00+0200,-20.2797
2025-08-10T09:00:00Z,2025-08-10T11:00:00+0200,-52.2084
2025-08-10T10:00:00Z,2025-08-10T12:00:00+0200,-69.5688
2025-08-10T11:00:00Z,2025-08-10T13:00:00+0200,-83.0761
2025-08-10T12:00:00Z,2025-08-10T14:00:00+0200,-76.2577
2025-08-10T13:00:00Z,2025-08-10T15:00:00+0200,-42.2526
2025-08-10T14:00:00Z,2025-08-10T16:00:00+0200,-22.6642
2025-08-10T15:00:00Z,2025-08-10T17:00:00+0200,1.2573
2025-08-10T16:00:00Z,2025-08-10T18:00:00+0200,69.7155
2025-08-10T17:00:00Z,2025-08-10T19:00:00+0200,107.519
2025-08-10T18:00:00Z,2025-08-10T20:00:00+0200,132.7202
2025-08-10T19:00:00Z,2025-08-10T21:00:00+0200,135.2677
2025-08-10T20:00:00Z,2025-08-10T22:00:00+0200,120.3782
2025-08-10T21:00:00Z,2025-08-10T23:00:00+0200,107.9957
2025-08-10T22:00:00Z,2025-08-11T00:00:00+0200,93.4183
2025-08-10T23:00:00Z,2025-08-11T01:00:00+0200,89.303
2025-08-11T00:00:00Z,2025-08-11T02:00:00+0200,88.791
2025-08-11T01:00:00Z,2025-08-11T03:00:00+0200,88.6726
2025-08-11T02:00:00Z,2025-08-11T04:00:00+0200,93.4981
2025-08-11T03:00:00Z,2025-08-11T05:00:00+0200,101.0213
2025-08-11T04:00:00Z,2025-08-11T06:00:00+0200,116.6076
2025-08-11T05:00:00Z,2025-08-11T07:00:00+0200,120.2851
2025-08-11T06:00:00Z,2025-08-11T08:00:00+0200,97.3953
2025-08-11T07:00:00Z,2025-08-11T09:00:00+0200,70.0821
2025-08-11T08:00:00Z,2025-08-11T10:00:00+0200,36.4958
2025-08-11T09:00:00Z,2025-08-11T11:00:00+0200,12.4733
2025-08-11T10:00:00Z,2025-08-11T12:00:00+0200,-4.9811
2025-08-11T11:00:00Z,2025-08-11T13:00:00+0200,-5.6851
2025-08-11T12:00:00Z,2025-08-11T14:00:00+0200,-5.9947
2025-08-11T13:00:00Z,2025-08-11T15:00:00+0200,10.3969
2025-08-11T14:00:00Z,2025-08-11T16:00:00+0200,33.4824
2025-08-11T15:00:00Z,2025-08-11T17:00:00+0200,64.9185
2025-08-11T16:00:00Z,2025-08-11T18:00:00+0200,104.2006
2025-08-11T17:00:00Z,2025-08-11T19:00:00+0200,178.9597
2025-08-11T18:00:00Z,2025-08-11T20:00:00+0200,205.4468
2025-08-11T19:00:00Z,2025-08-11T21:00:00+0200,167.2826
2025-08-11T20:00:00Z,2025-08-11T22:00:00+0200,123.792
2025-08-11T21:00:00Z,2025-08-11T23:00:00+0200,103.4766
2025-08-11T22:00:00Z,2025-08-12T00:00:00+0200,102.0393
2025-08-11T23:00:00Z,2025-08-12T01:00:00+0200,94.9388
2025-08-12T00:00:00Z,2025-08-12T02:00:00+0200,92.7348
2025-08-12T01:00:00Z,2025-08-12T03:00:00+0200,89.6555
2025-08-12T02:00:00Z,2025-08-12T04:00:00+0200,91.233
2025-08-12T03:00:00Z,2025-08-12T05:00:00+0200,102.7862
2025-08-12T04:00:00Z,2025-08-12T06:00:00+0200,131.2751
2025-08-12T05:00:00Z,2025-08-12T07:00:00+0200,121.4602
2025-08-12T06:00:00Z,2025-08-12T08:00:00+0200,97.6682
2025-08-12T07:00:00Z,2025-08-12T09:00:00+0200,74.8042
2025-08-12T08:00:00Z,2025-08-12T10:00:00+0200,38.9141
2025-08-12T09:00:00Z,2025-08-12T11:00:00+0200,8.0132
2025-08-12T10:00:00Z,2025-08-12T12:00:00+0200,-3.0716
2025-08-12T11:00:00Z,2025-08-12T13:00:00+0200,-7.6546
2025-08-12T12:00:00Z,2025-08-12T14:00:00+0200,-10.5252
2025-08-12T13:00:00Z,2025-08-12T15:00:00+0200,6.8068
2025-08-12T14:00:00Z,2025-08-12T16:00:00+0200,38.5354
2025-08-12T15:00:00Z,2025-08-12T17:00:00+0200,78.2652
2025-08-12T16:00:00Z,2025-08-12T18:00:00+0200,109.6874
2025-08-12T17:00:00Z,2025-08-12T19:00:00+0200,134.5112
2025-08-12T18:00:00Z,2025-08-12T20:00:00+0200,141.3153
2025-08-12T19:00:00Z,2025-08-12T21:00:00+0200,112.2268
2025-08-12T20:00:00Z,2025-08-12T22:00:00+0200,101.0304
2025-08-12T21:00:00Z,2025-08-12T23:00:00+0200,89.759
2025-08-12T22:00:00Z,2025-08-13T00:00:00+0200,86.0764
2025-08-12T23:00:00Z,2025-08-13T01:00:00+0200,82.9246
2025-08-13T00:00:00Z,2025-08-13T02:00:00+0200,77.2924
2025-08-13T01:00:00Z,2025-08-13T03:00:00+0200,75.5054
2025-08-13T02:00:00Z,2025-08-13T04:00:00+0200,82.2898
2025-08-13T03:00:00Z,2025-08-13T05:00:00+0200,89.8122
2025-08-13T04:00:00Z,2025-08-13T06:00:00+0200,105.7997
2025-08-13T05:00:00Z,2025-08-13T07:00:00+0200,107.8127
2025-08-13T06:00:00Z,2025-08-13T08:00:00+0200,98.4033
2025-08-13T07:00:00Z,2025-08-13T09:00:00+0200,78.4736
2025-08-13T08:00:00Z,2025-08-13T10:00:00+0200,44.8823
2025-08-13T09:00:00Z,2025-08-13T11:00:00+0200,17.8603
2025-08-13T10:00:00Z,2025-08-13T12:00:00+0200,5.2973
2025-08-13T11:00:00Z,2025-08-13T13:00:00+0200,0.5769
2025-08-13T12:00:00Z,2025-08-13T14:00:00+0200,-1.9574
2025-08-13T13:00:00Z,2025-08-13T15:00:00+0200,16.5662
2025-08-13T14:00:00Z,2025-08-13T16:00:00+0200,34.6469
2025-08-13T15:00:00Z,2025-08-13T17:00:00+0200,82.5162
2025-08-13T16:00:00Z,2025-08-13T18:00:00+0200,104.5713
2025-08-13T17:00:00Z,2025-08-13T19:00:00+0200,139.3595
2025-08-13T18:00:00Z,2025-08-13T20:00:00+0200,161.661
2025-08-13T19:00:00Z,2025-08-13T21:00:00+0200,132.7542
2025-08-13T20:00:00Z,2025-08-13T22:00:00+0200,108.1865
2025-08-13T21:00:00Z,2025-08-13T23:00:00+0200,93.2963
2025-08-13T22:00:00Z,2025-08-14T00:00:00+0200,94.0132
2025-08-13T23:00:00Z,2025-08-14T01:00:00+0200,89.5421
2025-08-14T00:00:00Z,2025-08-14T02:00:00+0200,86.1597
2025-08-14T01:00:00Z,2025-08-14T03:00:00+0200,85.9393
2025-08-14T02:00:00Z,2025-08-14T04:00:00+0200,85.411
2025-08-14T03:00:00Z,2025-08-14T05:00:00+0200,95.469
2025-08-14T04:00:00Z,2025-08-14T06:00:00+0200,113.547
2025-08-14T05:00:00Z,2025-08-14T07:00:00+0200,111.8002
2025-08-14T06:00:00Z,2025-08-14T08:00:00+0200,96.9892
2025-08-14T07:00:00Z,2025-08-14T09:00:00+0200,82.084
2025-08-14T08:00:00Z,2025-08-14T10:00:00+0200,61.6047
2025-08-14T09:00:00Z,2025-08-14T11:00:00+0200,29.7287
2025-08-14T10:00:00Z,2025-08-14T12:00:00+0200,14.6552
2025-08-14T11:00:00Z,2025-08-14T13:00:00+0200,7.1979
2025-08-14T12:00:00Z,2025-08-14T14:00:00+0200,10.8577
2025-08-14T13:00:00Z,2025-08-14T15:00:00+0200,27.397
2025-08-14T14:00:00Z,2025-08-14T16:00:00+0200,64.1888
2025-08-14T15:00:00Z,2025-08-14T17:00:00+0200,89.6083
2025-08-14T16:00:00Z,2025-08-14T18:00:00+0200,110.4083
2025-08-14T17:00:00Z,2025-08-14T19:00:00+0200,193.9858
2025-08-14T18:00:00Z,2025-08-14T20:00:00+0200,189.6291
2025-08-14T19:00:00Z,2025-08-14T21:00:00+0200,149.8832
2025-08-14T20:00:00Z,2025-08-14T22:00:00+0200,124.0978
2025-08-14T21:00:00Z,2025-08-14T23:00:00+0200,105.4153
2025-08-14T22:00:00Z,2025-08-15T00:00:00+0200,100.1518
2025-08-14T23:00:00Z,2025-08-15T01:00:00+0200,91.1911
2025-08-15T00:00:00Z,2025-08-15T02:00:00+0200,89.6239
2025-08-15T01:00:00Z,2025-08-15T03:00:00+0200,86.2428
2025-08-15T02:00:00Z,2025-08-15T04:00:00+0200,87.5418
2025-08-15T03:00:00Z,2025-08-15T05:00:00+0200,91.9355
2025-08-15T04:00:00Z,2025-08-15T06:00:00+0200,104.5755
2025-08-15T05:00:00Z,2025-08-15T07:00:00+0200,109.6486
2025-08-15T06:00:00Z,2025-08-15T08:00:00+0200,102.6315
2025-08-15T07:00:00Z,2025-08-15T09:00:00+0200,82.7194
2025-08-15T08:00:00Z,2025-08-15T10:00:00+0200,55.955
2025-08-15T09:00:00Z,2025-08-15T11:00:00+0200,15.9358
2025-08-15T10:00:00Z,2025-08-15T12:00:00+0200,-0.5819
2025-08-15T11:00:00Z,2025-08-15T13:00:00+0200,-14.6255
2025-08-15T12:00:00Z,2025-08-15T14:00:00+0200,-13.8833
2025-08-15T13:00:00Z,2025-08-15T15:00:00+0200,4.567
2025-08-15T14:00:00Z,2025-08-15T16:00:00+0200,21.3956
2025-08-15T15:00:00Z,2025-08-15T17:00:00+0200,55.4243
2025-08-15T16:00:00Z,2025-08-15T18:00:00+0200,91.8775
2025-08-15T17:00:00Z,2025-08-15T19:00:00+0200,137.8834
2025-08-15T18:00:00Z,2025-08-15T20:00:00+0200,159.6915
2025-08-15T19:00:00Z,2025-08-15T21:00:00+0200,123.0554
2025-08-15T20:00:00Z,2025-08-15T22:00:00+0200,106.5103
2025-08-15T21:00:00Z,2025-08-15T23:00:00+0200,99.3461
2025-08-15T22:00:00Z,2025-08-16T00:00:00+0200,93.9052
2025-08-15T23:00:00Z,2025-08-16T01:00:00+0200,91.7705
2025-08-16T00:00:00Z,2025-08-16T02:00:00+0200,89.7054
2025-08-16T01:00:00Z,2025-08-16T03:00:00+0200,87.4314
2025-08-16T02:00:00Z,2025-08-16T04:00:00+0200,84.3038
2025-08-16T03:00:00Z,2025-08-16T05:00:00+0200,86.1208
2025-08-16T04:00:00Z,2025-08-16T06:00:00+0200,86.99
2025-08-16T05:00:00Z,2025-08-16T07:00:00+0200,83.7552
2025-08-16T06:00:00Z,2025-08-16T08:00:00+0200,71.9725
2025-08-16T07:00:00Z,2025-08-16T09:00:00+0200,53.2249
2025-08-16T08:00:00Z,2025-08-16T10:00:00+0200,29.7856
2025-08-16T09:00:00Z,2025-08-16T11:00:00+0200,23.724
2025-08-16T10:00:00Z,2025-08-16T12:00:00+0200,2.6895
2025-08-16T11:00:00Z,2025-08-16T13:00:00+0200,-7.54
2025-08-16T12:00:00Z,2025-08-16T14:00:00+0200,-11.2257
2025-08-16T13:00:00Z,2025-08-16T15:00:00+0200,-12.9062
2025-08-16T14:00:00Z,2025-08-16T16:00:00+0200,-3.7473
2025-08-16T15:00:00Z,2025-08-16T17:00:00+0200,10.7736
2025-08-16T16:00:00Z,2025-08-16T18:00:00+0200,57.1989
2025-08-16T17:00:00Z,2025-08-16T19:00:00+0200,104.0316
2025-08-16T18:00:00Z,2025-08-16T20:00:00+0200,112.1071
2025-08-16T19:00:00Z,2025-08-16T21:00:00+0200,98.7306
2025-08-16T20:00:00Z,2025-08-16T22:00:00+0200,94.8104
2025-08-16T21:00:00Z,2025-08-16T23:00:00+0200,90.9113
2025-08-16T22:00:00Z,2025-08-17T00:00:00+0200,77.2523
2025-08-16T23:00:00Z,2025-08-17T01:00:00+0200,82.303
2025-08-17T00:00:00Z,2025-08-17T02:00:00+0200,81.8027
2025-08-17T01:00:00Z,2025-08-17T03:00:00+0200,76.0397
2025-08-17T02:00:00Z,2025-08-17T04:00:00+0200,78.8431
2025-08-17T03:00:00Z,2025-08-17T05:00:00+0200,84.2478
2025-08-17T04:00:00Z,2025-08-17T06:00:00+0200,89.8349
2025-08-17T05:00:00Z,2025-08-17T07:00:00+0200,82.4128
2025-08-17T06:00:00Z,2025-08-17T08:00:00+0200,59.7594
2025-08-17T07:00:00Z,2025-08-17T09:00:00+0200,28.2625
2025-08-17T08:00:00Z,2025-08-17T10:00:00+0200,13.0499
2025-08-17T09:00:00Z,2025-08-17T11:00:00+0200,12.3082
2025-08-17T10:00:00Z,2025-08-17T12:00:00+0200,2.8275
2025-08-17T11:00:00Z,2025-08-17T13:00:00+0200,-3.0644
2025-08-17T12:00:00Z,2025-08-17T14:00:00+0200,-13.719
2025-08-17T13:00:00Z,2025-08-17T15:00:00+0200,-6.9237
2025-08-17T14:00:00Z,2025-08-17T16:00:00+0200,3.1663
2025-08-17T15:00:00Z,2025-08-17T17:00:00+0200,33.9583
2025-08-17T16:00:00Z,2025-08-17T18:00:00+0200,93.8416
2025-08-17T17:00:00Z,2025-08-17T19:00:00+0200,117.1105
2025-08-17T18:00:00Z,2025-08-17T20:00:00+0200,126.2391
2025-08-17T19:00:00Z,2025-08-17T21:00:00+0200,123.9374
2025-08-17T20:00:00Z,2025-08-17T22:00:00+0200,113.4047
2025-08-17T21:00:00Z,2025-08-17T23:00:00+0200,104.2357
2025-08-17T22:00:00Z,2025-08-18T00:00:00+0200,98.7935
2025-08-17T23:00:00Z,2025-08-18T01:00:00+0200,89.9399
2025-08-18T00:00:00Z,2025-08-18T02:00:00+0200,89.4044
2025-08-18T01:00:00Z,2025-08-18T03:00:00+0200,86.6948
2025-08-18T02:00:00Z,2025-08-18T04:00:00+0200,89.7156
2025-08-18T03:00:00Z,2025-08-18T05:00:00+0200,101.2227
2025-08-18T04:00:00Z,2025-08-18T06:00:00+0200,138.1032
2025-08-18T05:00:00Z,2025-08-18T07:00:00+0200,144.9139
2025-08-18T06:00:00Z,2025-08-18T08:00:00+0200,113.3258
2025-08-18T07:00:00Z,2025-08-18T09:00:00+0200,85.4266
2025-08-18T08:00:00Z,2025-08-18T10:00:00+0200,40.3602
2025-08-18T09:00:00Z,2025-08-18T11:00:00+0200,29.634
2025-08-18T10:00:00Z,2025-08-18T12:00:00+0200,15.2331
2025-08-18T11:00:00Z,2025-08-18T13:00:00+0200,4.5801
2025-08-18T12:00:00Z,2025-08-18T14:00:00+0200,11.5588
2025-08-18T13:00:00Z,2025-08-18T15:00:00+0200,23.2899
2025-08-18T14:00:00Z,2025-08-18T16:00:00+0200,45.3187
2025-08-18T15:00:00Z,2025-08-18T17:00:00+0200,80.103
2025-08-18T16:00:00Z,2025-08-18T18:00:00+0200,118.4903
2025-08-18T17:00:00Z,2025-08-18T19:00:00+0200,190.3455
2025-08-18T18:00:00Z,2025-08-18T20:00:00+0200,198.9267
2025-08-18T19:00:00Z,2025-08-18T21:00:00+0200,150.0489
2025-08-18T20:00:00Z,2025-08-18T22:00:00+0200,119.0762
2025-08-18T21:00:00Z,2025-08-18T23:00:00+0200,105.3306
2025-08-18T22:00:00Z,2025-08-19T00:00:00+0200,99.9765
2025-08-18T23:00:00Z,2025-08-19T01:00:00+0200,93.507
2025-08-19T00:00:00Z,2025-08-19T02:00:00+0200,92.9148
2025-08-19T01:00:00Z,2025-08-19T03:00:00+0200,91.2198
2025-08-19T02:00:00Z,2025-08-19T04:00:00+0200,95.9883
2025-08-19T03:00:00Z,2025-08-19T05:00:00+0200,101.9977
2025-08-19T04:00:00Z,2025-08-19T06:00:00+0200,140.1388
2025-08-19T05:00:00Z,2025-08-19T07:00:00+0200,136.9501
2025-08-19T06:00:00Z,2025-08-19T08:00:00+0200,107.507
2025-08-19T07:00:00Z,2025-08-19T09:00:00+0200,82.5363
2025-08-19T08:00:00Z,2025-08-19T10:00:00+0200,41.9435
2025-08-19T09:00:00Z,2025-08-19T11:00:00+0200,14.0102
2025-08-19T10:00:00Z,2025-08-19T12:00:00+0200,-4.8787
2025-08-19T11:00:00Z,2025-08-19T13:00:00+0200,-13.4255
2025-08-19T12:00:00Z,2025-08-19T14:00:00+0200,-9.2178
2025-08-19T13:00:00Z,2025-08-19T15:00:00+0200,5.6733
2025-08-19T14:00:00Z,2025-08-19T16:00:00+0200,36.2281
2025-08-19T15:00:00Z,2025-08-19T17:00:00+0200,81.2084
2025-08-19T16:00:00Z,2025-08-19T18:00:00+0200,105.3848
2025-08-19T17:00:00Z,2025-08-19T19:00:00+0200,157.6159
2025-08-19T18:00:00Z,2025-08-19T20:00:00+0200,168.8478
2025-08-19T19:00:00Z,2025-08-19T21:00:00+0200,125.8325
2025-08-19T20:00:00Z,2025-08-19T22:00:00+0200,112.9897
2025-08-19T21:00:00Z,2025-08-19T23:00:00+0200,101.6573
2025-08-19T22:00:00Z,2025-08-20T00:00:00+0200,97.8604
2025-08-19T23:00:00Z,2025-08-20T01:00:00+0200,91.6579
2025-08-20T00:00:00Z,2025-08-20T02:00:00+0200,89.1892
2025-08-20T01:00:00Z,2025-08-20T03:00:00+0200,85.7145
2025-08-20T02:00:00Z,2025-08-20T04:00:00+0200,87.7714
2025-08-20T03:00:00Z,2025-08-20T05:00:00+0200,95.8468
2025-08-20T04:00:00Z,2025-08-20T06:00:00+0200,115.2877
2025-08-20T05:00:00Z,2025-08-20T07:00:00+0200,118.7773
2025-08-20T06:00:00Z,2025-08-20T08:00:00+0200,109.8408
2025-08-20T07:00:00Z,2025-08-20T09:00:00+0200,88.5069
2025-08-20T08:00:00Z,2025-08-20T10:00:00+0200,66.6293
2025-08-20T09:00:00Z,2025-08-20T11:00:00+0200,43.4767
2025-08-20T10:00:00Z,2025-08-20T12:00:00+0200,19.7233
2025-08-20T11:00:00Z,2025-08-20T13:00:00+0200,16.6044
2025-08-20T12:00:00Z,2025-08-20T14:00:00+0200,18.331
2025-08-20T13:00:00Z,2025-08-20T15:00:00+0200,36.7775
2025-08-20T14:00:00Z,2025-08-20T16:00:00+0200,54.6549
2025-08-20T15:00:00Z,2025-08-20T17:00:00+0200,85.624
2025-08-20T16:00:00Z,2025-08-20T18:00:00+0200,106.1482
2025-08-20T17:00:00Z,2025-08-20T19:00:00+0200,133.2857
2025-08-20T18:00:00Z,2025-08-20T20:00:00+0200,142.9586
2025-08-20T19:00:00Z,2025-08-20T21:00:00+0200,116.7573
2025-08-20T20:00:00Z,2025-08-20T22:00:00+0200,108.1652
2025-08-20T21:00:00Z,2025-08-20T23:00:00+0200,99.7571
2025-08-20T22:00:00Z,2025-08-21T00:00:00+0200,99.1523
2025-08-20T23:00:00Z,2025-08-21T01:00:00+0200,93.1949
2025-08-21T00:00:00Z,2025-08-21T02:00:00+0200,90.8122
2025-08-21T01:00:00Z,2025-08-21T03:00:00+0200,88.0154
2025-08-21T02:00:00Z,2025-08-21T04:00:00+0200,89.568
2025-08-21T03:00:00Z,2025-08-21T05:00:00+0200,98.3099
2025-08-21T04:00:00Z,2025-08-21T06:00:00+0200,117.6719
2025-08-21T05:00:00Z,2025-08-21T07:00:00+0200,120.108
2025-08-21T06:00:00Z,2025-08-21T08:00:00+0200,108.0575
2025-08-21T07:00:00Z,2025-08-21T09:00:00+0200,91.6822
2025-08-21T08:00:00Z,2025-08-21T10:00:00+0200,75.1535
2025-08-21T09:00:00Z,2025-08-21T11:00:00+0200,45.2822
2025-08-21T10:00:00Z,2025-08-21T12:00:00+0200,37.3342
2025-08-21T11:00:00Z,2025-08-21T13:00:00+0200,28.5384
2025-08-21T12:00:00Z,2025-08-21T14:00:00+0200,18.9116
2025-08-21T13:00:00Z,2025-08-21T15:00:00+0200,28.7414
2025-08-21T14:00:00Z,2025-08-21T16:00:00+0200,41.5618
2025-08-21T15:00:00Z,2025-08-21T17:00:00+0200,65.19
2025-08-21T16:00:00Z,2025-08-21T18:00:00+0200,89.47
2025-08-21T17:00:00Z,2025-08-21T19:00:00+0200,115.5543
2025-08-21T18:00:00Z,2025-08-21T20:00:00+0200,131.6879
2025-08-21T19:00:00Z,2025-08-21T21:00:00+0200,103.734
2025-08-21T20:00:00Z,2025-08-21T22:00:00+0200,99.4651
2025-08-21T21:00:00Z,2025-08-21T23:00:00+0200,91.3376
2025-08-21T22:00:00Z,2025-08-22T00:00:00+0200,90.0552
2025-08-21T23:00:00Z,2025-08-22T01:00:00+0200,84.2724
2025-08-22T00:00:00Z,2025-08-22T02:00:00+0200,80.3809
2025-08-22T01:00:00Z,2025-08-22T03:00:00+0200,78.3298
2025-08-22T02:00:00Z,2025-08-22T04:00:00+0200,80.0566
2025-08-22T03:00:00Z,2025-08-22T05:00:00+0200,90.9584
2025-08-22T04:00:00Z,2025-08-22T06:00:00+0200,106.5208
2025-08-22T05:00:00Z,2025-08-22T07:00:00+0200,110.5493
2025-08-22T06:00:00Z,2025-08-22T08:00:00+0200,99.8564
2025-08-22T07:00:00Z,2025-08-22T09:00:00+0200,78.2005
2025-08-22T08:00:00Z,2025-08-22T10:00:00+0200,37.8516
2025-08-22T09:00:00Z,2025-08-22T11:00:00+0200,16.4202
2025-08-22T10:00:00Z,2025-08-22T12:00:00+0200,3.3718
2025-08-22T11:00:00Z,2025-08-22T13:00:00+0200,-6.3343
2025-08-22T12:00:00Z,2025-08-22T14:00:00+0200,-6.5667
2025-08-22T13:00:00Z,2025-08-22T15:00:00+0200,-7.5951
2025-08-22T14:00:00Z,2025-08-22T16:00:00+0200,-1.2704
2025-08-22T15:00:00Z,2025-08-22T17:00:00+0200,32.2423
2025-08-22T16:00:00Z,2025-08-22T18:00:00+0200,74.3061
2025-08-22T17:00:00Z,2025-08-22T19:00:00+0200,97.4664
2025-08-22T18:00:00Z,2025-08-22T20:00:00+0200,107.3531
2025-08-22T19:00:00Z,2025-08-22T21:00:00+0200,105.0302
2025-08-22T20:00:00Z,2025-08-22T22:00:00+0200,97.755
2025-08-22T21:00:00Z,2025-08-22T23:00:00+0200,86.9355
2025-08-22T22:00:00Z,2025-08-23T00:00:00+0200,85.4804
2025-08-22T23:00:00Z,2025-08-23T01:00:00+0200,78.4934
2025-08-23T00:00:00Z,2025-08-23T02:00:00+0200,79.3274
2025-08-23T01:00:00Z,2025-08-23T03:00:00+0200,74.3046
2025-08-23T02:00:00Z,2025-08-23T04:00:00+0200,70.7334
2025-08-23T03:00:00Z,2025-08-23T05:00:00+0200,70.3755
2025-08-23T04:00:00Z,2025-08-23T06:00:00+0200,72.8036
2025-08-23T05:00:00Z,2025-08-23T07:00:00+0200,71.0784
2025-08-23T06:00:00Z,2025-08-23T08:00:00+0200,61.5396
2025-08-23T07:00:00Z,2025-08-23T09:00:00+0200,42.418
2025-08-23T08:00:00Z,2025-08-23T10:00:00+0200,9.6742
2025-08-23T09:00:00Z,2025-08-23T11:00:00+0200,-4.2799
2025-08-23T10:00:00Z,2025-08-23T12:00:00+0200,-7.4639
2025-08-23T11:00:00Z,2025-08-23T13:00:00+0200,-14.842
2025-08-23T12:00:00Z,2025-08-23T14:00:00+0200,-21.202
2025-08-23T13:00:00Z,2025-08-23T15:00:00+0200,-10.5314
2025-08-23T14:00:00Z,2025-08-23T16:00:00+0200,-1.3825
2025-08-23T15:00:00Z,2025-08-23T17:00:00+0200,22.7725
2025-08-23T16:00:00Z,2025-08-23T18:00:00+0200,70.4783
2025-08-23T17:00:00Z,2025-08-23T19:00:00+0200,93.7843
2025-08-23T18:00:00Z,2025-08-23T20:00:00+0200,100.4758
2025-08-23T19:00:00Z,2025-08-23T21:00:00+0200,98.6217
2025-08-23T20:00:00Z,2025-08-23T22:00:00+0200,93.6333
2025-08-23T21:00:00Z,2025-08-23T23:00:00+0200,87.3867
2025-08-23T22:00:00Z,2025-08-24T00:00:00+0200,86.2185
2025-08-23T23:00:00Z,2025-08-24T01:00:00+0200,84.1956
2025-08-24T00:00:00Z,2025-08-24T02:00:00+0200,81.6206
2025-08-24T01:00:00Z,2025-08-24T03:00:00+0200,77.367
2025-08-24T02:00:00Z,2025-08-24T04:00:00+0200,76.5175
2025-08-24T03:00:00Z,2025-08-24T05:00:00+0200,76.1194
2025-08-24T04:00:00Z,2025-08-24T06:00:00+0200,77.4621
2025-08-24T05:00:00Z,2025-08-24T07:00:00+0200,70.5
2025-08-24T06:00:00Z,2025-08-24T08:00:00+0200,50.7141
2025-08-24T07:00:00Z,2025-08-24T09:00:00+0200,21.5014
2025-08-24T08:00:00Z,2025-08-24T10:00:00+0200,8.9325
2025-08-24T09:00:00Z,2025-08-24T11:00:00+0200,-0.3847
2025-08-24T10:00:00Z,2025-08-24T12:00:00+0200,-12.0736
2025-08-24T11:00:00Z,2025-08-24T13:00:00+0200,-17.5005
2025-08-24T12:00:00Z,2025-08-24T14:00:00+0200,-15.8901
2025-08-24T13:00:00Z,2025-08-24T15:00:00+0200,-11.1855
2025-08-24T14:00:00Z,2025-08-24T16:00:00+0200,-5.6154
2025-08-24T15:00:00Z,2025-08-24T17:00:00+0200,31.9051
2025-08-24T16:00:00Z,2025-08-24T18:00:00+0200,81.0288
2025-08-24T17:00:00Z,2025-08-24T19:00:00+0200,100.8955
2025-08-24T18:00:00Z,2025-08-24T20:00:00+0200,119.3226
2025-08-24T19:00:00Z,2025-08-24T21:00:00+0200,112.6125
2025-08-24T20:00:00Z,2025-08-24T22:00:00+0200,101.0748
2025-08-24T21:00:00Z,2025-08-24T23:00:00+0200,93.2805
2025-08-24T22:00:00Z,2025-08-25T00:00:00+0200,91.83
2025-08-24T23:00:00Z,2025-08-25T01:00:00+0200,86.1121
2025-08-25T00:00:00Z,2025-08-25T02:00:00+0200,85.7736
2025-08-25T01:00:00Z,2025-08-25T03:00:00+0200,83.1567
2025-08-25T02:00:00Z,2025-08-25T04:00:00+0200,83.4796
2025-08-25T03:00:00Z,2025-08-25T05:00:00+0200,89.4439
2025-08-25T04:00:00Z,2025-08-25T06:00:00+0200,119.0569
2025-08-25T05:00:00Z,2025-08-25T07:00:00+0200,125.9483
2025-08-25T06:00:00Z,2025-08-25T08:00:00+0200,110.0744
2025-08-25T07:00:00Z,2025-08-25T09:00:00+0200,89.3962
2025-08-25T08:00:00Z,2025-08-25T10:00:00+0200,64.5731
2025-08-25T09:00:00Z,2025-08-25T11:00:00+0200,40.1804
2025-08-25T10:00:00Z,2025-08-25T12:00:00+0200,17.9556
2025-08-25T11:00:00Z,2025-08-25T13:00:00+0200,10.5695
2025-08-25T12:00:00Z,2025-08-25T14:00:00+0200,13.8871
2025-08-25T13:00:00Z,2025-08-25T15:00:00+0200,30.7827
2025-08-25T14:00:00Z,2025-08-25T16:00:00+0200,56.1434
2025-08-25T15:00:00Z,2025-08-25T17:00:00+0200,79.1775
2025-08-25T16:00:00Z,2025-08-25T18:00:00+0200,116.4197
2025-08-25T17:00:00Z,2025-08-25T19:00:00+0200,171.7288
2025-08-25T18:00:00Z,2025-08-25T20:00:00+0200,212.5686
2025-08-25T19:00:00Z,2025-08-25T21:00:00+0200,144.2819
2025-08-25T20:00:00Z,2025-08-25T22:00:00+0200,120.8757
2025-08-25T21:00:00Z,2025-08-25T23:00:00+0200,109.7255
2025-08-25T22:00:00Z,2025-08-26T00:00:00+0200,107.7177
2025-08-25T23:00:00Z,2025-08-26T01:00:00+0200,98.5409
2025-08-26T00:00:00Z,2025-08-26T02:00:00+0200,94.9777
2025-08-26T01:00:00Z,2025-08-26T03:00:00+0200,91.6594
2025-08-26T02:00:00Z,2025-08-26T04:00:00+0200,91.6508
2025-08-26T03:00:00Z,2025-08-26T05:00:00+0200,102.2343
2025-08-26T04:00:00Z,2025-08-26T06:00:00+0200,133.7203
2025-08-26T05:00:00Z,2025-08-26T07:00:00+0200,135.5419
2025-08-26T06:00:00Z,2025-08-26T08:00:00+0200,106.3998
2025-08-26T07:00:00Z,2025-08-26T09:00:00+0200,85.0559
2025-08-26T08:00:00Z,2025-08-26T10:00:00+0200,54.3381
2025-08-26T09:00:00Z,2025-08-26T11:00:00+0200,27.8521
2025-08-26T10:00:00Z,2025-08-26T12:00:00+0200,5.1249
2025-08-26T11:00:00Z,2025-08-26T13:00:00+0200,2.2922
2025-08-26T12:00:00Z,2025-08-26T14:00:00+0200,12.7485
2025-08-26T13:00:00Z,2025-08-26T15:00:00+0200,36.2052
2025-08-26T14:00:00Z,2025-08-26T16:00:00+0200,61.1854
2025-08-26T15:00:00Z,2025-08-26T17:00:00+0200,90.2474
2025-08-26T16:00:00Z,2025-08-26T18:00:00+0200,118.3446
2025-08-26T17:00:00Z,2025-08-26T19:00:00+0200,171.2558
2025-08-26T18:00:00Z,2025-08-26T20:00:00+0200,168.178
2025-08-26T19:00:00Z,2025-08-26T21:00:00+0200,127.4699
2025-08-26T20:00:00Z,2025-08-26T22:00:00+0200,103.0735
2025-08-26T21:00:00Z,2025-08-26T23:00:00+0200,92.4398
2025-08-26T22:00:00Z,2025-08-27T00:00:00+0200,89.7119
2025-08-26T23:00:00Z,2025-08-27T01:00:00+0200,85.8145
2025-08-27T00:00:00Z,2025-08-27T02:00:00+0200,82.8213
2025-08-27T01:00:00Z,2025-08-27T03:00:00+0200,82.6156
2025-08-27T02:00:00Z,2025-08-27T04:00:00+0200,84.36
2025-08-27T03:00:00Z,2025-08-27T05:00:00+0200,93.435
2025-08-27T04:00:00Z,2025-08-27T06:00:00+0200,115.4258
2025-08-27T05:00:00Z,2025-08-27T07:00:00+0200,121.8831
2025-08-27T06:00:00Z,2025-08-27T08:00:00+0200,111.8702
2025-08-27T07:00:00Z,2025-08-27T09:00:00+0200,92.252
2025-08-27T08:00:00Z,2025-08-27T10:00:00+0200,78.1901
2025-08-27T09:00:00Z,2025-08-27T11:00:00+0200,47.6453
2025-08-27T10:00:00Z,2025-08-27T12:00:00+0200,32.6353
2025-08-27T11:00:00Z,2025-08-27T13:00:00+0200,28.3837
2025-08-27T12:00:00Z,2025-08-27T14:00:00+0200,36.3307
2025-08-27T13:00:00Z,2025-08-27T15:00:00+0200,48.1563
2025-08-27T14:00:00Z,2025-08-27T16:00:00+0200,77.017
2025-08-27T15:00:00Z,2025-08-27T17:00:00+0200,98.7853
2025-08-27T16:00:00Z,2025-08-27T18:00:00+0200,125.2576
2025-08-27T17:00:00Z,2025-08-27T19:00:00+0200,183.0239
2025-08-27T18:00:00Z,2025-08-27T20:00:00+0200,188.8349
2025-08-27T19:00:00Z,2025-08-27T21:00:00+0200,133.4075
2025-08-27T20:00:00Z,2025-08-27T22:00:00+0200,117.1226
2025-08-27T21:00:00Z,2025-08-27T23:00:00+0200,103.25
2025-08-27T22:00:00Z,2025-08-28T00:00:00+0200,99.5562
2025-08-27T23:00:00Z,2025-08-28T01:00:00+0200,93.5696
2025-08-28T00:00:00Z,2025-08-28T02:00:00+0200,88.1162
2025-08-28T01:00:00Z,2025-08-28T03:00:00+0200,86.7025
2025-08-28T02:00:00Z,2025-08-28T04:00:00+0200,90.4615
2025-08-28T03:00:00Z,2025-08-28T05:00:00+0200,101.9693
2025-08-28T04:00:00Z,2025-08-28T06:00:00+0200,117.4247
2025-08-28T05:00:00Z,2025-08-28T07:00:00+0200,127.8515
2025-08-28T06:00:00Z,2025-08-28T08:00:00+0200,125.5991
2025-08-28T07:00:00Z,2025-08-28T09:00:00+0200,115.1114
2025-08-28T08:00:00Z,2025-08-28T10:00:00+0200,101.5218
2025-08-28T09:00:00Z,2025-08-28T11:00:00+0200,95.5635
2025-08-28T10:00:00Z,2025-08-28T12:00:00+0200,89.2999
2025-08-28T11:00:00Z,2025-08-28T13:00:00+0200,87.2058
2025-08-28T12:00:00Z,2025-08-28T14:00:00+0200,85.979
2025-08-28T13:00:00Z,2025-08-28T15:00:00+0200,93.4756
2025-08-28T14:00:00Z,2025-08-28T16:00:00+0200,100.3635
2025-08-28T15:00:00Z,2025-08-28T17:00:00+0200,114.4379
2025-08-28T16:00:00Z,2025-08-28T18:00:00+0200,141.4636
2025-08-28T17:00:00Z,2025-08-28T19:00:00+0200,180.9615
2025-08-28T18:00:00Z,2025-08-28T20:00:00+0200,171.2553
2025-08-28T19:00:00Z,2025-08-28T21:00:00+0200,128.7352
2025-08-28T20:00:00Z,2025-08-28T22:00:00+0200,115.6805
2025-08-28T21:00:00Z,2025-08-28T23:00:00+0200,102.7937
2025-08-28T22:00:00Z,2025-08-29T00:00:00+0200,99.5397
2025-08-28T23:00:00Z,2025-08-29T01:00:00+0200,93.2691
2025-08-29T00:00:00Z,2025-08-29T02:00:00+0200,91.6685
2025-08-29T01:00:00Z,2025-08-29T03:00:00+0200,88.3545
2025-08-29T02:00:00Z,2025-08-29T04:00:00+0200,89.9195
2025-08-29T03:00:00Z,2025-08-29T05:00:00+0200,96.5439
2025-08-29T04:00:00Z,2025-08-29T06:00:00+0200,119.0586
2025-08-29T05:00:00Z,2025-08-29T07:00:00+0200,131.1994
2025-08-29T06:00:00Z,2025-08-29T08:00:00+0200,131.4079
2025-08-29T07:00:00Z,2025-08-29T09:00:00+0200,113.4158
2025-08-29T08:00:00Z,2025-08-29T10:00:00+0200,96.9076
2025-08-29T09:00:00Z,2025-08-29T11:00:00+0200,90.5035
2025-08-29T10:00:00Z,2025-08-29T12:00:00+0200,64.815
2025-08-29T11:00:00Z,2025-08-29T13:00:00+0200,52.455
2025-08-29T12:00:00Z,2025-08-29T14:00:00+0200,47.4368
2025-08-29T13:00:00Z,2025-08-29T15:00:00+0200,62.7527
2025-08-29T14:00:00Z,2025-08-29T16:00:00+0200,76.4605
2025-08-29T15:00:00Z,2025-08-29T17:00:00+0200,104.8537
2025-08-29T16:00:00Z,2025-08-29T18:00:00+0200,122.7083
2025-08-29T17:00:00Z,2025-08-29T19:00:00+0200,161.3864
2025-08-29T18:00:00Z,2025-08-29T20:00:00+0200,142.0613
2025-08-29T19:00:00Z,2025-08-29T21:00:00+0200,111.5491
2025-08-29T20:00:00Z,2025-08-29T22:00:00+0200,105.5683
2025-08-29T21:00:00Z,2025-08-29T23:00:00+0200,91.2511
2025-08-29T22:00:00Z,2025-08-30T00:00:00+0200,88.2541
2025-08-29T23:00:00Z,2025-08-30T01:00:00+0200,86.0777
2025-08-30T00:00:00Z,2025-08-30T02:00:00+0200,83.2486
2025-08-30T01:00:00Z,2025-08-30T03:00:00+0200,83.8386
2025-08-30T02:00:00Z,2025-08-30T04:00:00+0200,82.03
2025-08-30T03:00:00Z,2025-08-30T05:00:00+0200,86.1309
2025-08-30T04:00:00Z,2025-08-30T06:00:00+0200,90.3375
2025-08-30T05:00:00Z,2025-08-30T07:00:00+0200,88.5116
2025-08-30T06:00:00Z,2025-08-30T08:00:00+0200,86.6772
2025-08-30T07:00:00Z,2025-08-30T09:00:00+0200,69.0326
2025-08-30T08:00:00Z,2025-08-30T10:00:00+0200,43.2078
2025-08-30T09:00:00Z,2025-08-30T11:00:00+0200,18.131
2025-08-30T10:00:00Z,2025-08-30T12:00:00+0200,8.4776
2025-08-30T11:00:00Z,2025-08-30T13:00:00+0200,4.5225
2025-08-30T12:00:00Z,2025-08-30T14:00:00+0200,5.0683
2025-08-30T13:00:00Z,2025-08-30T15:00:00+0200,6.8562
2025-08-30T14:00:00Z,2025-08-30T16:00:00+0200,27.3913
2025-08-30T15:00:00Z,2025-08-30T17:00:00+0200,74.1811
2025-08-30T16:00:00Z,2025-08-30T18:00:00+0200,109.3823
2025-08-30T17:00:00Z,2025-08-30T19:00:00+0200,133.6978
2025-08-30T18:00:00Z,2025-08-30T20:00:00+0200,132.6217
2025-08-30T19:00:00Z,2025-08-30T21:00:00+0200,116.1158
2025-08-30T20:00:00Z,2025-08-30T22:00:00+0200,108.9343
2025-08-30T21:00:00Z,2025-08-30T23:00:00+0200,96.7302
2025-08-30T22:00:00Z,2025-08-31T00:00:00+0200,93.125
2025-08-30T23:00:00Z,2025-08-31T01:00:00+0200,86.9468
2025-08-31T00:00:00Z,2025-08-31T02:00:00+0200,80.8585
2025-08-31T01:00:00Z,2025-08-31T03:00:00+0200,75.3758
2025-08-31T02:00:00Z,2025-08-31T04:00:00+0200,70.2105
2025-08-31T03:00:00Z,2025-08-31T05:00:00+0200,73.0861
2025-08-31T04:00:00Z,2025-08-31T06:00:00+0200,73.3758
2025-08-31T05:00:00Z,2025-08-31T07:00:00+0200,71.4789
2025-08-31T06:00:00Z,2025-08-31T08:00:00+0200,57.8659
2025-08-31T07:00:00Z,2025-08-31T09:00:00+0200,26.0431
2025-08-31T08:00:00Z,2025-08-31T10:00:00+0200,11.1302
2025-08-31T09:00:00Z,2025-08-31T11:00:00+0200,4.5353
2025-08-31T10:00:00Z,2025-08-31T12:00:00+0200,0.3706
2025-08-31T11:00:00Z,2025-08-31T13:00:00+0200,0.4273
2025-08-31T12:00:00Z,2025-08-31T14:00:00+0200,-5.9727
2025-08-31T13:00:00Z,2025-08-31T15:00:00+0200,4.1209
2025-08-31T14:00:00Z,2025-08-31T16:00:00+0200,27.2838
2025-08-31T15:00:00Z,2025-08-31T17:00:00+0200,78.6854
2025-08-31T16:00:00Z,2025-08-31T18:00:00+0200,107.9332
2025-08-31T17:00:00Z,2025-08-31T19:00:00+0200,132.875
2025-08-31T18:00:00Z,2025-08-31T20:00:00+0200,133.9238
2025-08-31T19:00:00Z,2025-08-31T21:00:00+0200,123.4227
2025-08-31T20:00:00Z,2025-08-31T22:00:00+0200,107.9373
2025-08-31T21:00:00Z,2025-08-31T23:00:00+0200,99.2774
2025-08-31T22:00:00Z,2025-09-01T00:00:00+0200,89.1795
2025-08-31T23:00:00Z,2025-09-01T01:00:00+0200,84.0889
2025-09-01T00:00:00Z,2025-09-01T02:00:00+0200,82.3101
2025-09-01T01:00:00Z,2025-09-01T03:00:00+0200,80.3562
2025-09-01T02:00:00Z,2025-09-01T04:00:00+0200,80.8441
2025-09-01T03:00:00Z,2025-09-01T05:00:00+0200,88.965
2025-09-01T04:00:00Z,2025-09-01T06:00:00+0200,107.1604
2025-09-01T05:00:00Z,2025-09-01T07:00:00+0200,131.5881
2025-09-01T06:00:00Z,2025-09-01T08:00:00+0200,120.3773
2025-09-01T07:00:00Z,2025-09-01T09:00:00+0200,106.1879
2025-09-01T08:00:00Z,2025-09-01T10:00:00+0200,88.3115
2025-09-01T09:00:00Z,2025-09-01T11:00:00+0200,79.4049
2025-09-01T10:00:00Z,2025-09-01T12:00:00+0200,78.1236
2025-09-01T11:00:00Z,2025-09-01T13:00:00+0200,75.2835
2025-09-01T12:00:00Z,2025-09-01T14:00:00+0200,74.755
2025-09-01T13:00:00Z,2025-09-01T15:00:00+0200,82.0902
2025-09-01T14:00:00Z,2025-09-01T16:00:00+0200,87.6667
2025-09-01T15:00:00Z,2025-09-01T17:00:00+0200,104.4458
2025-09-01T16:00:00Z,2025-09-01T18:00:00+0200,141.8714
2025-09-01T17:00:00Z,2025-09-01T19:00:00+0200,206.6298
2025-09-01T18:00:00Z,2025-09-01T20:00:00+0200,222.0149
2025-09-01T19:00:00Z,2025-09-01T21:00:00+0200,137.2959
2025-09-01T20:00:00Z,2025-09-01T22:00:00+0200,119.4285
2025-09-01T21:00:00Z,2025-09-01T23:00:00+0200,105.5732
2025-09-01T22:00:00Z,2025-09-02T00:00:00+0200,98.2871
2025-09-01T23:00:00Z,2025-09-02T01:00:00+0200,93.6562
2025-09-02T00:00:00Z,2025-09-02T02:00:00+0200,90.5815
2025-09-02T01:00:00Z,2025-09-02T03:00:00+0200,87.5729
2025-09-02T02:00:00Z,2025-09-02T04:00:00+0200,89.6035
2025-09-02T03:00:00Z,2025-09-02T05:00:00+0200,100.2631
2025-09-02T04:00:00Z,2025-09-02T06:00:00+0200,128.4138
2025-09-02T05:00:00Z,2025-09-02T07:00:00+0200,141.9783
2025-09-02T06:00:00Z,2025-09-02T08:00:00+0200,130.812
2025-09-02T07:00:00Z,2025-09-02T09:00:00+0200,112.3809
2025-09-02T08:00:00Z,2025-09-02T10:00:00+0200,97.1692
2025-09-02T09:00:00Z,2025-09-02T11:00:00+0200,86.8594
2025-09-02T10:00:00Z,2025-09-02T12:00:00+0200,83.6637
2025-09-02T11:00:00Z,2025-09-02T13:00:00+0200,82.4472
2025-09-02T12:00:00Z,2025-09-02T14:00:00+0200,77.5383
2025-09-02T13:00:00Z,2025-09-02T15:00:00+0200,75.6543
2025-09-02T14:00:00Z,2025-09-02T16:00:00+0200,86.4224
2025-09-02T15:00:00Z,2025-09-02T17:00:00+0200,109.1561
2025-09-02T16:00:00Z,2025-09-02T18:00:00+0200,152.6061
2025-09-02T17:00:00Z,2025-09-02T19:00:00+0200,270.8041
2025-09-02T18:00:00Z,2025-09-02T20:00:00+0200,239.3757
2025-09-02T19:00:00Z,2025-09-02T21:00:00+0200,136.6995
2025-09-02T20:00:00Z,2025-09-02T22:00:00+0200,116.0736
2025-09-02T21:00:00Z,2025-09-02T23:00:00+0200,98.1908
2025-09-02T22:00:00Z,2025-09-03T00:00:00+0200,92.1634
2025-09-02T23:00:00Z,2025-09-03T01:00:00+0200,84.6679
2025-09-03T00:00:00Z,2025-09-03T02:00:00+0200,80.5582
2025-09-03T01:00:00Z,2025-09-03T03:00:00+0200,72.3578
2025-09-03T02:00:00Z,2025-09-03T04:00:00+0200,70.4377
2025-09-03T03:00:00Z,2025-09-03T05:00:00+0200,75.0503
2025-09-03T04:00:00Z,2025-09-03T06:00:00+0200,95.4121
2025-09-03T05:00:00Z,2025-09-03T07:00:00+0200,101.3112
2025-09-03T06:00:00Z,2025-09-03T08:00:00+0200,99.015
2025-09-03T07:00:00Z,2025-09-03T09:00:00+0200,75.0427
2025-09-03T08:00:00Z,2025-09-03T10:00:00+0200,22.2303
2025-09-03T09:00:00Z,2025-09-03T11:00:00+0200,-4.2935
2025-09-03T10:00:00Z,2025-09-03T12:00:00+0200,-8.4218
2025-09-03T11:00:00Z,2025-09-03T13:00:00+0200,-14.0257
2025-09-03T12:00:00Z,2025-09-03T14:00:00+0200,-24.1682
2025-09-03T13:00:00Z,2025-09-03T15:00:00+0200,-6.2937
2025-09-03T14:00:00Z,2025-09-03T16:00:00+0200,5.3397
2025-09-03T15:00:00Z,2025-09-03T17:00:00+0200,47.1866
2025-09-03T16:00:00Z,2025-09-03T18:00:00+0200,90.684
2025-09-03T17:00:00Z,2025-09-03T19:00:00+0200,156.3808
2025-09-03T18:00:00Z,2025-09-03T20:00:00+0200,129.9538
2025-09-03T19:00:00Z,2025-09-03T21:00:00+0200,85.9068
2025-09-03T20:00:00Z,2025-09-03T22:00:00+0200,69.5334
2025-09-03T21:00:00Z,2025-09-03T23:00:00+0200,48.7288
2025-09-03T22:00:00Z,2025-09-04T00:00:00+0200,30.9292
2025-09-03T23:00:00Z,2025-09-04T01:00:00+0200,25.5956
2025-09-04T00:00:00Z,2025-09-04T02:00:00+0200,23.0197
2025-09-04T01:00:00Z,2025-09-04T03:00:00+0200,25.1677
2025-09-04T02:00:00Z,2025-09-04T04:00:00+0200,40.2461
2025-09-04T03:00:00Z,2025-09-04T05:00:00+0200,61.881
2025-09-04T04:00:00Z,2025-09-04T06:00:00+0200,84.5213
2025-09-04T05:00:00Z,2025-09-04T07:00:00+0200,109.0683
2025-09-04T06:00:00Z,2025-09-04T08:00:00+0200,112.4039
2025-09-04T07:00:00Z,2025-09-04T09:00:00+0200,87.4801
2025-09-04T08:00:00Z,2025-09-04T10:00:00+0200,67.2576
2025-09-04T09:00:00Z,2025-09-04T11:00:00+0200,50.8392
2025-09-04T10:00:00Z,2025-09-04T12:00:00+0200,33.2462
2025-09-04T11:00:00Z,2025-09-04T13:00:00+0200,45.5298
2025-09-04T12:00:00Z,2025-09-04T14:00:00+0200,59.5009
2025-09-04T13:00:00Z,2025-09-04T15:00:00+0200,75.8594
2025-09-04T14:00:00Z,2025-09-04T16:00:00+0200,87.7539
2025-09-04T15:00:00Z,2025-09-04T17:00:00+0200,115.7908
2025-09-04T16:00:00Z,2025-09-04T18:00:00+0200,165.8921
2025-09-04T17:00:00Z,2025-09-04T19:00:00+0200,224.8284
2025-09-04T18:00:00Z,2025-09-04T20:00:00+0200,191.6626
2025-09-04T19:00:00Z,2025-09-04T21:00:00+0200,149.2427
2025-09-04T20:00:00Z,2025-09-04T22:00:00+0200,120.5024
2025-09-04T21:00:00Z,2025-09-04T23:00:00+0200,100.7729
2025-09-04T22:00:00Z,2025-09-05T00:00:00+0200,101.3043
2025-09-04T23:00:00Z,2025-09-05T01:00:00+0200,95.9575
2025-09-05T00:00:00Z,2025-09-05T02:00:00+0200,96.1585
2025-09-05T01:00:00Z,2025-09-05T03:00:00+0200,94.2269
2025-09-05T02:00:00Z,2025-09-05T04:00:00+0200,92.7643
2025-09-05T03:00:00Z,2025-09-05T05:00:00+0200,96.1678
2025-09-05T04:00:00Z,2025-09-05T06:00:00+0200,121.8217
2025-09-05T05:00:00Z,2025-09-05T07:00:00+0200,136.4178
2025-09-05T06:00:00Z,2025-09-05T08:00:00+0200,133.426
2025-09-05T07:00:00Z,2025-09-05T09:00:00+0200,116.9821
2025-09-05T08:00:00Z,2025-09-05T10:00:00+0200,101.4745
2025-09-05T09:00:00Z,2025-09-05T11:00:00+0200,92.7109
2025-09-05T10:00:00Z,2025-09-05T12:00:00+0200,79.6185
2025-09-05T11:00:00Z,2025-09-05T13:00:00+0200,68.1964
2025-09-05T12:00:00Z,2025-09-05T14:00:00+0200,59.6078
2025-09-05T13:00:00Z,2025-09-05T15:00:00+0200,68.1367
2025-09-05T14:00:00Z,2025-09-05T16:00:00+0200,84.4176
2025-09-05T15:00:00Z,2025-09-05T17:00:00+0200,106.6267
2025-09-05T16:00:00Z,2025-09-05T18:00:00+0200,156.7152
2025-09-05T17:00:00Z,2025-09-05T19:00:00+0200,218.9833
2025-09-05T18:00:00Z,2025-09-05T20:00:00+0200,169.5293
2025-09-05T19:00:00Z,2025-09-05T21:00:00+0200,129.2751
2025-09-05T20:00:00Z,2025-09-05T22:00:00+0200,116.8404
2025-09-05T21:00:00Z,2025-09-05T23:00:00+0200,107.9358
2025-09-05T22:00:00Z,2025-09-06T00:00:00+0200,115.2308
2025-09-05T23:00:00Z,2025-09-06T01:00:00+0200,106.7938
2025-09-06T00:00:00Z,2025-09-06T02:00:00+0200,105.1821
2025-09-06T01:00:00Z,2025-09-06T03:00:00+0200,103.3434
2025-09-06T02:00:00Z,2025-09-06T04:00:00+0200,100.3801
2025-09-06T03:00:00Z,2025-09-06T05:00:00+0200,99.8994
2025-09-06T04:00:00Z,2025-09-06T06:00:00+0200,105.5232
2025-09-06T05:00:00Z,2025-09-06T07:00:00+0200,107.0966
2025-09-06T06:00:00Z,2025-09-06T08:00:00+0200,97.3932
2025-09-06T07:00:00Z,2025-09-06T09:00:00+0200,78.7564
2025-09-06T08:00:00Z,2025-09-06T10:00:00+0200,40.9726
2025-09-06T09:00:00Z,2025-09-06T11:00:00+0200,16.9886
2025-09-06T10:00:00Z,2025-09-06T12:00:00+0200,0.3247
2025-09-06T11:00:00Z,2025-09-06T13:00:00+0200,-16.3013
2025-09-06T12:00:00Z,2025-09-06T14:00:00+0200,0.2412
2025-09-06T13:00:00Z,2025-09-06T15:00:00+0200,8.8924
2025-09-06T14:00:00Z,2025-09-06T16:00:00+0200,40.0367
2025-09-06T15:00:00Z,2025-09-06T17:00:00+0200,84.5833
2025-09-06T16:00:00Z,2025-09-06T18:00:00+0200,125.1016
2025-09-06T17:00:00Z,2025-09-06T19:00:00+0200,150.5224
2025-09-06T18:00:00Z,2025-09-06T20:00:00+0200,146.8828
2025-09-06T19:00:00Z,2025-09-06T21:00:00+0200,117.5509
2025-09-06T20:00:00Z,2025-09-06T22:00:00+0200,105.7974
2025-09-06T21:00:00Z,2025-09-06T23:00:00+0200,95.1582
2025-09-06T22:00:00Z,2025-09-07T00:00:00+0200,94.0668
2025-09-06T23:00:00Z,2025-09-07T01:00:00+0200,86.103
2025-09-07T00:00:00Z,2025-09-07T02:00:00+0200,80.8891
2025-09-07T01:00:00Z,2025-09-07T03:00:00+0200,76.4779
2025-09-07T02:00:00Z,2025-09-07T04:00:00+0200,75.1148
2025-09-07T03:00:00Z,2025-09-07T05:00:00+0200,76.3288
2025-09-07T04:00:00Z,2025-09-07T06:00:00+0200,76.3228
2025-09-07T05:00:00Z,2025-09-07T07:00:00+0200,66.357
2025-09-07T06:00:00Z,2025-09-07T08:00:00+0200,50.199
2025-09-07T07:00:00Z,2025-09-07T09:00:00+0200,26.3949
2025-09-07T08:00:00Z,2025-09-07T10:00:00+0200,9.9516
2025-09-07T09:00:00Z,2025-09-07T11:00:00+0200,-20.7278
2025-09-07T10:00:00Z,2025-09-07T12:00:00+0200,-38.7597
2025-09-07T11:00:00Z,2025-09-07T13:00:00+0200,-54.9996
2025-09-07T12:00:00Z,2025-09-07T14:00:00+0200,-54.0258
2025-09-07T13:00:00Z,2025-09-07T15:00:00+0200,-23.527
2025-09-07T14:00:00Z,2025-09-07T16:00:00+0200,-1.1975
2025-09-07T15:00:00Z,2025-09-07T17:00:00+0200,38.8493
2025-09-07T16:00:00Z,2025-09-07T18:00:00+0200,94.5389
2025-09-07T17:00:00Z,2025-09-07T19:00:00+0200,115.0391
2025-09-07T18:00:00Z,2025-09-07T20:00:00+0200,103.8147
2025-09-07T19:00:00Z,2025-09-07T21:00:00+0200,89.3558
2025-09-07T20:00:00Z,2025-09-07T22:00:00+0200,85.0277
2025-09-07T21:00:00Z,2025-09-07T23:00:00+0200,74.2171
2025-09-07T22:00:00Z,2025-09-08T00:00:00+0200,65.3784
2025-09-07T23:00:00Z,2025-09-08T01:00:00+0200,63.8225
2025-09-08T00:00:00Z,2025-09-08T02:00:00+0200,68.6146
2025-09-08T01:00:00Z,2025-09-08T03:00:00+0200,68.6386
2025-09-08T02:00:00Z,2025-09-08T04:00:00+0200,75.192
2025-09-08T03:00:00Z,2025-09-08T05:00:00+0200,86.8234
2025-09-08T04:00:00Z,2025-09-08T06:00:00+0200,125.3668
2025-09-08T05:00:00Z,2025-09-08T07:00:00+0200,149.6507
2025-09-08T06:00:00Z,2025-09-08T08:00:00+0200,128.7499
2025-09-08T07:00:00Z,2025-09-08T09:00:00+0200,105.5835
2025-09-08T08:00:00Z,2025-09-08T10:00:00+0200,90.2505
2025-09-08T09:00:00Z,2025-09-08T11:00:00+0200,78.6044
2025-09-08T10:00:00Z,2025-09-08T12:00:00+0200,72.617
2025-09-08T11:00:00Z,2025-09-08T13:00:00+0200,77.0981
2025-09-08T12:00:00Z,2025-09-08T14:00:00+0200,73.889
2025-09-08T13:00:00Z,2025-09-08T15:00:00+0200,88.7718
2025-09-08T14:00:00Z,2025-09-08T16:00:00+0200,94.9169
2025-09-08T15:00:00Z,2025-09-08T17:00:00+0200,128.1804
2025-09-08T16:00:00Z,2025-09-08T18:00:00+0200,168.2132
2025-09-08T17:00:00Z,2025-09-08T19:00:00+0200,255.1061
2025-09-08T18:00:00Z,2025-09-08T20:00:00+0200,234.056
2025-09-08T19:00:00Z,2025-09-08T21:00:00+0200,148.4815
2025-09-08T20:00:00Z,2025-09-08T22:00:00+0200,120.4441
2025-09-08T21:00:00Z,2025-09-08T23:00:00+0200,103.1419
2025-09-08T22:00:00Z,2025-09-09T00:00:00+0200,104.6978
2025-09-08T23:00:00Z,2025-09-09T01:00:00+0200,97.5338
2025-09-09T00:00:00Z,2025-09-09T02:00:00+0200,95.6755
2025-09-09T01:00:00Z,2025-09-09T03:00:00+0200,94.9433
2025-09-09T02:00:00Z,2025-09-09T04:00:00+0200,94.3219
2025-09-09T03:00:00Z,2025-09-09T05:00:00+0200,105.8734
2025-09-09T04:00:00Z,2025-09-09T06:00:00+0200,148.2
2025-09-09T05:00:00Z,2025-09-09T07:00:00+0200,173.7057
2025-09-09T06:00:00Z,2025-09-09T08:00:00+0200,157.6903
2025-09-09T07:00:00Z,2025-09-09T09:00:00+0200,125.207
2025-09-09T08:00:00Z,2025-09-09T10:00:00+0200,110.4263
2025-09-09T09:00:00Z,2025-09-09T11:00:00+0200,100.8933
2025-09-09T10:00:00Z,2025-09-09T12:00:00+0200,94.4608
2025-09-09T11:00:00Z,2025-09-09T13:00:00+0200,97.0228
2025-09-09T12:00:00Z,2025-09-09T14:00:00+0200,95.4879
2025-09-09T13:00:00Z,2025-09-09T15:00:00+0200,97.4899
2025-09-09T14:00:00Z,2025-09-09T16:00:00+0200,106.5537
2025-09-09T15:00:00Z,2025-09-09T17:00:00+0200,125.6782
2025-09-09T16:00:00Z,2025-09-09T18:00:00+0200,183.1403
2025-09-09T17:00:00Z,2025-09-09T19:00:00+0200,288.6617
2025-09-09T18:00:00Z,2025-09-09T20:00:00+0200,244.6116
2025-09-09T19:00:00Z,2025-09-09T21:00:00+0200,161.7666
2025-09-09T20:00:00Z,2025-09-09T22:00:00+0200,130.1735
2025-09-09T21:00:00Z,2025-09-09T23:00:00+0200,115.9176
2025-09-09T22:00:00Z,2025-09-10T00:00:00+0200,106.3495
2025-09-09T23:00:00Z,2025-09-10T01:00:00+0200,105.2434
2025-09-10T00:00:00Z,2025-09-10T02:00:00+0200,103.3763
2025-09-10T01:00:00Z,2025-09-10T03:00:00+0200,102.3365
2025-09-10T02:00:00Z,2025-09-10T04:00:00+0200,102.6348
2025-09-10T03:00:00Z,2025-09-10T05:00:00+0200,116.8118
2025-09-10T04:00:00Z,2025-09-10T06:00:00+0200,183.2846
2025-09-10T05:00:00Z,2025-09-10T07:00:00+0200,234.4518
2025-09-10T06:00:00Z,2025-09-10T08:00:00+0200,204.2337
2025-09-10T07:00:00Z,2025-09-10T09:00:00+0200,143.161
2025-09-10T08:00:00Z,2025-09-10T10:00:00+0200,119.0314
2025-09-10T09:00:00Z,2025-09-10T11:00:00+0200,106.6506
2025-09-10T10:00:00Z,2025-09-10T12:00:00+0200,100.9926
2025-09-10T11:00:00Z,2025-09-10T13:00:00+0200,97.1372
2025-09-10T12:00:00Z,2025-09-10T14:00:00+0200,95.0493
2025-09-10T13:00:00Z,2025-09-10T15:00:00+0200,100.3082
2025-09-10T14:00:00Z,2025-09-10T16:00:00+0200,108.7015
2025-09-10T15:00:00Z,2025-09-10T17:00:00+0200,131.5301
2025-09-10T16:00:00Z,2025-09-10T18:00:00+0200,214.9944
2025-09-10T17:00:00Z,2025-09-10T19:00:00+0200,307.6768
2025-09-10T18:00:00Z,2025-09-10T20:00:00+0200,225.3951
2025-09-10T19:00:00Z,2025-09-10T21:00:00+0200,158.9964
2025-09-10T20:00:00Z,2025-09-10T22:00:00+0200,117.6467
2025-09-10T21:00:00Z,2025-09-10T23:00:00+0200,106.9627
2025-09-10T22:00:00Z,2025-09-11T00:00:00+0200,107.2573
2025-09-10T23:00:00Z,2025-09-11T01:00:00+0200,101.6495
2025-09-11T00:00:00Z,2025-09-11T02:00:00+0200,96.3749
2025-09-11T01:00:00Z,2025-09-11T03:00:00+0200,90.0159
2025-09-11T02:00:00Z,2025-09-11T04:00:00+0200,86.8559
2025-09-11T03:00:00Z,2025-09-11T05:00:00+0200,88.2542
2025-09-11T04:00:00Z,2025-09-11T06:00:00+0200,116.1794
2025-09-11T05:00:00Z,2025-09-11T07:00:00+0200,150.4594
2025-09-11T06:00:00Z,2025-09-11T08:00:00+0200,129.5022
2025-09-11T07:00:00Z,2025-09-11T09:00:00+0200,98.4991
2025-09-11T08:00:00Z,2025-09-11T10:00:00+0200,67.6027
2025-09-11T09:00:00Z,2025-09-11T11:00:00+0200,29.4605
2025-09-11T10:00:00Z,2025-09-11T12:00:00+0200,5.3784
2025-09-11T11:00:00Z,2025-09-11T13:00:00+0200,-0.1557
2025-09-11T12:00:00Z,2025-09-11T14:00:00+0200,-10.8898
2025-09-11T13:00:00Z,2025-09-11T15:00:00+0200,-1.4434
2025-09-11T14:00:00Z,2025-09-11T16:00:00+0200,18.2429
2025-09-11T15:00:00Z,2025-09-11T17:00:00+0200,82.2224
2025-09-11T16:00:00Z,2025-09-11T18:00:00+0200,111.8554
2025-09-11T17:00:00Z,2025-09-11T19:00:00+0200,178.2015
2025-09-11T18:00:00Z,2025-09-11T20:00:00+0200,133.0326
2025-09-11T19:00:00Z,2025-09-11T21:00:00+0200,107.9101
2025-09-11T20:00:00Z,2025-09-11T22:00:00+0200,94.8946
2025-09-11T21:00:00Z,2025-09-11T23:00:00+0200,81.534
2025-09-11T22:00:00Z,2025-09-12T00:00:00+0200,62.6765
2025-09-11T23:00:00Z,2025-09-12T01:00:00+0200,49.6623
2025-09-12T00:00:00Z,2025-09-12T02:00:00+0200,48.0204
2025-09-12T01:00:00Z,2025-09-12T03:00:00+0200,45.8604
2025-09-12T02:00:00Z,2025-09-12T04:00:00+0200,48.7666
2025-09-12T03:00:00Z,2025-09-12T05:00:00+0200,66.0302
2025-09-12T04:00:00Z,2025-09-12T06:00:00+0200,81.9921
2025-09-12T05:00:00Z,2025-09-12T07:00:00+0200,115.7845
2025-09-12T06:00:00Z,2025-09-12T08:00:00+0200,104.5524
2025-09-12T07:00:00Z,2025-09-12T09:00:00+0200,64.8016
2025-09-12T08:00:00Z,2025-09-12T10:00:00+0200,14.5468
2025-09-12T09:00:00Z,2025-09-12T11:00:00+0200,8.9898
2025-09-12T10:00:00Z,2025-09-12T12:00:00+0200,-14.1684
2025-09-12T11:00:00Z,2025-09-12T13:00:00+0200,-15.4284
2025-09-12T12:00:00Z,2025-09-12T14:00:00+0200,0.2431
2025-09-12T13:00:00Z,2025-09-12T15:00:00+0200,-3.564
2025-09-12T14:00:00Z,2025-09-12T16:00:00+0200,20.0101
2025-09-12T15:00:00Z,2025-09-12T17:00:00+0200,72.6914
2025-09-12T16:00:00Z,2025-09-12T18:00:00+0200,111.4425
2025-09-12T17:00:00Z,2025-09-12T19:00:00+0200,150.1913
2025-09-12T18:00:00Z,2025-09-12T20:00:00+0200,135.9226
2025-09-12T19:00:00Z,2025-09-12T21:00:00+0200,104.6639
2025-09-12T20:00:00Z,2025-09-12T22:00:00+0200,98.4299
2025-09-12T21:00:00Z,2025-09-12T23:00:00+0200,90.7315
2025-09-12T22:00:00Z,2025-09-13T00:00:00+0200,69.6293
2025-09-12T23:00:00Z,2025-09-13T01:00:00+0200,59.6181
2025-09-13T00:00:00Z,2025-09-13T02:00:00+0200,56.9835
2025-09-13T01:00:00Z,2025-09-13T03:00:00+0200,49.8668
2025-09-13T02:00:00Z,2025-09-13T04:00:00+0200,49.1473
2025-09-13T03:00:00Z,2025-09-13T05:00:00+0200,52.288
2025-09-13T04:00:00Z,2025-09-13T06:00:00+0200,68.4953
2025-09-13T05:00:00Z,2025-09-13T07:00:00+0200,67.9959
2025-09-13T06:00:00Z,2025-09-13T08:00:00+0200,67.6764
2025-09-13T07:00:00Z,2025-09-13T09:00:00+0200,59.3454
2025-09-13T08:00:00Z,2025-09-13T10:00:00+0200,33.5091
2025-09-13T09:00:00Z,2025-09-13T11:00:00+0200,12.7778
2025-09-13T10:00:00Z,2025-09-13T12:00:00+0200,2.0275
2025-09-13T11:00:00Z,2025-09-13T13:00:00+0200,-14.4395
2025-09-13T12:00:00Z,2025-09-13T14:00:00+0200,-13.4453
2025-09-13T13:00:00Z,2025-09-13T15:00:00+0200,1.4157
2025-09-13T14:00:00Z,2025-09-13T16:00:00+0200,5.3746
2025-09-13T15:00:00Z,2025-09-13T17:00:00+0200,62.3845
2025-09-13T16:00:00Z,2025-09-13T18:00:00+0200,100.292
2025-09-13T17:00:00Z,2025-09-13T19:00:00+0200,133.8323
2025-09-13T18:00:00Z,2025-09-13T20:00:00+0200,118.8303
2025-09-13T19:00:00Z,2025-09-13T21:00:00+0200,108.7738
2025-09-13T20:00:00Z,2025-09-13T22:00:00+0200,96.0603
2025-09-13T21:00:00Z,2025-09-13T23:00:00+0200,91.4399
2025-09-13T22:00:00Z,2025-09-14T00:00:00+0200,82.1482
2025-09-13T23:00:00Z,2025-09-14T01:00:00+0200,87.6898
2025-09-14T00:00:00Z,2025-09-14T02:00:00+0200,85.9158
2025-09-14T01:00:00Z,2025-09-14T03:00:00+0200,86.6712
2025-09-14T02:00:00Z,2025-09-14T04:00:00+0200,89.6488
2025-09-14T03:00:00Z,2025-09-14T05:00:00+0200,94.1602
2025-09-14T04:00:00Z,2025-09-14T06:00:00+0200,93.7757
2025-09-14T05:00:00Z,2025-09-14T07:00:00+0200,95.2566
2025-09-14T06:00:00Z,2025-09-14T08:00:00+0200,87.5698
2025-09-14T07:00:00Z,2025-09-14T09:00:00+0200,75.9978
2025-09-14T08:00:00Z,2025-09-14T10:00:00+0200,55.0962
2025-09-14T09:00:00Z,2025-09-14T11:00:00+0200,26.5551
2025-09-14T10:00:00Z,2025-09-14T12:00:00+0200,21.0939
2025-09-14T11:00:00Z,2025-09-14T13:00:00+0200,6.3393
2025-09-14T12:00:00Z,2025-09-14T14:00:00+0200,0.8498
2025-09-14T13:00:00Z,2025-09-14T15:00:00+0200,1.4226
2025-09-14T14:00:00Z,2025-09-14T16:00:00+0200,14.4933
2025-09-14T15:00:00Z,2025-09-14T17:00:00+0200,75.3215
2025-09-14T16:00:00Z,2025-09-14T18:00:00+0200,114.0655
2025-09-14T17:00:00Z,2025-09-14T19:00:00+0200,144.4754
2025-09-14T18:00:00Z,2025-09-14T20:00:00+0200,136.0992
2025-09-14T19:00:00Z,2025-09-14T21:00:00+0200,113.0646
2025-09-14T20:00:00Z,2025-09-14T22:00:00+0200,100.5691
2025-09-14T21:00:00Z,2025-09-14T23:00:00+0200,81.6751
2025-09-14T22:00:00Z,2025-09-15T00:00:00+0200,34.7652
2025-09-14T23:00:00Z,2025-09-15T01:00:00+0200,13.3143
2025-09-15T00:00:00Z,2025-09-15T02:00:00+0200,2.5374
2025-09-15T01:00:00Z,2025-09-15T03:00:00+0200,-0.9907
2025-09-15T02:00:00Z,2025-09-15T04:00:00+0200,-4.1951
2025-09-15T03:00:00Z,2025-09-15T05:00:00+0200,1.9669
2025-09-15T04:00:00Z,2025-09-15T06:00:00+0200,21.3389
2025-09-15T05:00:00Z,2025-09-15T07:00:00+0200,57.5298
2025-09-15T06:00:00Z,2025-09-15T08:00:00+0200,53.2304
2025-09-15T07:00:00Z,2025-09-15T09:00:00+0200,13.2798
2025-09-15T08:00:00Z,2025-09-15T10:00:00+0200,0.7048
2025-09-15T09:00:00Z,2025-09-15T11:00:00+0200,-7.0094
2025-09-15T10:00:00Z,2025-09-15T12:00:00+0200,-8.5074
2025-09-15T11:00:00Z,2025-09-15T13:00:00+0200,-14.0834
2025-09-15T12:00:00Z,2025-09-15T14:00:00+0200,-15.73
2025-09-15T13:00:00Z,2025-09-15T15:00:00+0200,-19.0154
2025-09-15T14:00:00Z,2025-09-15T16:00:00+0200,-3.35
2025-09-15T15:00:00Z,2025-09-15T17:00:00+0200,10.254
2025-09-15T16:00:00Z,2025-09-15T18:00:00+0200,47.405
2025-09-15T17:00:00Z,2025-09-15T19:00:00+0200,75.3319
2025-09-15T18:00:00Z,2025-09-15T20:00:00+0200,76.0685
2025-09-15T19:00:00Z,2025-09-15T21:00:00+0200,37.0946
2025-09-15T20:00:00Z,2025-09-15T22:00:00+0200,21.846
2025-09-15T21:00:00Z,2025-09-15T23:00:00+0200,5.7956
2025-09-15T22:00:00Z,2025-09-16T00:00:00+0200,0.0198
2025-09-15T23:00:00Z,2025-09-16T01:00:00+0200,-3.5793
2025-09-16T00:00:00Z,2025-09-16T02:00:00+0200,-7.7419
2025-09-16T01:00:00Z,2025-09-16T03:00:00+0200,-11.9818
2025-09-16T02:00:00Z,2025-09-16T04:00:00+0200,-13.6861
2025-09-16T03:00:00Z,2025-09-16T05:00:00+0200,-4.9272
2025-09-16T04:00:00Z,2025-09-16T06:00:00+0200,-0.5487
2025-09-16T05:00:00Z,2025-09-16T07:00:00+0200,30.226
2025-09-16T06:00:00Z,2025-09-16T08:00:00+0200,22.6953
2025-09-16T07:00:00Z,2025-09-16T09:00:00+0200,-4.9485
2025-09-16T08:00:00Z,2025-09-16T10:00:00+0200,10.6103
2025-09-16T09:00:00Z,2025-09-16T11:00:00+0200,-0.7364
2025-09-16T10:00:00Z,2025-09-16T12:00:00+0200,-1.7909
2025-09-16T11:00:00Z,2025-09-16T13:00:00+0200,-7.5839
2025-09-16T12:00:00Z,2025-09-16T14:00:00+0200,-14.8463
2025-09-16T13:00:00Z,2025-09-16T15:00:00+0200,0.2983
2025-09-16T14:00:00Z,2025-09-16T16:00:00+0200,-9.9542
2025-09-16T15:00:00Z,2025-09-16T17:00:00+0200,12.781
2025-09-16T16:00:00Z,2025-09-16T18:00:00+0200,38.0873
2025-09-16T17:00:00Z,2025-09-16T19:00:00+0200,62.7085
2025-09-16T18:00:00Z,2025-09-16T20:00:00+0200,73.0987
2025-09-16T19:00:00Z,2025-09-16T21:00:00+0200,60.5145
2025-09-16T20:00:00Z,2025-09-16T22:00:00+0200,45.4041
2025-09-16T21:00:00Z,2025-09-16T23:00:00+0200,28.902
2025-09-16T22:00:00Z,2025-09-17T00:00:00+0200,24.2923
2025-09-16T23:00:00Z,2025-09-17T01:00:00+0200,20.3745
2025-09-17T00:00:00Z,2025-09-17T02:00:00+0200,17.5301
2025-09-17T01:00:00Z,2025-09-17T03:00:00+0200,16.7944
2025-09-17T02:00:00Z,2025-09-17T04:00:00+0200,19.9722
2025-09-17T03:00:00Z,2025-09-17T05:00:00+0200,39.2821
2025-09-17T04:00:00Z,2025-09-17T06:00:00+0200,67.1868
2025-09-17T05:00:00Z,2025-09-17T07:00:00+0200,86.2502
2025-09-17T06:00:00Z,2025-09-17T08:00:00+0200,80.5171
2025-09-17T07:00:00Z,2025-09-17T09:00:00+0200,53.6319
2025-09-17T08:00:00Z,2025-09-17T10:00:00+0200,33.5537
2025-09-17T09:00:00Z,2025-09-17T11:00:00+0200,18.0519
2025-09-17T10:00:00Z,2025-09-17T12:00:00+0200,6.5392
2025-09-17T11:00:00Z,2025-09-17T13:00:00+0200,1.755
2025-09-17T12:00:00Z,2025-09-17T14:00:00+0200,-0.0493
2025-09-17T13:00:00Z,2025-09-17T15:00:00+0200,13.7772
2025-09-17T14:00:00Z,2025-09-17T16:00:00+0200,44.8269
2025-09-17T15:00:00Z,2025-09-17T17:00:00+0200,78.7025
2025-09-17T16:00:00Z,2025-09-17T18:00:00+0200,108.5451
2025-09-17T17:00:00Z,2025-09-17T19:00:00+0200,129.7134
2025-09-17T18:00:00Z,2025-09-17T20:00:00+0200,106.2044
2025-09-17T19:00:00Z,2025-09-17T21:00:00+0200,92.4835
2025-09-17T20:00:00Z,2025-09-17T22:00:00+0200,76.6454
2025-09-17T21:00:00Z,2025-09-17T23:00:00+0200,63.8433
2025-09-17T22:00:00Z,2025-09-18T00:00:00+0200,60.308
2025-09-17T23:00:00Z,2025-09-18T01:00:00+0200,52.9203
2025-09-18T00:00:00Z,2025-09-18T02:00:00+0200,46.8745
2025-09-18T01:00:00Z,2025-09-18T03:00:00+0200,45.3717
2025-09-18T02:00:00Z,2025-09-18T04:00:00+0200,47.4967
2025-09-18T03:00:00Z,2025-09-18T05:00:00+0200,60.1656
2025-09-18T04:00:00Z,2025-09-18T06:00:00+0200,79.3166
2025-09-18T05:00:00Z,2025-09-18T07:00:00+0200,94.7902
2025-09-18T06:00:00Z,2025-09-18T08:00:00+0200,86.7611
2025-09-18T07:00:00Z,2025-09-18T09:00:00+0200,56.4185
2025-09-18T08:00:00Z,2025-09-18T10:00:00+0200,25.8703
2025-09-18T09:00:00Z,2025-09-18T11:00:00+0200,-2.4859
2025-09-18T10:00:00Z,2025-09-18T12:00:00+0200,-1.5141
2025-09-18T11:00:00Z,2025-09-18T13:00:00+0200,-4.5494
2025-09-18T12:00:00Z,2025-09-18T14:00:00+0200,-13.004
2025-09-18T13:00:00Z,2025-09-18T15:00:00+0200,-11.4831
2025-09-18T14:00:00Z,2025-09-18T16:00:00+0200,5.4367
2025-09-18T15:00:00Z,2025-09-18T17:00:00+0200,61.7644
2025-09-18T16:00:00Z,2025-09-18T18:00:00+0200,90.8052
2025-09-18T17:00:00Z,2025-09-18T19:00:00+0200,115.1527
2025-09-18T18:00:00Z,2025-09-18T20:00:00+0200,101.6695
2025-09-18T19:00:00Z,2025-09-18T21:00:00+0200,91.3081
2025-09-18T20:00:00Z,2025-09-18T22:00:00+0200,76.5737
2025-09-18T21:00:00Z,2025-09-18T23:00:00+0200,65.845
2025-09-18T22:00:00Z,2025-09-19T00:00:00+0200,45.2489
2025-09-18T23:00:00Z,2025-09-19T01:00:00+0200,38.5363
2025-09-19T00:00:00Z,2025-09-19T02:00:00+0200,37.6141
2025-09-19T01:00:00Z,2025-09-19T03:00:00+0200,41.5369
2025-09-19T02:00:00Z,2025-09-19T04:00:00+0200,49.3935
2025-09-19T03:00:00Z,2025-09-19T05:00:00+0200,72.9847
2025-09-19T04:00:00Z,2025-09-19T06:00:00+0200,99.9596
2025-09-19T05:00:00Z,2025-09-19T07:00:00+0200,117.9774
2025-09-19T06:00:00Z,2025-09-19T08:00:00+0200,109.1966
2025-09-19T07:00:00Z,2025-09-19T09:00:00+0200,84.9792
2025-09-19T08:00:00Z,2025-09-19T10:00:00+0200,53.7244
2025-09-19T09:00:00Z,2025-09-19T11:00:00+0200,19.5409
2025-09-19T10:00:00Z,2025-09-19T12:00:00+0200,9.8235
2025-09-19T11:00:00Z,2025-09-19T13:00:00+0200,3.8605
2025-09-19T12:00:00Z,2025-09-19T14:00:00+0200,-0.0867
2025-09-19T13:00:00Z,2025-09-19T15:00:00+0200,13.3381
2025-09-19T14:00:00Z,2025-09-19T16:00:00+0200,59.3982
2025-09-19T15:00:00Z,2025-09-19T17:00:00+0200,95.8092
2025-09-19T16:00:00Z,2025-09-19T18:00:00+0200,134.6471
2025-09-19T17:00:00Z,2025-09-19T19:00:00+0200,170.289
2025-09-19T18:00:00Z,2025-09-19T20:00:00+0200,135.5274
2025-09-19T19:00:00Z,2025-09-19T21:00:00+0200,108.8802
2025-09-19T20:00:00Z,2025-09-19T22:00:00+0200,98.6931
2025-09-19T21:00:00Z,2025-09-19T23:00:00+0200,79.9121
2025-09-19T22:00:00Z,2025-09-20T00:00:00+0200,60.1186
2025-09-19T23:00:00Z,2025-09-20T01:00:00+0200,45.3659
2025-09-20T00:00:00Z,2025-09-20T02:00:00+0200,41.3674
2025-09-20T01:00:00Z,2025-09-20T03:00:00+0200,37.8863
2025-09-20T02:00:00Z,2025-09-20T04:00:00+0200,37.3076
2025-09-20T03:00:00Z,2025-09-20T05:00:00+0200,40.9619
2025-09-20T04:00:00Z,2025-09-20T06:00:00+0200,56.4414
2025-09-20T05:00:00Z,2025-09-20T07:00:00+0200,65.9466
2025-09-20T06:00:00Z,2025-09-20T08:00:00+0200,55.245
2025-09-20T07:00:00Z,2025-09-20T09:00:00+0200,30.6045
2025-09-20T08:00:00Z,2025-09-20T10:00:00+0200,3.6645
2025-09-20T09:00:00Z,2025-09-20T11:00:00+0200,-3.8436
2025-09-20T10:00:00Z,2025-09-20T12:00:00+0200,-18.307
2025-09-20T11:00:00Z,2025-09-20T13:00:00+0200,-33.7378
2025-09-20T12:00:00Z,2025-09-20T14:00:00+0200,-29.3205
2025-09-20T13:00:00Z,2025-09-20T15:00:00+0200,-8.4882
2025-09-20T14:00:00Z,2025-09-20T16:00:00+0200,13.283
2025-09-20T15:00:00Z,2025-09-20T17:00:00+0200,71.1002
2025-09-20T16:00:00Z,2025-09-20T18:00:00+0200,125.9068
2025-09-20T17:00:00Z,2025-09-20T19:00:00+0200,167.3954
2025-09-20T18:00:00Z,2025-09-20T20:00:00+0200,91.5229
2025-09-20T19:00:00Z,2025-09-20T21:00:00+0200,88.9938
2025-09-20T20:00:00Z,2025-09-20T22:00:00+0200,78.779
2025-09-20T21:00:00Z,2025-09-20T23:00:00+0200,67.3841
2025-09-20T22:00:00Z,2025-09-21T00:00:00+0200,52.0271
2025-09-20T23:00:00Z,2025-09-21T01:00:00+0200,40.602
2025-09-21T00:00:00Z,2025-09-21T02:00:00+0200,31.5534
2025-09-21T01:00:00Z,2025-09-21T03:00:00+0200,22.6015
2025-09-21T02:00:00Z,2025-09-21T04:00:00+0200,20.9991
2025-09-21T03:00:00Z,2025-09-21T05:00:00+0200,23.6817
2025-09-21T04:00:00Z,2025-09-21T06:00:00+0200,31.2743
2025-09-21T05:00:00Z,2025-09-21T07:00:00+0200,37.43
2025-09-21T06:00:00Z,2025-09-21T08:00:00+0200,29.3299
2025-09-21T07:00:00Z,2025-09-21T09:00:00+0200,15.319
2025-09-21T08:00:00Z,2025-09-21T10:00:00+0200,-0.3597
2025-09-21T09:00:00Z,2025-09-21T11:00:00+0200,0.1092
2025-09-21T10:00:00Z,2025-09-21T12:00:00+0200,-5.248
2025-09-21T11:00:00Z,2025-09-21T13:00:00+0200,-11.5699
2025-09-21T12:00:00Z,2025-09-21T14:00:00+0200,-7.4968
2025-09-21T13:00:00Z,2025-09-21T15:00:00+0200,-0.3742
2025-09-21T14:00:00Z,2025-09-21T16:00:00+0200,16.5134
2025-09-21T15:00:00Z,2025-09-21T17:00:00+0200,69.0129
2025-09-21T16:00:00Z,2025-09-21T18:00:00+0200,107.6186
2025-09-21T17:00:00Z,2025-09-21T19:00:00+0200,135.093
2025-09-21T18:00:00Z,2025-09-21T20:00:00+0200,113.0408
2025-09-21T19:00:00Z,2025-09-21T21:00:00+0200,101.4163
2025-09-21T20:00:00Z,2025-09-21T22:00:00+0200,93.6588
2025-09-21T21:00:00Z,2025-09-21T23:00:00+0200,77.1652
2025-09-21T22:00:00Z,2025-09-22T00:00:00+0200,68.6022
2025-09-21T23:00:00Z,2025-09-22T01:00:00+0200,67.4749
2025-09-22T00:00:00Z,2025-09-22T02:00:00+0200,62.0492
2025-09-22T01:00:00Z,2025-09-22T03:00:00+0200,56.9412
2025-09-22T02:00:00Z,2025-09-22T04:00:00+0200,58.0101
2025-09-22T03:00:00Z,2025-09-22T05:00:00+0200,71.5469
2025-09-22T04:00:00Z,2025-09-22T06:00:00+0200,88.7793
2025-09-22T05:00:00Z,2025-09-22T07:00:00+0200,115.3385
2025-09-22T06:00:00Z,2025-09-22T08:00:00+0200,123.0931
2025-09-22T07:00:00Z,2025-09-22T09:00:00+0200,107.4394
2025-09-22T08:00:00Z,2025-09-22T10:00:00+0200,92.2009
2025-09-22T09:00:00Z,2025-09-22T11:00:00+0200,84.9812
2025-09-22T10:00:00Z,2025-09-22T12:00:00+0200,76.1304
2025-09-22T11:00:00Z,2025-09-22T13:00:00+0200,70.3844
2025-09-22T12:00:00Z,2025-09-22T14:00:00+0200,71.4426
2025-09-22T13:00:00Z,2025-09-22T15:00:00+0200,75.6245
2025-09-22T14:00:00Z,2025-09-22T16:00:00+0200,81.9617
2025-09-22T15:00:00Z,2025-09-22T17:00:00+0200,100.4874
2025-09-22T16:00:00Z,2025-09-22T18:00:00+0200,129.7555
2025-09-22T17:00:00Z,2025-09-22T19:00:00+0200,143.2776
2025-09-22T18:00:00Z,2025-09-22T20:00:00+0200,123.7635
2025-09-22T19:00:00Z,2025-09-22T21:00:00+0200,107.5104
2025-09-22T20:00:00Z,2025-09-22T22:00:00+0200,99.687
2025-09-22T21:00:00Z,2025-09-22T23:00:00+0200,89.9583
2025-09-22T22:00:00Z,2025-09-23T00:00:00+0200,93.562
2025-09-22T23:00:00Z,2025-09-23T01:00:00+0200,88.0614
2025-09-23T00:00:00Z,2025-09-23T02:00:00+0200,84.016
2025-09-23T01:00:00Z,2025-09-23T03:00:00+0200,78.6246
2025-09-23T02:00:00Z,2025-09-23T04:00:00+0200,81.8459
2025-09-23T03:00:00Z,2025-09-23T05:00:00+0200,93.3624
2025-09-23T04:00:00Z,2025-09-23T06:00:00+0200,116.6384
2025-09-23T05:00:00Z,2025-09-23T07:00:00+0200,141.2341
2025-09-23T06:00:00Z,2025-09-23T08:00:00+0200,142.224
2025-09-23T07:00:00Z,2025-09-23T09:00:00+0200,114.71
2025-09-23T08:00:00Z,2025-09-23T10:00:00+0200,98.3841
2025-09-23T09:00:00Z,2025-09-23T11:00:00+0200,86.8037
2025-09-23T10:00:00Z,2025-09-23T12:00:00+0200,82.9823
2025-09-23T11:00:00Z,2025-09-23T13:00:00+0200,74.0504
2025-09-23T12:00:00Z,2025-09-23T14:00:00+0200,71.9694
2025-09-23T13:00:00Z,2025-09-23T15:00:00+0200,77.9585
2025-09-23T14:00:00Z,2025-09-23T16:00:00+0200,90.1083
2025-09-23T15:00:00Z,2025-09-23T17:00:00+0200,103.6014
2025-09-23T16:00:00Z,2025-09-23T18:00:00+0200,125.3741
2025-09-23T17:00:00Z,2025-09-23T19:00:00+0200,141.2714
2025-09-23T18:00:00Z,2025-09-23T20:00:00+0200,120.2297
2025-09-23T19:00:00Z,2025-09-23T21:00:00+0200,101.8554
2025-09-23T20:00:00Z,2025-09-23T22:00:00+0200,93.0317
2025-09-23T21:00:00Z,2025-09-23T23:00:00+0200,84.0487
2025-09-23T22:00:00Z,2025-09-24T00:00:00+0200,74.0082
2025-09-23T23:00:00Z,2025-09-24T01:00:00+0200,71.9778
2025-09-24T00:00:00Z,2025-09-24T02:00:00+0200,73.4652
2025-09-24T01:00:00Z,2025-09-24T03:00:00+0200,72.2047
2025-09-24T02:00:00Z,2025-09-24T04:00:00+0200,70.1465
2025-09-24T03:00:00Z,2025-09-24T05:00:00+0200,83.052
2025-09-24T04:00:00Z,2025-09-24T06:00:00+0200,105.6089
2025-09-24T05:00:00Z,2025-09-24T07:00:00+0200,121.9983
2025-09-24T06:00:00Z,2025-09-24T08:00:00+0200,121.5867
2025-09-24T07:00:00Z,2025-09-24T09:00:00+0200,102.7271
2025-09-24T08:00:00Z,2025-09-24T10:00:00+0200,80.386
2025-09-24T09:00:00Z,2025-09-24T11:00:00+0200,59.5668
2025-09-24T10:00:00Z,2025-09-24T12:00:00+0200,39.1724
2025-09-24T11:00:00Z,2025-09-24T13:00:00+0200,22.6872
2025-09-24T12:00:00Z,2025-09-24T14:00:00+0200,22.6353
2025-09-24T13:00:00Z,2025-09-24T15:00:00+0200,22.8967
2025-09-24T14:00:00Z,2025-09-24T16:00:00+0200,47.3145
2025-09-24T15:00:00Z,2025-09-24T17:00:00+0200,69.1063
2025-09-24T16:00:00Z,2025-09-24T18:00:00+0200,101.0379
2025-09-24T17:00:00Z,2025-09-24T19:00:00+0200,106.9176
2025-09-24T18:00:00Z,2025-09-24T20:00:00+0200,91.6108
2025-09-24T19:00:00Z,2025-09-24T21:00:00+0200,69.3874
2025-09-24T20:00:00Z,2025-09-24T22:00:00+0200,55.1559
2025-09-24T21:00:00Z,2025-09-24T23:00:00+0200,45.3502
2025-09-24T22:00:00Z,2025-09-25T00:00:00+0200,24.7124
2025-09-24T23:00:00Z,2025-09-25T01:00:00+0200,23.5561
2025-09-25T00:00:00Z,2025-09-25T02:00:00+0200,24.5967
2025-09-25T01:00:00Z,2025-09-25T03:00:00+0200,23.9455
2025-09-25T02:00:00Z,2025-09-25T04:00:00+0200,28.6362
2025-09-25T03:00:00Z,2025-09-25T05:00:00+0200,48.4995
2025-09-25T04:00:00Z,2025-09-25T06:00:00+0200,78.184
2025-09-25T05:00:00Z,2025-09-25T07:00:00+0200,101.5207
2025-09-25T06:00:00Z,2025-09-25T08:00:00+0200,103.6816
2025-09-25T07:00:00Z,2025-09-25T09:00:00+0200,97.1021
2025-09-25T08:00:00Z,2025-09-25T10:00:00+0200,71.5449
2025-09-25T09:00:00Z,2025-09-25T11:00:00+0200,54.8471
2025-09-25T10:00:00Z,2025-09-25T12:00:00+0200,30.6388
2025-09-25T11:00:00Z,2025-09-25T13:00:00+0200,18.9929
2025-09-25T12:00:00Z,2025-09-25T14:00:00+0200,20.9957
2025-09-25T13:00:00Z,2025-09-25T15:00:00+0200,28.4096
2025-09-25T14:00:00Z,2025-09-25T16:00:00+0200,54.2084
2025-09-25T15:00:00Z,2025-09-25T17:00:00+0200,80.8518
2025-09-25T16:00:00Z,2025-09-25T18:00:00+0200,104.8166
2025-09-25T17:00:00Z,2025-09-25T19:00:00+0200,112.6173
2025-09-25T18:00:00Z,2025-09-25T20:00:00+0200,103.1982
2025-09-25T19:00:00Z,2025-09-25T21:00:00+0200,85.8637
2025-09-25T20:00:00Z,2025-09-25T22:00:00+0200,78.0714
2025-09-25T21:00:00Z,2025-09-25T23:00:00+0200,67.9428
2025-09-25T22:00:00Z,2025-09-26T00:00:00+0200,60.4777
2025-09-25T23:00:00Z,2025-09-26T01:00:00+0200,54.6737
2025-09-26T00:00:00Z,2025-09-26T02:00:00+0200,56.3731
2025-09-26T01:00:00Z,2025-09-26T03:00:00+0200,53.4056
2025-09-26T02:00:00Z,2025-09-26T04:00:00+0200,58.0524
2025-09-26T03:00:00Z,2025-09-26T05:00:00+0200,75.5641
2025-09-26T04:00:00Z,2025-09-26T06:00:00+0200,99.668
2025-09-26T05:00:00Z,2025-09-26T07:00:00+0200,124.807
2025-09-26T06:00:00Z,2025-09-26T08:00:00+0200,124.3468
2025-09-26T07:00:00Z,2025-09-26T09:00:00+0200,104.1607
2025-09-26T08:00:00Z,2025-09-26T10:00:00+0200,82.7738
2025-09-26T09:00:00Z,2025-09-26T11:00:00+0200,77.5833
2025-09-26T10:00:00Z,2025-09-26T12:00:00+0200,55.523
2025-09-26T11:00:00Z,2025-09-26T13:00:00+0200,53.7109
2025-09-26T12:00:00Z,2025-09-26T14:00:00+0200,48.5897
2025-09-26T13:00:00Z,2025-09-26T15:00:00+0200,51.4428
2025-09-26T14:00:00Z,2025-09-26T16:00:00+0200,72.7294
2025-09-26T15:00:00Z,2025-09-26T17:00:00+0200,97.8908
2025-09-26T16:00:00Z,2025-09-26T18:00:00+0200,135.0622
2025-09-26T17:00:00Z,2025-09-26T19:00:00+0200,133.7134
2025-09-26T18:00:00Z,2025-09-26T20:00:00+0200,119.7761
2025-09-26T19:00:00Z,2025-09-26T21:00:00+0200,95.4334
2025-09-26T20:00:00Z,2025-09-26T22:00:00+0200,87.2055
2025-09-26T21:00:00Z,2025-09-26T23:00:00+0200,77.6628
2025-09-26T22:00:00Z,2025-09-27T00:00:00+0200,77.57
2025-09-26T23:00:00Z,2025-09-27T01:00:00+0200,75.6888
2025-09-27T00:00:00Z,2025-09-27T02:00:00+0200,74.4224
2025-09-27T01:00:00Z,2025-09-27T03:00:00+0200,75.0722
2025-09-27T02:00:00Z,2025-09-27T04:00:00+0200,72.8352
2025-09-27T03:00:00Z,2025-09-27T05:00:00+0200,75.7949
2025-09-27T04:00:00Z,2025-09-27T06:00:00+0200,90.7659
2025-09-27T05:00:00Z,2025-09-27T07:00:00+0200,96.0174
2025-09-27T06:00:00Z,2025-09-27T08:00:00+0200,95.2938
2025-09-27T07:00:00Z,2025-09-27T09:00:00+0200,91.9068
2025-09-27T08:00:00Z,2025-09-27T10:00:00+0200,73.9244
2025-09-27T09:00:00Z,2025-09-27T11:00:00+0200,62.4165
2025-09-27T10:00:00Z,2025-09-27T12:00:00+0200,41.8856
2025-09-27T11:00:00Z,2025-09-27T13:00:00+0200,36.2604
2025-09-27T12:00:00Z,2025-09-27T14:00:00+0200,36.6789
2025-09-27T13:00:00Z,2025-09-27T15:00:00+0200,47.4237
2025-09-27T14:00:00Z,2025-09-27T16:00:00+0200,81.9039
2025-09-27T15:00:00Z,2025-09-27T17:00:00+0200,102.999
2025-09-27T16:00:00Z,2025-09-27T18:00:00+0200,134.182
2025-09-27T17:00:00Z,2025-09-27T19:00:00+0200,130.6712
2025-09-27T18:00:00Z,2025-09-27T20:00:00+0200,114.8814
2025-09-27T19:00:00Z,2025-09-27T21:00:00+0200,101.8881
2025-09-27T20:00:00Z,2025-09-27T22:00:00+0200,95.6078
2025-09-27T21:00:00Z,2025-09-27T23:00:00+0200,91.4072
2025-09-27T22:00:00Z,2025-09-28T00:00:00+0200,88.6202
2025-09-27T23:00:00Z,2025-09-28T01:00:00+0200,90.4956
2025-09-28T00:00:00Z,2025-09-28T02:00:00+0200,89.0145
2025-09-28T01:00:00Z,2025-09-28T03:00:00+0200,86.7332
2025-09-28T02:00:00Z,2025-09-28T04:00:00+0200,88.4347
2025-09-28T03:00:00Z,2025-09-28T05:00:00+0200,90.6734
2025-09-28T04:00:00Z,2025-09-28T06:00:00+0200,89.1515
2025-09-28T05:00:00Z,2025-09-28T07:00:00+0200,98.9005
2025-09-28T06:00:00Z,2025-09-28T08:00:00+0200,100.2789
2025-09-28T07:00:00Z,2025-09-28T09:00:00+0200,88.544
2025-09-28T08:00:00Z,2025-09-28T10:00:00+0200,67.0161
2025-09-28T09:00:00Z,2025-09-28T11:00:00+0200,43.4784
2025-09-28T10:00:00Z,2025-09-28T12:00:00+0200,34.1755
2025-09-28T11:00:00Z,2025-09-28T13:00:00+0200,24.0831
2025-09-28T12:00:00Z,2025-09-28T14:00:00+0200,23.8331
2025-09-28T13:00:00Z,2025-09-28T15:00:00+0200,37.5626
2025-09-28T14:00:00Z,2025-09-28T16:00:00+0200,77.721
2025-09-28T15:00:00Z,2025-09-28T17:00:00+0200,105.1356
2025-09-28T16:00:00Z,2025-09-28T18:00:00+0200,137.9852
2025-09-28T17:00:00Z,2025-09-28T19:00:00+0200,149.1468
2025-09-28T18:00:00Z,2025-09-28T20:00:00+0200,126.6706
2025-09-28T19:00:00Z,2025-09-28T21:00:00+0200,114.0368
2025-09-28T20:00:00Z,2025-09-28T22:00:00+0200,105.7642
2025-09-28T21:00:00Z,2025-09-28T23:00:00+0200,92.4745
2025-09-28T22:00:00Z,2025-09-29T00:00:00+0200,90.4959
2025-09-28T23:00:00Z,2025-09-29T01:00:00+0200,90.2694
2025-09-29T00:00:00Z,2025-09-29T02:00:00+0200,93.5994
2025-09-29T01:00:00Z,2025-09-29T03:00:00+0200,92.2518
2025-09-29T02:00:00Z,2025-09-29T04:00:00+0200,97.6324
2025-09-29T03:00:00Z,2025-09-29T05:00:00+0200,106.9929
2025-09-29T04:00:00Z,2025-09-29T06:00:00+0200,149.4742
2025-09-29T05:00:00Z,2025-09-29T07:00:00+0200,171.624
2025-09-29T06:00:00Z,2025-09-29T08:00:00+0200,156.2716
2025-09-29T07:00:00Z,2025-09-29T09:00:00+0200,128.921
2025-09-29T08:00:00Z,2025-09-29T10:00:00+0200,106.2137
2025-09-29T09:00:00Z,2025-09-29T11:00:00+0200,94.6883
2025-09-29T10:00:00Z,2025-09-29T12:00:00+0200,86.5637
2025-09-29T11:00:00Z,2025-09-29T13:00:00+0200,83.7018
2025-09-29T12:00:00Z,2025-09-29T14:00:00+0200,86.8011
2025-09-29T13:00:00Z,2025-09-29T15:00:00+0200,94.1849
2025-09-29T14:00:00Z,2025-09-29T16:00:00+0200,110.2254
2025-09-29T15:00:00Z,2025-09-29T17:00:00+0200,136.8356
2025-09-29T16:00:00Z,2025-09-29T18:00:00+0200,188.974
2025-09-29T17:00:00Z,2025-09-29T19:00:00+0200,206.2797
2025-09-29T18:00:00Z,2025-09-29T20:00:00+0200,153.8059
2025-09-29T19:00:00Z,2025-09-29T21:00:00+0200,125.5618
2025-09-29T20:00:00Z,2025-09-29T22:00:00+0200,117.0452
2025-09-29T21:00:00Z,2025-09-29T23:00:00+0200,103.2966
2025-09-29T22:00:00Z,2025-09-30T00:00:00+0200,98.7689
2025-09-29T23:00:00Z,2025-09-30T01:00:00+0200,95.0752
2025-09-30T00:00:00Z,2025-09-30T02:00:00+0200,95.0488
2025-09-30T01:00:00Z,2025-09-30T03:00:00+0200,94.1438
2025-09-30T02:00:00Z,2025-09-30T04:00:00+0200,95.573
2025-09-30T03:00:00Z,2025-09-30T05:00:00+0200,104.5825
2025-09-30T04:00:00Z,2025-09-30T06:00:00+0200,133.6816
2025-09-30T05:00:00Z,2025-09-30T07:00:00+0200,209.3502
2025-09-30T06:00:00Z,2025-09-30T08:00:00+0200,173.2134
2025-09-30T07:00:00Z,2025-09-30T09:00:00+0200,136.1357
2025-09-30T08:00:00Z,2025-09-30T10:00:00+0200,108.0992
2025-09-30T09:00:00Z,2025-09-30T11:00:00+0200,98.424
2025-09-30T10:00:00Z,2025-09-30T12:00:00+0200,91.3094
2025-09-30T11:00:00Z,2025-09-30T13:00:00+0200,90.9522
2025-09-30T12:00:00Z,2025-09-30T14:00:00+0200,95.9813
2025-09-30T13:00:00Z,2025-09-30T15:00:00+0200,102.3122
2025-09-30T14:00:00Z,2025-09-30T16:00:00+0200,110.7417
2025-09-30T15:00:00Z,2025-09-30T17:00:00+0200,146.6987
2025-09-30T16:00:00Z,2025-09-30T18:00:00+0200,216.823
2025-09-30T17:00:00Z,2025-09-30T19:00:00+0200,239.3094
2025-09-30T18:00:00Z,2025-09-30T20:00:00+0200,151.6996
2025-09-30T19:00:00Z,2025-09-30T21:00:00+0200,123.1978
2025-09-30T20:00:00Z,2025-09-30T22:00:00+0200,112.3351
2025-09-30T21:00:00Z,2025-09-30T23:00:00+0200,101.0207
2025-09-30T22:00:00Z,2025-10-01T00:00:00+0200,100.5405
2025-09-30T23:00:00Z,2025-10-01T01:00:00+0200,96.659
2025-10-01T00:00:00Z,2025-10-01T02:00:00+0200,96.595
2025-10-01T01:00:00Z,2025-10-01T03:00:00+0200,95.2181
2025-10-01T02:00:00Z,2025-10-01T04:00:00+0200,98.874
2025-10-01T03:00:00Z,2025-10-01T05:00:00+0200,110.6801
2025-10-01T04:00:00Z,2025-10-01T06:00:00+0200,135.8028
2025-10-01T05:00:00Z,2025-10-01T07:00:00+0200,205.6146
2025-10-01T06:00:00Z,2025-10-01T08:00:00+0200,170.988
2025-10-01T07:00:00Z,2025-10-01T09:00:00+0200,118.562
2025-10-01T08:00:00Z,2025-10-01T10:00:00+0200,92.2814
2025-10-01T09:00:00Z,2025-10-01T11:00:00+0200,71.7619
2025-10-01T10:00:00Z,2025-10-01T12:00:00+0200,66.7474
2025-10-01T11:00:00Z,2025-10-01T13:00:00+0200,69.6332
2025-10-01T12:00:00Z,2025-10-01T14:00:00+0200,80.1247
2025-10-01T13:00:00Z,2025-10-01T15:00:00+0200,89.7764
2025-10-01T14:00:00Z,2025-10-01T16:00:00+0200,101.332
2025-10-01T15:00:00Z,2025-10-01T17:00:00+0200,147.8799
2025-10-01T16:00:00Z,2025-10-01T18:00:00+0200,234.7442
2025-10-01T17:00:00Z,2025-10-01T19:00:00+0200,303.9581
2025-10-01T18:00:00Z,2025-10-01T20:00:00+0200,180.1926
2025-10-01T19:00:00Z,2025-10-01T21:00:00+0200,152.9408
2025-10-01T20:00:00Z,2025-10-01T22:00:00+0200,135.9985
2025-10-01T21:00:00Z,2025-10-01T23:00:00+0200,120.2741
2025-10-01T22:00:00Z,2025-10-02T00:00:00+0200,112.4215
2025-10-01T23:00:00Z,2025-10-02T01:00:00+0200,106.5393
2025-10-02T00:00:00Z,2025-10-02T02:00:00+0200,107.3665
2025-10-02T01:00:00Z,2025-10-02T03:00:00+0200,106.4485
2025-10-02T02:00:00Z,2025-10-02T04:00:00+0200,107.1504
2025-10-02T03:00:00Z,2025-10-02T05:00:00+0200,117.5065
2025-10-02T04:00:00Z,2025-10-02T06:00:00+0200,141.4863
2025-10-02T05:00:00Z,2025-10-02T07:00:00+0200,176.2626
2025-10-02T06:00:00Z,2025-10-02T08:00:00+0200,172.4405
2025-10-02T07:00:00Z,2025-10-02T09:00:00+0200,116.3837
2025-10-02T08:00:00Z,2025-10-02T10:00:00+0200,88.3544
2025-10-02T09:00:00Z,2025-10-02T11:00:00+0200,62.3611
2025-10-02T10:00:00Z,2025-10-02T12:00:00+0200,47.016
2025-10-02T11:00:00Z,2025-10-02T13:00:00+0200,53.7838
2025-10-02T12:00:00Z,2025-10-02T14:00:00+0200,66.6361
2025-10-02T13:00:00Z,2025-10-02T15:00:00+0200,84.7331
2025-10-02T14:00:00Z,2025-10-02T16:00:00+0200,102.3667
2025-10-02T15:00:00Z,2025-10-02T17:00:00+0200,146.4059
2025-10-02T16:00:00Z,2025-10-02T18:00:00+0200,224.2662
2025-10-02T17:00:00Z,2025-10-02T19:00:00+0200,215.4762
2025-10-02T18:00:00Z,2025-10-02T20:00:00+0200,149.2831
2025-10-02T19:00:00Z,2025-10-02T21:00:00+0200,127.0926
2025-10-02T20:00:00Z,2025-10-02T22:00:00+0200,114.4502
2025-10-02T21:00:00Z,2025-10-02T23:00:00+0200,98.8363
2025-10-02T22:00:00Z,2025-10-03T00:00:00+0200,91.4206
2025-10-02T23:00:00Z,2025-10-03T01:00:00+0200,83.912
2025-10-03T00:00:00Z,2025-10-03T02:00:00+0200,78.7837
2025-10-03T01:00:00Z,2025-10-03T03:00:00+0200,75.3911
2025-10-03T02:00:00Z,2025-10-03T04:00:00+0200,75.5462
2025-10-03T03:00:00Z,2025-10-03T05:00:00+0200,78.3721
2025-10-03T04:00:00Z,2025-10-03T06:00:00+0200,87.0942
2025-10-03T05:00:00Z,2025-10-03T07:00:00+0200,97.7414
2025-10-03T06:00:00Z,2025-10-03T08:00:00+0200,85.3278
2025-10-03T07:00:00Z,2025-10-03T09:00:00+0200,59.1077
2025-10-03T08:00:00Z,2025-10-03T10:00:00+0200,31.1653
2025-10-03T09:00:00Z,2025-10-03T11:00:00+0200,14.2593
2025-10-03T10:00:00Z,2025-10-03T12:00:00+0200,1.3737
2025-10-03T11:00:00Z,2025-10-03T13:00:00+0200,0.413
2025-10-03T12:00:00Z,2025-10-03T14:00:00+0200,-2.6148
2025-10-03T13:00:00Z,2025-10-03T15:00:00+0200,11.1045
2025-10-03T14:00:00Z,2025-10-03T16:00:00+0200,46.8998
2025-10-03T15:00:00Z,2025-10-03T17:00:00+0200,79.062
2025-10-03T16:00:00Z,2025-10-03T18:00:00+0200,103.8888
2025-10-03T17:00:00Z,2025-10-03T19:00:00+0200,91.2821
2025-10-03T18:00:00Z,2025-10-03T20:00:00+0200,79.8816
2025-10-03T19:00:00Z,2025-10-03T21:00:00+0200,59.2303
2025-10-03T20:00:00Z,2025-10-03T22:00:00+0200,41.335
2025-10-03T21:00:00Z,2025-10-03T23:00:00+0200,18.1285
2025-10-03T22:00:00Z,2025-10-04T00:00:00+0200,12.6013
2025-10-03T23:00:00Z,2025-10-04T01:00:00+0200,10.8002
2025-10-04T00:00:00Z,2025-10-04T02:00:00+0200,4.8867
2025-10-04T01:00:00Z,2025-10-04T03:00:00+0200,-0.9061
2025-10-04T02:00:00Z,2025-10-04T04:00:00+0200,-5.5421
2025-10-04T03:00:00Z,2025-10-04T05:00:00+0200,-11.3677
2025-10-04T04:00:00Z,2025-10-04T06:00:00+0200,-12.4286
2025-10-04T05:00:00Z,2025-10-04T07:00:00+0200,-7.8413
2025-10-04T06:00:00Z,2025-10-04T08:00:00+0200,0.907
2025-10-04T07:00:00Z,2025-10-04T09:00:00+0200,2.4573
2025-10-04T08:00:00Z,2025-10-04T10:00:00+0200,7.3591
2025-10-04T09:00:00Z,2025-10-04T11:00:00+0200,4.9822
2025-10-04T10:00:00Z,2025-10-04T12:00:00+0200,-1.8674
2025-10-04T11:00:00Z,2025-10-04T13:00:00+0200,9.0566
2025-10-04T12:00:00Z,2025-10-04T14:00:00+0200,-2.8481
2025-10-04T13:00:00Z,2025-10-04T15:00:00+0200,1.8132
2025-10-04T14:00:00Z,2025-10-04T16:00:00+0200,-5.8966
2025-10-04T15:00:00Z,2025-10-04T17:00:00+0200,-1.2273
2025-10-04T16:00:00Z,2025-10-04T18:00:00+0200,9.6119
2025-10-04T17:00:00Z,2025-10-04T19:00:00+0200,9.9928
2025-10-04T18:00:00Z,2025-10-04T20:00:00+0200,2.522
2025-10-04T19:00:00Z,2025-10-04T21:00:00+0200,-2.874
2025-10-04T20:00:00Z,2025-10-04T22:00:00+0200,-5.4836
2025-10-04T21:00:00Z,2025-10-04T23:00:00+0200,-1.4375
2025-10-04T22:00:00Z,2025-10-05T00:00:00+0200,-13.0322
2025-10-04T23:00:00Z,2025-10-05T01:00:00+0200,-2.29
2025-10-05T00:00:00Z,2025-10-05T02:00:00+0200,-0.8733
2025-10-05T01:00:00Z,2025-10-05T03:00:00+0200,-6.5154
2025-10-05T02:00:00Z,2025-10-05T04:00:00+0200,-22.1606
2025-10-05T03:00:00Z,2025-10-05T05:00:00+0200,-20.6564
2025-10-05T04:00:00Z,2025-10-05T06:00:00+0200,-19.933
2025-10-05T05:00:00Z,2025-10-05T07:00:00+0200,-9.6093
2025-10-05T06:00:00Z,2025-10-05T08:00:00+0200,-9.1183
2025-10-05T07:00:00Z,2025-10-05T09:00:00+0200,-4.0485
2025-10-05T08:00:00Z,2025-10-05T10:00:00+0200,-11.7751
2025-10-05T09:00:00Z,2025-10-05T11:00:00+0200,14.68
2025-10-05T10:00:00Z,2025-10-05T12:00:00+0200,-17.1325
2025-10-05T11:00:00Z,2025-10-05T13:00:00+0200,-50.3818
2025-10-05T12:00:00Z,2025-10-05T14:00:00+0200,-21.7819
2025-10-05T13:00:00Z,2025-10-05T15:00:00+0200,-32.1386
2025-10-05T14:00:00Z,2025-10-05T16:00:00+0200,-17.838
2025-10-05T15:00:00Z,2025-10-05T17:00:00+0200,-1.9697
2025-10-05T16:00:00Z,2025-10-05T18:00:00+0200,23.1579
2025-10-05T17:00:00Z,2025-10-05T19:00:00+0200,23.7312
2025-10-05T18:00:00Z,2025-10-05T20:00:00+0200,20.1644
2025-10-05T19:00:00Z,2025-10-05T21:00:00+0200,9.0068
2025-10-05T20:00:00Z,2025-10-05T22:00:00+0200,8.9137
2025-10-05T21:00:00Z,2025-10-05T23:00:00+0200,0.5116
2025-10-05T22:00:00Z,2025-10-06T00:00:00+0200,7.1541
2025-10-05T23:00:00Z,2025-10-06T01:00:00+0200,9.7688
2025-10-06T00:00:00Z,2025-10-06T02:00:00+0200,10.2295
2025-10-06T01:00:00Z,2025-10-06T03:00:00+0200,6.6366
2025-10-06T02:00:00Z,2025-10-06T04:00:00+0200,7.4644
2025-10-06T03:00:00Z,2025-10-06T05:00:00+0200,15.0232
2025-10-06T04:00:00Z,2025-10-06T06:00:00+0200,64.1263
2025-10-06T05:00:00Z,2025-10-06T07:00:00+0200,97.5022
2025-10-06T06:00:00Z,2025-10-06T08:00:00+0200,105.5633
2025-10-06T07:00:00Z,2025-10-06T09:00:00+0200,93.0735
2025-10-06T08:00:00Z,2025-10-06T10:00:00+0200,71.7728
2025-10-06T09:00:00Z,2025-10-06T11:00:00+0200,65.9823
2025-10-06T10:00:00Z,2025-10-06T12:00:00+0200,60.6617
2025-10-06T11:00:00Z,2025-10-06T13:00:00+0200,61.1684
2025-10-06T12:00:00Z,2025-10-06T14:00:00+0200,65.2992
2025-10-06T13:00:00Z,2025-10-06T15:00:00+0200,78.8444
2025-10-06T14:00:00Z,2025-10-06T16:00:00+0200,86.843
2025-10-06T15:00:00Z,2025-10-06T17:00:00+0200,123.1752
2025-10-06T16:00:00Z,2025-10-06T18:00:00+0200,179.9352
2025-10-06T17:00:00Z,2025-10-06T19:00:00+0200,187.4025
2025-10-06T18:00:00Z,2025-10-06T20:00:00+0200,147.0285
2025-10-06T19:00:00Z,2025-10-06T21:00:00+0200,135.1248
2025-10-06T20:00:00Z,2025-10-06T22:00:00+0200,125.6508
2025-10-06T21:00:00Z,2025-10-06T23:00:00+0200,109.083
2025-10-06T22:00:00Z,2025-10-07T00:00:00+0200,108.5676
2025-10-06T23:00:00Z,2025-10-07T01:00:00+0200,107.5385
2025-10-07T00:00:00Z,2025-10-07T02:00:00+0200,104.7626
2025-10-07T01:00:00Z,2025-10-07T03:00:00+0200,102.0229
2025-10-07T02:00:00Z,2025-10-07T04:00:00+0200,102.6936
2025-10-07T03:00:00Z,2025-10-07T05:00:00+0200,115.2042
2025-10-07T04:00:00Z,2025-10-07T06:00:00+0200,155.6444
2025-10-07T05:00:00Z,2025-10-07T07:00:00+0200,209.0386
2025-10-07T06:00:00Z,2025-10-07T08:00:00+0200,203.5343
2025-10-07T07:00:00Z,2025-10-07T09:00:00+0200,179.3014
2025-10-07T08:00:00Z,2025-10-07T10:00:00+0200,158.6414
2025-10-07T09:00:00Z,2025-10-07T11:00:00+0200,160.6927
2025-10-07T10:00:00Z,2025-10-07T12:00:00+0200,147.9961
2025-10-07T11:00:00Z,2025-10-07T13:00:00+0200,136.4993
2025-10-07T12:00:00Z,2025-10-07T14:00:00+0200,130.9619
2025-10-07T13:00:00Z,2025-10-07T15:00:00+0200,134.4057
2025-10-07T14:00:00Z,2025-10-07T16:00:00+0200,138.8598
2025-10-07T15:00:00Z,2025-10-07T17:00:00+0200,162.4045
2025-10-07T16:00:00Z,2025-10-07T18:00:00+0200,213.7201
2025-10-07T17:00:00Z,2025-10-07T19:00:00+0200,216.3303
2025-10-07T18:00:00Z,2025-10-07T20:00:00+0200,156.3128
2025-10-07T19:00:00Z,2025-10-07T21:00:00+0200,139.2016
2025-10-07T20:00:00Z,2025-10-07T22:00:00+0200,128.0192
2025-10-07T21:00:00Z,2025-10-07T23:00:00+0200,107.2838
2025-10-07T22:00:00Z,2025-10-08T00:00:00+0200,100.6164
2025-10-07T23:00:00Z,2025-10-08T01:00:00+0200,95.5972
2025-10-08T00:00:00Z,2025-10-08T02:00:00+0200,93.3641
2025-10-08T01:00:00Z,2025-10-08T03:00:00+0200,92.2465
2025-10-08T02:00:00Z,2025-10-08T04:00:00+0200,94.0733
2025-10-08T03:00:00Z,2025-10-08T05:00:00+0200,99.1087
2025-10-08T04:00:00Z,2025-10-08T06:00:00+0200,138.669
2025-10-08T05:00:00Z,2025-10-08T07:00:00+0200,183.0876
2025-10-08T06:00:00Z,2025-10-08T08:00:00+0200,211.1753
2025-10-08T07:00:00Z,2025-10-08T09:00:00+0200,197.5045
2025-10-08T08:00:00Z,2025-10-08T10:00:00+0200,166.7181
2025-10-08T09:00:00Z,2025-10-08T11:00:00+0200,144.5687
2025-10-08T10:00:00Z,2025-10-08T12:00:00+0200,120.188
2025-10-08T11:00:00Z,2025-10-08T13:00:00+0200,107.4502
2025-10-08T12:00:00Z,2025-10-08T14:00:00+0200,108.3565
2025-10-08T13:00:00Z,2025-10-08T15:00:00+0200,112.8885
2025-10-08T14:00:00Z,2025-10-08T16:00:00+0200,142.6253
2025-10-08T15:00:00Z,2025-10-08T17:00:00+0200,172.0312
2025-10-08T16:00:00Z,2025-10-08T18:00:00+0200,221.9624
2025-10-08T17:00:00Z,2025-10-08T19:00:00+0200,208.7311
2025-10-08T18:00:00Z,2025-10-08T20:00:00+0200,167.7715
2025-10-08T19:00:00Z,2025-10-08T21:00:00+0200,156.6506
2025-10-08T20:00:00Z,2025-10-08T22:00:00+0200,134.7126
2025-10-08T21:00:00Z,2025-10-08T23:00:00+0200,109.8696
2025-10-08T22:00:00Z,2025-10-09T00:00:00+0200,104.0759
2025-10-08T23:00:00Z,2025-10-09T01:00:00+0200,100.6036
2025-10-09T00:00:00Z,2025-10-09T02:00:00+0200,95.5426
2025-10-09T01:00:00Z,2025-10-09T03:00:00+0200,96.0844
2025-10-09T02:00:00Z,2025-10-09T04:00:00+0200,97.7914
2025-10-09T03:00:00Z,2025-10-09T05:00:00+0200,103.4995
2025-10-09T04:00:00Z,2025-10-09T06:00:00+0200,134.7649
2025-10-09T05:00:00Z,2025-10-09T07:00:00+0200,181.6858
2025-10-09T06:00:00Z,2025-10-09T08:00:00+0200,182.661
2025-10-09T07:00:00Z,2025-10-09T09:00:00+0200,179.3475
2025-10-09T08:00:00Z,2025-10-09T10:00:00+0200,143.1588
2025-10-09T09:00:00Z,2025-10-09T11:00:00+0200,102.9581
2025-10-09T10:00:00Z,2025-10-09T12:00:00+0200,86.6014
2025-10-09T11:00:00Z,2025-10-09T13:00:00+0200,78.0275
2025-10-09T12:00:00Z,2025-10-09T14:00:00+0200,78.2366
2025-10-09T13:00:00Z,2025-10-09T15:00:00+0200,86.6246
2025-10-09T14:00:00Z,2025-10-09T16:00:00+0200,99.5824
2025-10-09T15:00:00Z,2025-10-09T17:00:00+0200,129.4527
2025-10-09T16:00:00Z,2025-10-09T18:00:00+0200,138.7638
2025-10-09T17:00:00Z,2025-10-09T19:00:00+0200,134.8137
2025-10-09T18:00:00Z,2025-10-09T20:00:00+0200,119.07
2025-10-09T19:00:00Z,2025-10-09T21:00:00+0200,96.9131
2025-10-09T20:00:00Z,2025-10-09T22:00:00+0200,89.464
2025-10-09T21:00:00Z,2025-10-09T23:00:00+0200,77.6844
2025-10-09T22:00:00Z,2025-10-10T00:00:00+0200,74.524
2025-10-09T23:00:00Z,2025-10-10T01:00:00+0200,66.3819
2025-10-10T00:00:00Z,2025-10-10T02:00:00+0200,61.3561
2025-10-10T01:00:00Z,2025-10-10T03:00:00+0200,57.2113
2025-10-10T02:00:00Z,2025-10-10T04:00:00+0200,60.9644
2025-10-10T03:00:00Z,2025-10-10T05:00:00+0200,78.6148
2025-10-10T04:00:00Z,2025-10-10T06:00:00+0200,104.1401
2025-10-10T05:00:00Z,2025-10-10T07:00:00+0200,131.5422
2025-10-10T06:00:00Z,2025-10-10T08:00:00+0200,136.1361
2025-10-10T07:00:00Z,2025-10-10T09:00:00+0200,109.2031
2025-10-10T08:00:00Z,2025-10-10T10:00:00+0200,87.766
2025-10-10T09:00:00Z,2025-10-10T11:00:00+0200,76.1353
2025-10-10T10:00:00Z,2025-10-10T12:00:00+0200,61.4738
2025-10-10T11:00:00Z,2025-10-10T13:00:00+0200,58.5345
2025-10-10T12:00:00Z,2025-10-10T14:00:00+0200,57.7968
2025-10-10T13:00:00Z,2025-10-10T15:00:00+0200,71.838
2025-10-10T14:00:00Z,2025-10-10T16:00:00+0200,89.4206
2025-10-10T15:00:00Z,2025-10-10T17:00:00+0200,128.7478
2025-10-10T16:00:00Z,2025-10-10T18:00:00+0200,140.1598
2025-10-10T17:00:00Z,2025-10-10T19:00:00+0200,146.5592
2025-10-10T18:00:00Z,2025-10-10T20:00:00+0200,130.1064
2025-10-10T19:00:00Z,2025-10-10T21:00:00+0200,98.9826
2025-10-10T20:00:00Z,2025-10-10T22:00:00+0200,97.2153
2025-10-10T21:00:00Z,2025-10-10T23:00:00+0200,89.2693
2025-10-10T22:00:00Z,2025-10-11T00:00:00+0200,81.6209
2025-10-10T23:00:00Z,2025-10-11T01:00:00+0200,73.0862
2025-10-11T00:00:00Z,2025-10-11T02:00:00+0200,73.6513
2025-10-11T01:00:00Z,2025-10-11T03:00:00+0200,69.7465
2025-10-11T02:00:00Z,2025-10-11T04:00:00+0200,68.764
2025-10-11T03:00:00Z,2025-10-11T05:00:00+0200,70.5937
2025-10-11T04:00:00Z,2025-10-11T06:00:00+0200,77.3017
2025-10-11T05:00:00Z,2025-10-11T07:00:00+0200,90.6494
2025-10-11T06:00:00Z,2025-10-11T08:00:00+0200,94.662
2025-10-11T07:00:00Z,2025-10-11T09:00:00+0200,85.806
2025-10-11T08:00:00Z,2025-10-11T10:00:00+0200,73.071
2025-10-11T09:00:00Z,2025-10-11T11:00:00+0200,58.4791
2025-10-11T10:00:00Z,2025-10-11T12:00:00+0200,54.3499
2025-10-11T11:00:00Z,2025-10-11T13:00:00+0200,39.339
2025-10-11T12:00:00Z,2025-10-11T14:00:00+0200,38.2412
2025-10-11T13:00:00Z,2025-10-11T15:00:00+0200,54.7064
2025-10-11T14:00:00Z,2025-10-11T16:00:00+0200,77.4596
2025-10-11T15:00:00Z,2025-10-11T17:00:00+0200,106.53
2025-10-11T16:00:00Z,2025-10-11T18:00:00+0200,123.9555
2025-10-11T17:00:00Z,2025-10-11T19:00:00+0200,123.1039
2025-10-11T18:00:00Z,2025-10-11T20:00:00+0200,111.3196
2025-10-11T19:00:00Z,2025-10-11T21:00:00+0200,98.6233
2025-10-11T20:00:00Z,2025-10-11T22:00:00+0200,95.5752
2025-10-11T21:00:00Z,2025-10-11T23:00:00+0200,89.2265
2025-10-11T22:00:00Z,2025-10-12T00:00:00+0200,92.2087
2025-10-11T23:00:00Z,2025-10-12T01:00:00+0200,81.8583
2025-10-12T00:00:00Z,2025-10-12T02:00:00+0200,75.8987
2025-10-12T01:00:00Z,2025-10-12T03:00:00+0200,71.1063
2025-10-12T02:00:00Z,2025-10-12T04:00:00+0200,69.1725
2025-10-12T03:00:00Z,2025-10-12T05:00:00+0200,70.8191
2025-10-12T04:00:00Z,2025-10-12T06:00:00+0200,77.6601
2025-10-12T05:00:00Z,2025-10-12T07:00:00+0200,84.0993
2025-10-12T06:00:00Z,2025-10-12T08:00:00+0200,92.3262
2025-10-12T07:00:00Z,2025-10-12T09:00:00+0200,84.4353
2025-10-12T08:00:00Z,2025-10-12T10:00:00+0200,70.5952
2025-10-12T09:00:00Z,2025-10-12T11:00:00+0200,57.8993
2025-10-12T10:00:00Z,2025-10-12T12:00:00+0200,58.1182
2025-10-12T11:00:00Z,2025-10-12T13:00:00+0200,50.1555
2025-10-12T12:00:00Z,2025-10-12T14:00:00+0200,53.7523
2025-10-12T13:00:00Z,2025-10-12T15:00:00+0200,65.1094
2025-10-12T14:00:00Z,2025-10-12T16:00:00+0200,82.5733
2025-10-12T15:00:00Z,2025-10-12T17:00:00+0200,116.2983
2025-10-12T16:00:00Z,2025-10-12T18:00:00+0200,141.0234
2025-10-12T17:00:00Z,2025-10-12T19:00:00+0200,145.4261
2025-10-12T18:00:00Z,2025-10-12T20:00:00+0200,135.4709
2025-10-12T19:00:00Z,2025-10-12T21:00:00+0200,127.2205
2025-10-12T20:00:00Z,2025-10-12T22:00:00+0200,121.9872
2025-10-12T21:00:00Z,2025-10-12T23:00:00+0200,108.0866
2025-10-12T22:00:00Z,2025-10-13T00:00:00+0200,110.9616
2025-10-12T23:00:00Z,2025-10-13T01:00:00+0200,106.8978
2025-10-13T00:00:00Z,2025-10-13T02:00:00+0200,107.09
2025-10-13T01:00:00Z,2025-10-13T03:00:00+0200,108.6527
2025-10-13T02:00:00Z,2025-10-13T04:00:00+0200,106.7506
2025-10-13T03:00:00Z,2025-10-13T05:00:00+0200,113.6216
2025-10-13T04:00:00Z,2025-10-13T06:00:00+0200,154.6232
2025-10-13T05:00:00Z,2025-10-13T07:00:00+0200,168.2408
2025-10-13T06:00:00Z,2025-10-13T08:00:00+0200,162.9967
2025-10-13T07:00:00Z,2025-10-13T09:00:00+0200,149.3205
2025-10-13T08:00:00Z,2025-10-13T10:00:00+0200,133.2486
2025-10-13T09:00:00Z,2025-10-13T11:00:00+0200,114.6196
2025-10-13T10:00:00Z,2025-10-13T12:00:00+0200,105.9249
2025-10-13T11:00:00Z,2025-10-13T13:00:00+0200,103.3135
2025-10-13T12:00:00Z,2025-10-13T14:00:00+0200,99.3185
2025-10-13T13:00:00Z,2025-10-13T15:00:00+0200,104.3484
2025-10-13T14:00:00Z,2025-10-13T16:00:00+0200,124.0839
2025-10-13T15:00:00Z,2025-10-13T17:00:00+0200,160.6649
2025-10-13T16:00:00Z,2025-10-13T18:00:00+0200,242.703
2025-10-13T17:00:00Z,2025-10-13T19:00:00+0200,236.7971
2025-10-13T18:00:00Z,2025-10-13T20:00:00+0200,188.829
2025-10-13T19:00:00Z,2025-10-13T21:00:00+0200,156.5431
2025-10-13T20:00:00Z,2025-10-13T22:00:00+0200,136.4031
2025-10-13T21:00:00Z,2025-10-13T23:00:00+0200,118.0648
2025-10-13T22:00:00Z,2025-10-14T00:00:00+0200,108.4523
2025-10-13T23:00:00Z,2025-10-14T01:00:00+0200,103.4817
2025-10-14T00:00:00Z,2025-10-14T02:00:00+0200,97.031
2025-10-14T01:00:00Z,2025-10-14T03:00:00+0200,95.7871
2025-10-14T02:00:00Z,2025-10-14T04:00:00+0200,96.5716
2025-10-14T03:00:00Z,2025-10-14T05:00:00+0200,102.9423
2025-10-14T04:00:00Z,2025-10-14T06:00:00+0200,126.4381
2025-10-14T05:00:00Z,2025-10-14T07:00:00+0200,203.4148
2025-10-14T06:00:00Z,2025-10-14T08:00:00+0200,218.4292
2025-10-14T07:00:00Z,2025-10-14T09:00:00+0200,161.0613
2025-10-14T08:00:00Z,2025-10-14T10:00:00+0200,115.494
2025-10-14T09:00:00Z,2025-10-14T11:00:00+0200,111.8823
2025-10-14T10:00:00Z,2025-10-14T12:00:00+0200,97.9613
2025-10-14T11:00:00Z,2025-10-14T13:00:00+0200,95.6259
2025-10-14T12:00:00Z,2025-10-14T14:00:00+0200,95.1872
2025-10-14T13:00:00Z,2025-10-14T15:00:00+0200,103.0118
2025-10-14T14:00:00Z,2025-10-14T16:00:00+0200,119.3311
2025-10-14T15:00:00Z,2025-10-14T17:00:00+0200,171.0307
2025-10-14T16:00:00Z,2025-10-14T18:00:00+0200,231.6859
2025-10-14T17:00:00Z,2025-10-14T19:00:00+0200,259.5216
2025-10-14T18:00:00Z,2025-10-14T20:00:00+0200,196.1811
2025-10-14T19:00:00Z,2025-10-14T21:00:00+0200,149.3452
2025-10-14T20:00:00Z,2025-10-14T22:00:00+0200,129.5471
2025-10-14T21:00:00Z,2025-10-14T23:00:00+0200,120.0473
2025-10-14T22:00:00Z,2025-10-15T00:00:00+0200,115.2943
2025-10-14T23:00:00Z,2025-10-15T01:00:00+0200,108.3128
2025-10-15T00:00:00Z,2025-10-15T02:00:00+0200,105.6473
2025-10-15T01:00:00Z,2025-10-15T03:00:00+0200,105.1068
2025-10-15T02:00:00Z,2025-10-15T04:00:00+0200,106.3038
2025-10-15T03:00:00Z,2025-10-15T05:00:00+0200,113.5087
2025-10-15T04:00:00Z,2025-10-15T06:00:00+0200,149.5137
2025-10-15T05:00:00Z,2025-10-15T07:00:00+0200,221.2712
2025-10-15T06:00:00Z,2025-10-15T08:00:00+0200,242.169
2025-10-15T07:00:00Z,2025-10-15T09:00:00+0200,187.5093
2025-10-15T08:00:00Z,2025-10-15T10:00:00+0200,144.7191
2025-10-15T09:00:00Z,2025-10-15T11:00:00+0200,122.3162
2025-10-15T10:00:00Z,2025-10-15T12:00:00+0200,107.0149
2025-10-15T11:00:00Z,2025-10-15T13:00:00+0200,101.4908
2025-10-15T12:00:00Z,2025-10-15T14:00:00+0200,101.0341
2025-10-15T13:00:00Z,2025-10-15T15:00:00+0200,111.4172
2025-10-15T14:00:00Z,2025-10-15T16:00:00+0200,128.2525
2025-10-15T15:00:00Z,2025-10-15T17:00:00+0200,198.8274
2025-10-15T16:00:00Z,2025-10-15T18:00:00+0200,260.1692
2025-10-15T17:00:00Z,2025-10-15T19:00:00+0200,276.9634
2025-10-15T18:00:00Z,2025-10-15T20:00:00+0200,195.4595
2025-10-15T19:00:00Z,2025-10-15T21:00:00+0200,153.7717
2025-10-15T20:00:00Z,2025-10-15T22:00:00+0200,135.192
2025-10-15T21:00:00Z,2025-10-15T23:00:00+0200,110.4582
2025-10-15T22:00:00Z,2025-10-16T00:00:00+0200,107.6394
2025-10-15T23:00:00Z,2025-10-16T01:00:00+0200,99.7352
2025-10-16T00:00:00Z,2025-10-16T02:00:00+0200,97.1552
2025-10-16T01:00:00Z,2025-10-16T03:00:00+0200,93.2116
2025-10-16T02:00:00Z,2025-10-16T04:00:00+0200,95.4329
2025-10-16T03:00:00Z,2025-10-16T05:00:00+0200,102.0193
2025-10-16T04:00:00Z,2025-10-16T06:00:00+0200,134.6896
2025-10-16T05:00:00Z,2025-10-16T07:00:00+0200,181.2512
2025-10-16T06:00:00Z,2025-10-16T08:00:00+0200,220.3179
2025-10-16T07:00:00Z,2025-10-16T09:00:00+0200,183.0144
2025-10-16T08:00:00Z,2025-10-16T10:00:00+0200,154.7011
2025-10-16T09:00:00Z,2025-10-16T11:00:00+0200,121.0567
2025-10-16T10:00:00Z,2025-10-16T12:00:00+0200,107.5291
2025-10-16T11:00:00Z,2025-10-16T13:00:00+0200,98.7175
2025-10-16T12:00:00Z,2025-10-16T14:00:00+0200,100.3288
2025-10-16T13:00:00Z,2025-10-16T15:00:00+0200,105.5577
2025-10-16T14:00:00Z,2025-10-16T16:00:00+0200,125.8568
2025-10-16T15:00:00Z,2025-10-16T17:00:00+0200,170.5172
2025-10-16T16:00:00Z,2025-10-16T18:00:00+0200,195.8307
2025-10-16T17:00:00Z,2025-10-16T19:00:00+0200,195.8694
2025-10-16T18:00:00Z,2025-10-16T20:00:00+0200,157.6877
2025-10-16T19:00:00Z,2025-10-16T21:00:00+0200,134.8205
2025-10-16T20:00:00Z,2025-10-16T22:00:00+0200,118.8569
2025-10-16T21:00:00Z,2025-10-16T23:00:00+0200,99.9335
2025-10-16T22:00:00Z,2025-10-17T00:00:00+0200,100.5473
2025-10-16T23:00:00Z,2025-10-17T01:00:00+0200,99.0013
2025-10-17T00:00:00Z,2025-10-17T02:00:00+0200,98.8771
2025-10-17T01:00:00Z,2025-10-17T03:00:00+0200,97.8557
2025-10-17T02:00:00Z,2025-10-17T04:00:00+0200,98.9956
2025-10-17T03:00:00Z,2025-10-17T05:00:00+0200,105.1886
2025-10-17T04:00:00Z,2025-10-17T06:00:00+0200,143.2916
2025-10-17T05:00:00Z,2025-10-17T07:00:00+0200,166.7834
2025-10-17T06:00:00Z,2025-10-17T08:00:00+0200,181.8196
2025-10-17T07:00:00Z,2025-10-17T09:00:00+0200,174.5949
2025-10-17T08:00:00Z,2025-10-17T10:00:00+0200,148.5579
2025-10-17T09:00:00Z,2025-10-17T11:00:00+0200,110.0461
2025-10-17T10:00:00Z,2025-10-17T12:00:00+0200,98.3056
2025-10-17T11:00:00Z,2025-10-17T13:00:00+0200,92.2599
2025-10-17T12:00:00Z,2025-10-17T14:00:00+0200,85.4232
2025-10-17T13:00:00Z,2025-10-17T15:00:00+0200,94.6115
2025-10-17T14:00:00Z,2025-10-17T16:00:00+0200,114.7958
2025-10-17T15:00:00Z,2025-10-17T17:00:00+0200,146.5542
2025-10-17T16:00:00Z,2025-10-17T18:00:00+0200,167.0331
2025-10-17T17:00:00Z,2025-10-17T19:00:00+0200,163.6315
2025-10-17T18:00:00Z,2025-10-17T20:00:00+0200,134.594
2025-10-17T19:00:00Z,2025-10-17T21:00:00+0200,124.448
2025-10-17T20:00:00Z,2025-10-17T22:00:00+0200,111.3331
2025-10-17T21:00:00Z,2025-10-17T23:00:00+0200,99.8399
2025-10-17T22:00:00Z,2025-10-18T00:00:00+0200,103.1435
2025-10-17T23:00:00Z,2025-10-18T01:00:00+0200,99.7675
2025-10-18T00:00:00Z,2025-10-18T02:00:00+0200,98.2403
2025-10-18T01:00:00Z,2025-10-18T03:00:00+0200,98.37
2025-10-18T02:00:00Z,2025-10-18T04:00:00+0200,97.2351
2025-10-18T03:00:00Z,2025-10-18T05:00:00+0200,98.6049
2025-10-18T04:00:00Z,2025-10-18T06:00:00+0200,103.7159
2025-10-18T05:00:00Z,2025-10-18T07:00:00+0200,121.9041
2025-10-18T06:00:00Z,2025-10-18T08:00:00+0200,134.2176
2025-10-18T07:00:00Z,2025-10-18T09:00:00+0200,116.7538
2025-10-18T08:00:00Z,2025-10-18T10:00:00+0200,95.7331
2025-10-18T09:00:00Z,2025-10-18T11:00:00+0200,76.2914
2025-10-18T10:00:00Z,2025-10-18T12:00:00+0200,62.6767
2025-10-18T11:00:00Z,2025-10-18T13:00:00+0200,57.6782
2025-10-18T12:00:00Z,2025-10-18T14:00:00+0200,59.1726
2025-10-18T13:00:00Z,2025-10-18T15:00:00+0200,79.7494
2025-10-18T14:00:00Z,2025-10-18T16:00:00+0200,103.2267
2025-10-18T15:00:00Z,2025-10-18T17:00:00+0200,142.3911
2025-10-18T16:00:00Z,2025-10-18T18:00:00+0200,169.1986
2025-10-18T17:00:00Z,2025-10-18T19:00:00+0200,164.6769
2025-10-18T18:00:00Z,2025-10-18T20:00:00+0200,138.6456
2025-10-18T19:00:00Z,2025-10-18T21:00:00+0200,120.0693
2025-10-18T20:00:00Z,2025-10-18T22:00:00+0200,108.1712
2025-10-18T21:00:00Z,2025-10-18T23:00:00+0200,98.6343
2025-10-18T22:00:00Z,2025-10-19T00:00:00+0200,95.5176
2025-10-18T23:00:00Z,2025-10-19T01:00:00+0200,91.9777
2025-10-19T00:00:00Z,2025-10-19T02:00:00+0200,86.149
2025-10-19T01:00:00Z,2025-10-19T03:00:00+0200,80.8577
2025-10-19T02:00:00Z,2025-10-19T04:00:00+0200,78.4518
2025-10-19T03:00:00Z,2025-10-19T05:00:00+0200,77.7482
2025-10-19T04:00:00Z,2025-10-19T06:00:00+0200,80.9651
2025-10-19T05:00:00Z,2025-10-19T07:00:00+0200,87.5224
2025-10-19T06:00:00Z,2025-10-19T08:00:00+0200,88.4654
2025-10-19T07:00:00Z,2025-10-19T09:00:00+0200,77.8345
2025-10-19T08:00:00Z,2025-10-19T10:00:00+0200,70.8387
2025-10-19T09:00:00Z,2025-10-19T11:00:00+0200,60.0016
2025-10-19T10:00:00Z,2025-10-19T12:00:00+0200,43.4562
2025-10-19T11:00:00Z,2025-10-19T13:00:00+0200,25.5885
2025-10-19T12:00:00Z,2025-10-19T14:00:00+0200,23.9987
2025-10-19T13:00:00Z,2025-10-19T15:00:00+0200,52.7403
2025-10-19T14:00:00Z,2025-10-19T16:00:00+0200,78.5577
2025-10-19T15:00:00Z,2025-10-19T17:00:00+0200,107.8491
2025-10-19T16:00:00Z,2025-10-19T18:00:00+0200,112.8024
2025-10-19T17:00:00Z,2025-10-19T19:00:00+0200,105.1937
2025-10-19T18:00:00Z,2025-10-19T20:00:00+0200,84.496
2025-10-19T19:00:00Z,2025-10-19T21:00:00+0200,72.4337
2025-10-19T20:00:00Z,2025-10-19T22:00:00+0200,70.0047
2025-10-19T21:00:00Z,2025-10-19T23:00:00+0200,56.6884
2025-10-19T22:00:00Z,2025-10-20T00:00:00+0200,38.7726
2025-10-19T23:00:00Z,2025-10-20T01:00:00+0200,25.3944
2025-10-20T00:00:00Z,2025-10-20T02:00:00+0200,18.2727
2025-10-20T01:00:00Z,2025-10-20T03:00:00+0200,11.145
2025-10-20T02:00:00Z,2025-10-20T04:00:00+0200,10.7583
2025-10-20T03:00:00Z,2025-10-20T05:00:00+0200,25.4603
2025-10-20T04:00:00Z,2025-10-20T06:00:00+0200,53.5677
2025-10-20T05:00:00Z,2025-10-20T07:00:00+0200,90.2201
2025-10-20T06:00:00Z,2025-10-20T08:00:00+0200,104.2544
2025-10-20T07:00:00Z,2025-10-20T09:00:00+0200,82.4059
2025-10-20T08:00:00Z,2025-10-20T10:00:00+0200,69.1941
2025-10-20T09:00:00Z,2025-10-20T11:00:00+0200,68.5379
2025-10-20T10:00:00Z,2025-10-20T12:00:00+0200,67.5019
2025-10-20T11:00:00Z,2025-10-20T13:00:00+0200,71.3415
2025-10-20T12:00:00Z,2025-10-20T14:00:00+0200,75.7345
2025-10-20T13:00:00Z,2025-10-20T15:00:00+0200,85.7311
2025-10-20T14:00:00Z,2025-10-20T16:00:00+0200,98.9865
2025-10-20T15:00:00Z,2025-10-20T17:00:00+0200,107.4687
2025-10-20T16:00:00Z,2025-10-20T18:00:00+0200,110.4423
2025-10-20T17:00:00Z,2025-10-20T19:00:00+0200,108.2038
2025-10-20T18:00:00Z,2025-10-20T20:00:00+0200,80.0477
2025-10-20T19:00:00Z,2025-10-20T21:00:00+0200,65.1592
2025-10-20T20:00:00Z,2025-10-20T22:00:00+0200,46.1875
2025-10-20T21:00:00Z,2025-10-20T23:00:00+0200,26.1713
2025-10-20T22:00:00Z,2025-10-21T00:00:00+0200,8.7787
2025-10-20T23:00:00Z,2025-10-21T01:00:00+0200,3.3663
2025-10-21T00:00:00Z,2025-10-21T02:00:00+0200,-4.3119
2025-10-21T01:00:00Z,2025-10-21T03:00:00+0200,-7.5069
2025-10-21T02:00:00Z,2025-10-21T04:00:00+0200,-6.916
2025-10-21T03:00:00Z,2025-10-21T05:00:00+0200,2.2114
2025-10-21T04:00:00Z,2025-10-21T06:00:00+0200,26.7251
2025-10-21T05:00:00Z,2025-10-21T07:00:00+0200,56.3534
2025-10-21T06:00:00Z,2025-10-21T08:00:00+0200,79.7414
2025-10-21T07:00:00Z,2025-10-21T09:00:00+0200,56.0657
2025-10-21T08:00:00Z,2025-10-21T10:00:00+0200,26.9475
2025-10-21T09:00:00Z,2025-10-21T11:00:00+0200,14.1432
2025-10-21T10:00:00Z,2025-10-21T12:00:00+0200,0.7033
2025-10-21T11:00:00Z,2025-10-21T13:00:00+0200,-0.4875
2025-10-21T12:00:00Z,2025-10-21T14:00:00+0200,3.8018
2025-10-21T13:00:00Z,2025-10-21T15:00:00+0200,17.8159
2025-10-21T14:00:00Z,2025-10-21T16:00:00+0200,59.0108
2025-10-21T15:00:00Z,2025-10-21T17:00:00+0200,89.5446
2025-10-21T16:00:00Z,2025-10-21T18:00:00+0200,108.6079
2025-10-21T17:00:00Z,2025-10-21T19:00:00+0200,98.1248
2025-10-21T18:00:00Z,2025-10-21T20:00:00+0200,92.2105
2025-10-21T19:00:00Z,2025-10-21T21:00:00+0200,77.3844
2025-10-21T20:00:00Z,2025-10-21T22:00:00+0200,68.4338
2025-10-21T21:00:00Z,2025-10-21T23:00:00+0200,48.2351
2025-10-21T22:00:00Z,2025-10-22T00:00:00+0200,55.6286
2025-10-21T23:00:00Z,2025-10-22T01:00:00+0200,50.4604
2025-10-22T00:00:00Z,2025-10-22T02:00:00+0200,49.6468
2025-10-22T01:00:00Z,2025-10-22T03:00:00+0200,50.0042
2025-10-22T02:00:00Z,2025-10-22T04:00:00+0200,51.1127
2025-10-22T03:00:00Z,2025-10-22T05:00:00+0200,64.4634
2025-10-22T04:00:00Z,2025-10-22T06:00:00+0200,98.208
2025-10-22T05:00:00Z,2025-10-22T07:00:00+0200,128.7273
2025-10-22T06:00:00Z,2025-10-22T08:00:00+0200,165.7642
2025-10-22T07:00:00Z,2025-10-22T09:00:00+0200,160.655
2025-10-22T08:00:00Z,2025-10-22T10:00:00+0200,147.3966
2025-10-22T09:00:00Z,2025-10-22T11:00:00+0200,139.017
2025-10-22T10:00:00Z,2025-10-22T12:00:00+0200,129.667
2025-10-22T11:00:00Z,2025-10-22T13:00:00+0200,123.6277
2025-10-22T12:00:00Z,2025-10-22T14:00:00+0200,120.1775
2025-10-22T13:00:00Z,2025-10-22T15:00:00+0200,131.4264
2025-10-22T14:00:00Z,2025-10-22T16:00:00+0200,153.3614
2025-10-22T15:00:00Z,2025-10-22T17:00:00+0200,162.719
2025-10-22T16:00:00Z,2025-10-22T18:00:00+0200,174.7902
2025-10-22T17:00:00Z,2025-10-22T19:00:00+0200,179.8922
2025-10-22T18:00:00Z,2025-10-22T20:00:00+0200,143.2211
2025-10-22T19:00:00Z,2025-10-22T21:00:00+0200,128.8852
2025-10-22T20:00:00Z,2025-10-22T22:00:00+0200,109.9861
2025-10-22T21:00:00Z,2025-10-22T23:00:00+0200,103.914
2025-10-22T22:00:00Z,2025-10-23T00:00:00+0200,97.1085
2025-10-22T23:00:00Z,2025-10-23T01:00:00+0200,92.5484
2025-10-23T00:00:00Z,2025-10-23T02:00:00+0200,85.3564
2025-10-23T01:00:00Z,2025-10-23T03:00:00+0200,83.0085
2025-10-23T02:00:00Z,2025-10-23T04:00:00+0200,69.2465
2025-10-23T03:00:00Z,2025-10-23T05:00:00+0200,43.4831
2025-10-23T04:00:00Z,2025-10-23T06:00:00+0200,57.0445
2025-10-23T05:00:00Z,2025-10-23T07:00:00+0200,78.2845
2025-10-23T06:00:00Z,2025-10-23T08:00:00+0200,90.7704
2025-10-23T07:00:00Z,2025-10-23T09:00:00+0200,83.4639
2025-10-23T08:00:00Z,2025-10-23T10:00:00+0200,71.5285
2025-10-23T09:00:00Z,2025-10-23T11:00:00+0200,63.6906
2025-10-23T10:00:00Z,2025-10-23T12:00:00+0200,52.4448
2025-10-23T11:00:00Z,2025-10-23T13:00:00+0200,44.2313
2025-10-23T12:00:00Z,2025-10-23T14:00:00+0200,44.5235
2025-10-23T13:00:00Z,2025-10-23T15:00:00+0200,57.6428
2025-10-23T14:00:00Z,2025-10-23T16:00:00+0200,73.071
2025-10-23T15:00:00Z,2025-10-23T17:00:00+0200,94.8774
2025-10-23T16:00:00Z,2025-10-23T18:00:00+0200,94.7014
2025-10-23T17:00:00Z,2025-10-23T19:00:00+0200,89.1186
2025-10-23T18:00:00Z,2025-10-23T20:00:00+0200,92.1648
2025-10-23T19:00:00Z,2025-10-23T21:00:00+0200,71.8286
2025-10-23T20:00:00Z,2025-10-23T22:00:00+0200,61.6921
2025-10-23T21:00:00Z,2025-10-23T23:00:00+0200,39.2701
2025-10-23T22:00:00Z,2025-10-24T00:00:00+0200,17.017
2025-10-23T23:00:00Z,2025-10-24T01:00:00+0200,10.1265
2025-10-24T00:00:00Z,2025-10-24T02:00:00+0200,5.8728
2025-10-24T01:00:00Z,2025-10-24T03:00:00+0200,0.9614
2025-10-24T02:00:00Z,2025-10-24T04:00:00+0200,1.2315
2025-10-24T03:00:00Z,2025-10-24T05:00:00+0200,5.2595
2025-10-24T04:00:00Z,2025-10-24T06:00:00+0200,14.6936
2025-10-24T05:00:00Z,2025-10-24T07:00:00+0200,44.3188
2025-10-24T06:00:00Z,2025-10-24T08:00:00+0200,63.3096
2025-10-24T07:00:00Z,2025-10-24T09:00:00+0200,39.8774
2025-10-24T08:00:00Z,2025-10-24T10:00:00+0200,11.4699
2025-10-24T09:00:00Z,2025-10-24T11:00:00+0200,1.033
2025-10-24T10:00:00Z,2025-10-24T12:00:00+0200,-0.4548
2025-10-24T11:00:00Z,2025-10-24T13:00:00+0200,-6.5244
2025-10-24T12:00:00Z,2025-10-24T14:00:00+0200,-8.7574
2025-10-24T13:00:00Z,2025-10-24T15:00:00+0200,-12.0788
2025-10-24T14:00:00Z,2025-10-24T16:00:00+0200,8.5476
2025-10-24T15:00:00Z,2025-10-24T17:00:00+0200,33.9491
2025-10-24T16:00:00Z,2025-10-24T18:00:00+0200,59.7179
2025-10-24T17:00:00Z,2025-10-24T19:00:00+0200,55.2242
2025-10-24T18:00:00Z,2025-10-24T20:00:00+0200,28.9111
2025-10-24T19:00:00Z,2025-10-24T21:00:00+0200,15.2804
2025-10-24T20:00:00Z,2025-10-24T22:00:00+0200,15.0224
2025-10-24T21:00:00Z,2025-10-24T23:00:00+0200,14.6177
2025-10-24T22:00:00Z,2025-10-25T00:00:00+0200,14.9803
2025-10-24T23:00:00Z,2025-10-25T01:00:00+0200,11.2318
2025-10-25T00:00:00Z,2025-10-25T02:00:00+0200,10.6098
2025-10-25T01:00:00Z,2025-10-25T03:00:00+0200,6.7422
2025-10-25T02:00:00Z,2025-10-25T04:00:00+0200,-3.221
2025-10-25T03:00:00Z,2025-10-25T05:00:00+0200,-0.5412
2025-10-25T04:00:00Z,2025-10-25T06:00:00+0200,-1.0418
2025-10-25T05:00:00Z,2025-10-25T07:00:00+0200,2.5951
2025-10-25T06:00:00Z,2025-10-25T08:00:00+0200,9.2214
2025-10-25T07:00:00Z,2025-10-25T09:00:00+0200,6.4653
2025-10-25T08:00:00Z,2025-10-25T10:00:00+0200,7.8488
2025-10-25T09:00:00Z,2025-10-25T11:00:00+0200,11.7217
2025-10-25T10:00:00Z,2025-10-25T12:00:00+0200,8.2733
2025-10-25T11:00:00Z,2025-10-25T13:00:00+0200,1.4483
2025-10-25T12:00:00Z,2025-10-25T14:00:00+0200,0.6688
2025-10-25T13:00:00Z,2025-10-25T15:00:00+0200,0.1179
2025-10-25T14:00:00Z,2025-10-25T16:00:00+0200,2.8299
2025-10-25T15:00:00Z,2025-10-25T17:00:00+0200,16.6274
2025-10-25T16:00:00Z,2025-10-25T18:00:00+0200,32.3015
2025-10-25T17:00:00Z,2025-10-25T19:00:00+0200,31.3228
2025-10-25T18:00:00Z,2025-10-25T20:00:00+0200,22.8387
2025-10-25T19:00:00Z,2025-10-25T21:00:00+0200,13.903
2025-10-25T20:00:00Z,2025-10-25T22:00:00+0200,16.724
2025-10-25T21:00:00Z,2025-10-25T23:00:00+0200,9.5449
2025-10-25T22:00:00Z,2025-10-26T00:00:00+0200,103.3174
2025-10-25T23:00:00Z,2025-10-26T01:00:00+0200,11.0985
2025-10-26T00:00:00Z,2025-10-26T02:00:00+0200,4.0899
2025-10-26T01:00:00Z,2025-10-26T02:00:00+0100,3.0801
2025-10-26T02:00:00Z,2025-10-26T03:00:00+0100,-0.8541
2025-10-26T03:00:00Z,2025-10-26T04:00:00+0100,-3.2262
2025-10-26T04:00:00Z,2025-10-26T05:00:00+0100,14.2359
2025-10-26T05:00:00Z,2025-10-26T06:00:00+0100,-11.7374
2025-10-26T06:00:00Z,2025-10-26T07:00:00+0100,-11.5819
2025-10-26T07:00:00Z,2025-10-26T08:00:00+0100,-2.8703
2025-10-26T08:00:00Z,2025-10-26T09:00:00+0100,21.3539
2025-10-26T09:00:00Z,2025-10-26T10:00:00+0100,2.0967
2025-10-26T10:00:00Z,2025-10-26T11:00:00+0100,13.2838
2025-10-26T11:00:00Z,2025-10-26T12:00:00+0100,16.8324
2025-10-26T12:00:00Z,2025-10-26T13:00:00+0100,6.2016
2025-10-26T13:00:00Z,2025-10-26T14:00:00+0100,1.5213
2025-10-26T14:00:00Z,2025-10-26T15:00:00+0100,-11.4768
2025-10-26T15:00:00Z,2025-10-26T16:00:00+0100,-1.8136
2025-10-26T16:00:00Z,2025-10-26T17:00:00+0100,0.9302
2025-10-26T17:00:00Z,2025-10-26T18:00:00+0100,-0.1866
2025-10-26T18:00:00Z,2025-10-26T19:00:00+0100,-2.7637
2025-10-26T19:00:00Z,2025-10-26T20:00:00+0100,-7.9102
2025-10-26T20:00:00Z,2025-10-26T21:00:00+0100,-4.4063
2025-10-26T21:00:00Z,2025-10-26T22:00:00+0100,-4.3821
2025-10-26T22:00:00Z,2025-10-26T23:00:00+0100,-6.9335
2025-10-26T23:00:00Z,2025-10-27T00:00:00+0100,-5.7355
2025-10-27T00:00:00Z,2025-10-27T01:00:00+0100,-4.8952
2025-10-27T01:00:00Z,2025-10-27T02:00:00+0100,-8.6294
2025-10-27T02:00:00Z,2025-10-27T03:00:00+0100,-7.667
2025-10-27T03:00:00Z,2025-10-27T04:00:00+0100,-3.8309
2025-10-27T04:00:00Z,2025-10-27T05:00:00+0100,13.611
2025-10-27T05:00:00Z,2025-10-27T06:00:00+0100,48.4853
2025-10-27T06:00:00Z,2025-10-27T07:00:00+0100,78.8054
2025-10-27T07:00:00Z,2025-10-27T08:00:00+0100,79.9706
2025-10-27T08:00:00Z,2025-10-27T09:00:00+0100,63.027
2025-10-27T09:00:00Z,2025-10-27T10:00:00+0100,57.684
2025-10-27T10:00:00Z,2025-10-27T11:00:00+0100,51.2567
2025-10-27T11:00:00Z,2025-10-27T12:00:00+0100,44.1607
2025-10-27T12:00:00Z,2025-10-27T13:00:00+0100,42.7268
2025-10-27T13:00:00Z,2025-10-27T14:00:00+0100,51.7276
2025-10-27T14:00:00Z,2025-10-27T15:00:00+0100,58.1027
2025-10-27T15:00:00Z,2025-10-27T16:00:00+0100,66.4768
2025-10-27T16:00:00Z,2025-10-27T17:00:00+0100,72.2503
2025-10-27T17:00:00Z,2025-10-27T18:00:00+0100,73.305
2025-10-27T18:00:00Z,2025-10-27T19:00:00+0100,62.7911
2025-10-27T19:00:00Z,2025-10-27T20:00:00+0100,53.5785
2025-10-27T20:00:00Z,2025-10-27T21:00:00+0100,42.063
2025-10-27T21:00:00Z,2025-10-27T22:00:00+0100,26.4756
2025-10-27T22:00:00Z,2025-10-27T23:00:00+0100,18.3745
2025-10-27T23:00:00Z,2025-10-28T00:00:00+0100,3.9361
2025-10-28T00:00:00Z,2025-10-28T01:00:00+0100,-0.7173
2025-10-28T01:00:00Z,2025-10-28T02:00:00+0100,-2.3726
2025-10-28T02:00:00Z,2025-10-28T03:00:00+0100,-2.8404
2025-10-28T03:00:00Z,2025-10-28T04:00:00+0100,-1.0315
2025-10-28T04:00:00Z,2025-10-28T05:00:00+0100,11.9856
2025-10-28T05:00:00Z,2025-10-28T06:00:00+0100,41.5877
2025-10-28T06:00:00Z,2025-10-28T07:00:00+0100,64.1208
2025-10-28T07:00:00Z,2025-10-28T08:00:00+0100,67.7113
2025-10-28T08:00:00Z,2025-10-28T09:00:00+0100,57.1383
2025-10-28T09:00:00Z,2025-10-28T10:00:00+0100,50.1174
2025-10-28T10:00:00Z,2025-10-28T11:00:00+0100,46.0064
2025-10-28T11:00:00Z,2025-10-28T12:00:00+0100,29.9273
2025-10-28T12:00:00Z,2025-10-28T13:00:00+0100,17.4146
2025-10-28T13:00:00Z,2025-10-28T14:00:00+0100,16.4868
2025-10-28T14:00:00Z,2025-10-28T15:00:00+0100,34.7001
2025-10-28T15:00:00Z,2025-10-28T16:00:00+0100,54.2611
2025-10-28T16:00:00Z,2025-10-28T17:00:00+0100,60.6936
2025-10-28T17:00:00Z,2025-10-28T18:00:00+0100,69.468
2025-10-28T18:00:00Z,2025-10-28T19:00:00+0100,72.8624
2025-10-28T19:00:00Z,2025-10-28T20:00:00+0100,53.08
2025-10-28T20:00:00Z,2025-10-28T21:00:00+0100,49.7826
2025-10-28T21:00:00Z,2025-10-28T22:00:00+0100,36.5313
2025-10-28T22:00:00Z,2025-10-28T23:00:00+0100,27.9491
2025-10-28T23:00:00Z,2025-10-29T00:00:00+0100,22.5404
2025-10-29T00:00:00Z,2025-10-29T01:00:00+0100,18.3532
2025-10-29T01:00:00Z,2025-10-29T02:00:00+0100,17.7936
2025-10-29T02:00:00Z,2025-10-29T03:00:00+0100,19.6877
2025-10-29T03:00:00Z,2025-10-29T04:00:00+0100,35.7745
2025-10-29T04:00:00Z,2025-10-29T05:00:00+0100,45.4501
2025-10-29T05:00:00Z,2025-10-29T06:00:00+0100,64.1271
2025-10-29T06:00:00Z,2025-10-29T07:00:00+0100,87.3373
2025-10-29T07:00:00Z,2025-10-29T08:00:00+0100,85.0776
2025-10-29T08:00:00Z,2025-10-29T09:00:00+0100,57.8756
2025-10-29T09:00:00Z,2025-10-29T10:00:00+0100,44.7907
2025-10-29T10:00:00Z,2025-10-29T11:00:00+0100,40.7877
2025-10-29T11:00:00Z,2025-10-29T12:00:00+0100,39.8763
2025-10-29T12:00:00Z,2025-10-29T13:00:00+0100,48.7261
2025-10-29T13:00:00Z,2025-10-29T14:00:00+0100,67.2227
2025-10-29T14:00:00Z,2025-10-29T15:00:00+0100,88.0582
2025-10-29T15:00:00Z,2025-10-29T16:00:00+0100,107.0859
2025-10-29T16:00:00Z,2025-10-29T17:00:00+0100,113.33
2025-10-29T17:00:00Z,2025-10-29T18:00:00+0100,116.7414
2025-10-29T18:00:00Z,2025-10-29T19:00:00+0100,107.6027
2025-10-29T19:00:00Z,2025-10-29T20:00:00+0100,95.598
2025-10-29T20:00:00Z,2025-10-29T21:00:00+0100,86.522
2025-10-29T21:00:00Z,2025-10-29T22:00:00+0100,77.7577
2025-10-29T22:00:00Z,2025-10-29T23:00:00+0100,67.5972
2025-10-29T23:00:00Z,2025-10-30T00:00:00+0100,52.7398
2025-10-30T00:00:00Z,2025-10-30T01:00:00+0100,50.5463
2025-10-30T01:00:00Z,2025-10-30T02:00:00+0100,40.261
2025-10-30T02:00:00Z,2025-10-30T03:00:00+0100,28.3828
2025-10-30T03:00:00Z,2025-10-30T04:00:00+0100,19.6589
2025-10-30T04:00:00Z,2025-10-30T05:00:00+0100,23.0241
2025-10-30T05:00:00Z,2025-10-30T06:00:00+0100,32.9653
2025-10-30T06:00:00Z,2025-10-30T07:00:00+0100,60.3702
2025-10-30T07:00:00Z,2025-10-30T08:00:00+0100,55.7333
2025-10-30T08:00:00Z,2025-10-30T09:00:00+0100,23.1987
2025-10-30T09:00:00Z,2025-10-30T10:00:00+0100,10.1055
2025-10-30T10:00:00Z,2025-10-30T11:00:00+0100,2.5026
2025-10-30T11:00:00Z,2025-10-30T12:00:00+0100,0.0358
2025-10-30T12:00:00Z,2025-10-30T13:00:00+0100,-4.6375
2025-10-30T13:00:00Z,2025-10-30T14:00:00+0100,-5.4457
2025-10-30T14:00:00Z,2025-10-30T15:00:00+0100,53.4935
2025-10-30T15:00:00Z,2025-10-30T16:00:00+0100,87.121
2025-10-30T16:00:00Z,2025-10-30T17:00:00+0100,109.6531
2025-10-30T17:00:00Z,2025-10-30T18:00:00+0100,116.3262
2025-10-30T18:00:00Z,2025-10-30T19:00:00+0100,113.4744
2025-10-30T19:00:00Z,2025-10-30T20:00:00+0100,106.1125
2025-10-30T20:00:00Z,2025-10-30T21:00:00+0100,98.3331
2025-10-30T21:00:00Z,2025-10-30T22:00:00+0100,95.8499
2025-10-30T22:00:00Z,2025-10-30T23:00:00+0100,86.7436
2025-10-30T23:00:00Z,2025-10-31T00:00:00+0100,83.6583
2025-10-31T00:00:00Z,2025-10-31T01:00:00+0100,79.044
2025-10-31T01:00:00Z,2025-10-31T02:00:00+0100,74.685
2025-10-31T02:00:00Z,2025-10-31T03:00:00+0100,71.9295
2025-10-31T03:00:00Z,2025-10-31T04:00:00+0100,74.9953
2025-10-31T04:00:00Z,2025-10-31T05:00:00+0100,77.5247
2025-10-31T05:00:00Z,2025-10-31T06:00:00+0100,93.2087
2025-10-31T06:00:00Z,2025-10-31T07:00:00+0100,112.0871
2025-10-31T07:00:00Z,2025-10-31T08:00:00+0100,95.5588
2025-10-31T08:00:00Z,2025-10-31T09:00:00+0100,70.3388
2025-10-31T09:00:00Z,2025-10-31T10:00:00+0100,55.5599
2025-10-31T10:00:00Z,2025-10-31T11:00:00+0100,52.2969
2025-10-31T11:00:00Z,2025-10-31T12:00:00+0100,58.3889
2025-10-31T12:00:00Z,2025-10-31T13:00:00+0100,65.8945
2025-10-31T13:00:00Z,2025-10-31T14:00:00+0100,79.6067
2025-10-31T14:00:00Z,2025-10-31T15:00:00+0100,93.7776
2025-10-31T15:00:00Z,2025-10-31T16:00:00+0100,109.7676
2025-10-31T16:00:00Z,2025-10-31T17:00:00+0100,116.6591
2025-10-31T17:00:00Z,2025-10-31T18:00:00+0100,113.1653
2025-10-31T18:00:00Z,2025-10-31T19:00:00+0100,104.9654
2025-10-31T19:00:00Z,2025-10-31T20:00:00+0100,95.8626
2025-10-31T20:00:00Z,2025-10-31T21:00:00+0100,80.5256
2025-10-31T21:00:00Z,2025-10-31T22:00:00+0100,72.3542
2025-10-31T22:00:00Z,2025-10-31T23:00:00+0100,62.7309
2025-10-31T23:00:00Z,2025-11-01T00:00:00+0100,58.645
2025-11-01T00:00:00Z,2025-11-01T01:00:00+0100,55.7293
2025-11-01T01:00:00Z,2025-11-01T02:00:00+0100,50.6055
2025-11-01T02:00:00Z,2025-11-01T03:00:00+0100,43.5074
2025-11-01T03:00:00Z,2025-11-01T04:00:00+0100,38.2825
2025-11-01T04:00:00Z,2025-11-01T05:00:00+0100,33.8248
2025-11-01T05:00:00Z,2025-11-01T06:00:00+0100,40.2396
2025-11-01T06:00:00Z,2025-11-01T07:00:00+0100,40.2803
2025-11-01T07:00:00Z,2025-11-01T08:00:00+0100,24.8952
2025-11-01T08:00:00Z,2025-11-01T09:00:00+0100,12.3572
2025-11-01T09:00:00Z,2025-11-01T10:00:00+0100,5.1766
2025-11-01T10:00:00Z,2025-11-01T11:00:00+0100,11.7217
2025-11-01T11:00:00Z,2025-11-01T12:00:00+0100,16.8423
2025-11-01T12:00:00Z,2025-11-01T13:00:00+0100,23.8916
2025-11-01T13:00:00Z,2025-11-01T14:00:00+0100,30.0674
2025-11-01T14:00:00Z,2025-11-01T15:00:00+0100,50.8828
2025-11-01T15:00:00Z,2025-11-01T16:00:00+0100,66.5849
2025-11-01T16:00:00Z,2025-11-01T17:00:00+0100,76.1794
2025-11-01T17:00:00Z,2025-11-01T18:00:00+0100,76.5811
2025-11-01T18:00:00Z,2025-11-01T19:00:00+0100,77.3422
2025-11-01T19:00:00Z,2025-11-01T20:00:00+0100,62.4948
2025-11-01T20:00:00Z,2025-11-01T21:00:00+0100,61.095
2025-11-01T21:00:00Z,2025-11-01T22:00:00+0100,64.2574
2025-11-01T22:00:00Z,2025-11-01T23:00:00+0100,54.5528
2025-11-01T23:00:00Z,2025-11-02T00:00:00+0100,50.0686
2025-11-02T00:00:00Z,2025-11-02T01:00:00+0100,43.6887
2025-11-02T01:00:00Z,2025-11-02T02:00:00+0100,42.7292
2025-11-02T02:00:00Z,2025-11-02T03:00:00+0100,34.1719
2025-11-02T03:00:00Z,2025-11-02T04:00:00+0100,32.9855
2025-11-02T04:00:00Z,2025-11-02T05:00:00+0100,50.6083
2025-11-02T05:00:00Z,2025-11-02T06:00:00+0100,61.9656
2025-11-02T06:00:00Z,2025-11-02T07:00:00+0100,73.5828
2025-11-02T07:00:00Z,2025-11-02T08:00:00+0100,77.285
2025-11-02T08:00:00Z,2025-11-02T09:00:00+0100,71.0985
2025-11-02T09:00:00Z,2025-11-02T10:00:00+0100,77.9938
2025-11-02T10:00:00Z,2025-11-02T11:00:00+0100,80.281
2025-11-02T11:00:00Z,2025-11-02T12:00:00+0100,83.8082
2025-11-02T12:00:00Z,2025-11-02T13:00:00+0100,76.9924
2025-11-02T13:00:00Z,2025-11-02T14:00:00+0100,79.6944
2025-11-02T14:00:00Z,2025-11-02T15:00:00+0100,93.0737
2025-11-02T15:00:00Z,2025-11-02T16:00:00+0100,106.4451
2025-11-02T16:00:00Z,2025-11-02T17:00:00+0100,121.7882
2025-11-02T17:00:00Z,2025-11-02T18:00:00+0100,118.749
2025-11-02T18:00:00Z,2025-11-02T19:00:00+0100,115.1224
2025-11-02T19:00:00Z,2025-11-02T20:00:00+0100,108.7967
2025-11-02T20:00:00Z,2025-11-02T21:00:00+0100,101.5012
2025-11-02T21:00:00Z,2025-11-02T22:00:00+0100,96.1417
2025-11-02T22:00:00Z,2025-11-02T23:00:00+0100,77.2501
2025-11-02T23:00:00Z,2025-11-03T00:00:00+0100,79.9368
2025-11-03T00:00:00Z,2025-11-03T01:00:00+0100,70.3439
2025-11-03T01:00:00Z,2025-11-03T02:00:00+0100,69.6977
2025-11-03T02:00:00Z,2025-11-03T03:00:00+0100,63.2924
2025-11-03T03:00:00Z,2025-11-03T04:00:00+0100,66.7089
2025-11-03T04:00:00Z,2025-11-03T05:00:00+0100,77.2606
2025-11-03T05:00:00Z,2025-11-03T06:00:00+0100,99.1303
2025-11-03T06:00:00Z,2025-11-03T07:00:00+0100,115.3602
2025-11-03T07:00:00Z,2025-11-03T08:00:00+0100,110.8857
2025-11-03T08:00:00Z,2025-11-03T09:00:00+0100,95.9636
2025-11-03T09:00:00Z,2025-11-03T10:00:00+0100,74.6879
2025-11-03T10:00:00Z,2025-11-03T11:00:00+0100,67.4937
2025-11-03T11:00:00Z,2025-11-03T12:00:00+0100,62.6513
2025-11-03T12:00:00Z,2025-11-03T13:00:00+0100,63.9975
2025-11-03T13:00:00Z,2025-11-03T14:00:00+0100,79.2931
2025-11-03T14:00:00Z,2025-11-03T15:00:00+0100,98.1304
2025-11-03T15:00:00Z,2025-11-03T16:00:00+0100,103.9156
2025-11-03T16:00:00Z,2025-11-03T17:00:00+0100,111.7501
2025-11-03T17:00:00Z,2025-11-03T18:00:00+0100,109.6712
2025-11-03T18:00:00Z,2025-11-03T19:00:00+0100,99.8625
2025-11-03T19:00:00Z,2025-11-03T20:00:00+0100,89.9589
2025-11-03T20:00:00Z,2025-11-03T21:00:00+0100,81.5581
2025-11-03T21:00:00Z,2025-11-03T22:00:00+0100,67.2071
2025-11-03T22:00:00Z,2025-11-03T23:00:00+0100,56.6728
2025-11-03T23:00:00Z,2025-11-04T00:00:00+0100,52.3282
2025-11-04T00:00:00Z,2025-11-04T01:00:00+0100,49.88
2025-11-04T01:00:00Z,2025-11-04T02:00:00+0100,51.2254
2025-11-04T02:00:00Z,2025-11-04T03:00:00+0100,47.9415
2025-11-04T03:00:00Z,2025-11-04T04:00:00+0100,49.7091
2025-11-04T04:00:00Z,2025-11-04T05:00:00+0100,64.8819
2025-11-04T05:00:00Z,2025-11-04T06:00:00+0100,86.7117
2025-11-04T06:00:00Z,2025-11-04T07:00:00+0100,100.8026
2025-11-04T07:00:00Z,2025-11-04T08:00:00+0100,94.1213
2025-11-04T08:00:00Z,2025-11-04T09:00:00+0100,73.7386
2025-11-04T09:00:00Z,2025-11-04T10:00:00+0100,60.1217
2025-11-04T10:00:00Z,2025-11-04T11:00:00+0100,55.9866
2025-11-04T11:00:00Z,2025-11-04T12:00:00+0100,53.3669
2025-11-04T12:00:00Z,2025-11-04T13:00:00+0100,54.4695
2025-11-04T13:00:00Z,2025-11-04T14:00:00+0100,70.7998
2025-11-04T14:00:00Z,2025-11-04T15:00:00+0100,94.0599
2025-11-04T15:00:00Z,2025-11-04T16:00:00+0100,102.8052
2025-11-04T16:00:00Z,2025-11-04T17:00:00+0100,110.5345
2025-11-04T17:00:00Z,2025-11-04T18:00:00+0100,112.882
2025-11-04T18:00:00Z,2025-11-04T19:00:00+0100,105.1917
2025-11-04T19:00:00Z,2025-11-04T20:00:00+0100,91.2904
2025-11-04T20:00:00Z,2025-11-04T21:00:00+0100,89.0212
2025-11-04T21:00:00Z,2025-11-04T22:00:00+0100,82.913
2025-11-04T22:00:00Z,2025-11-04T23:00:00+0100,70.9518
2025-11-04T23:00:00Z,2025-11-05T00:00:00+0100,62.9485
2025-11-05T00:00:00Z,2025-11-05T01:00:00+0100,61.3874
2025-11-05T01:00:00Z,2025-11-05T02:00:00+0100,60.0743
2025-11-05T02:00:00Z,2025-11-05T03:00:00+0100,55.6398
2025-11-05T03:00:00Z,2025-11-05T04:00:00+0100,53.3068
2025-11-05T04:00:00Z,2025-11-05T05:00:00+0100,66.0296
2025-11-05T05:00:00Z,2025-11-05T06:00:00+0100,85.3031
2025-11-05T06:00:00Z,2025-11-05T07:00:00+0100,103.3286
2025-11-05T07:00:00Z,2025-11-05T08:00:00+0100,96.4233
2025-11-05T08:00:00Z,2025-11-05T09:00:00+0100,70.8985
2025-11-05T09:00:00Z,2025-11-05T10:00:00+0100,55.2335
2025-11-05T10:00:00Z,2025-11-05T11:00:00+0100,56.5597
2025-11-05T11:00:00Z,2025-11-05T12:00:00+0100,58.6421
2025-11-05T12:00:00Z,2025-11-05T13:00:00+0100,69.7861
2025-11-05T13:00:00Z,2025-11-05T14:00:00+0100,84.0735
2025-11-05T14:00:00Z,2025-11-05T15:00:00+0100,107.3075
2025-11-05T15:00:00Z,2025-11-05T16:00:00+0100,121.0973
2025-11-05T16:00:00Z,2025-11-05T17:00:00+0100,126.5726
2025-11-05T17:00:00Z,2025-11-05T18:00:00+0100,123.666
2025-11-05T18:00:00Z,2025-11-05T19:00:00+0100,114.0696
2025-11-05T19:00:00Z,2025-11-05T20:00:00+0100,103.0562
2025-11-05T20:00:00Z,2025-11-05T21:00:00+0100,96.3851
2025-11-05T21:00:00Z,2025-11-05T22:00:00+0100,95.2729
2025-11-05T22:00:00Z,2025-11-05T23:00:00+0100,92.2759
2025-11-05T23:00:00Z,2025-11-06T00:00:00+0100,86.8317
2025-11-06T00:00:00Z,2025-11-06T01:00:00+0100,88.4365
2025-11-06T01:00:00Z,2025-11-06T02:00:00+0100,89.3357
2025-11-06T02:00:00Z,2025-11-06T03:00:00+0100,86.4684
2025-11-06T03:00:00Z,2025-11-06T04:00:00+0100,83.1618
2025-11-06T04:00:00Z,2025-11-06T05:00:00+0100,92.0219
2025-11-06T05:00:00Z,2025-11-06T06:00:00+0100,102.2985
2025-11-06T06:00:00Z,2025-11-06T07:00:00+0100,117.6896
2025-11-06T07:00:00Z,2025-11-06T08:00:00+0100,115.2741
2025-11-06T08:00:00Z,2025-11-06T09:00:00+0100,85.2963
2025-11-06T09:00:00Z,2025-11-06T10:00:00+0100,74.2657
2025-11-06T10:00:00Z,2025-11-06T11:00:00+0100,74.7161
2025-11-06T11:00:00Z,2025-11-06T12:00:00+0100,72.5282
2025-11-06T12:00:00Z,2025-11-06T13:00:00+0100,76.9637
2025-11-06T13:00:00Z,2025-11-06T14:00:00+0100,90.0305
2025-11-06T14:00:00Z,2025-11-06T15:00:00+0100,112.4496
2025-11-06T15:00:00Z,2025-11-06T16:00:00+0100,139.0597
2025-11-06T16:00:00Z,2025-11-06T17:00:00+0100,153.6065
2025-11-06T17:00:00Z,2025-11-06T18:00:00+0100,139.4178
2025-11-06T18:00:00Z,2025-11-06T19:00:00+0100,120.1474
2025-11-06T19:00:00Z,2025-11-06T20:00:00+0100,109.3969
2025-11-06T20:00:00Z,2025-11-06T21:00:00+0100,108.1273
2025-11-06T21:00:00Z,2025-11-06T22:00:00+0100,98.7801
2025-11-06T22:00:00Z,2025-11-06T23:00:00+0100,94.1111
2025-11-06T23:00:00Z,2025-11-07T00:00:00+0100,94.0717
2025-11-07T00:00:00Z,2025-11-07T01:00:00+0100,88.7535
2025-11-07T01:00:00Z,2025-11-07T02:00:00+0100,88.8038
2025-11-07T02:00:00Z,2025-11-07T03:00:00+0100,86.8945
2025-11-07T03:00:00Z,2025-11-07T04:00:00+0100,86.1168
2025-11-07T04:00:00Z,2025-11-07T05:00:00+0100,98.8991
2025-11-07T05:00:00Z,2025-11-07T06:00:00+0100,121.686
2025-11-07T06:00:00Z,2025-11-07T07:00:00+0100,157.0322
2025-11-07T07:00:00Z,2025-11-07T08:00:00+0100,142.565
2025-11-07T08:00:00Z,2025-11-07T09:00:00+0100,106.3613
2025-11-07T09:00:00Z,2025-11-07T10:00:00+0100,95.8714
2025-11-07T10:00:00Z,2025-11-07T11:00:00+0100,89.7264
2025-11-07T11:00:00Z,2025-11-07T12:00:00+0100,84.8333
2025-11-07T12:00:00Z,2025-11-07T13:00:00+0100,88.5591
2025-11-07T13:00:00Z,2025-11-07T14:00:00+0100,103.0492
2025-11-07T14:00:00Z,2025-11-07T15:00:00+0100,128.6423
2025-11-07T15:00:00Z,2025-11-07T16:00:00+0100,188.3807
2025-11-07T16:00:00Z,2025-11-07T17:00:00+0100,219.0671
2025-11-07T17:00:00Z,2025-11-07T18:00:00+0100,180.6137
2025-11-07T18:00:00Z,2025-11-07T19:00:00+0100,161.2805
2025-11-07T19:00:00Z,2025-11-07T20:00:00+0100,131.0307
2025-11-07T20:00:00Z,2025-11-07T21:00:00+0100,108.5071
2025-11-07T21:00:00Z,2025-11-07T22:00:00+0100,100.644
2025-11-07T22:00:00Z,2025-11-07T23:00:00+0100,96.9794
2025-11-07T23:00:00Z,2025-11-08T00:00:00+0100,95.9124
2025-11-08T00:00:00Z,2025-11-08T01:00:00+0100,90.2301
2025-11-08T01:00:00Z,2025-11-08T02:00:00+0100,89.5546
2025-11-08T02:00:00Z,2025-11-08T03:00:00+0100,88.2633
2025-11-08T03:00:00Z,2025-11-08T04:00:00+0100,86.838
2025-11-08T04:00:00Z,2025-11-08T05:00:00+0100,89.4417
2025-11-08T05:00:00Z,2025-11-08T06:00:00+0100,105.0872
2025-11-08T06:00:00Z,2025-11-08T07:00:00+0100,116.9194
2025-11-08T07:00:00Z,2025-11-08T08:00:00+0100,117.3265
2025-11-08T08:00:00Z,2025-11-08T09:00:00+0100,104.8873
2025-11-08T09:00:00Z,2025-11-08T10:00:00+0100,96.3573
2025-11-08T10:00:00Z,2025-11-08T11:00:00+0100,94.2418
2025-11-08T11:00:00Z,2025-11-08T12:00:00+0100,93.1932
2025-11-08T12:00:00Z,2025-11-08T13:00:00+0100,93.7976
2025-11-08T13:00:00Z,2025-11-08T14:00:00+0100,99.6709
2025-11-08T14:00:00Z,2025-11-08T15:00:00+0100,122.731
2025-11-08T15:00:00Z,2025-11-08T16:00:00+0100,177.4386
2025-11-08T16:00:00Z,2025-11-08T17:00:00+0100,207.565
2025-11-08T17:00:00Z,2025-11-08T18:00:00+0100,208.5638
2025-11-08T18:00:00Z,2025-11-08T19:00:00+0100,198.5723
2025-11-08T19:00:00Z,2025-11-08T20:00:00+0100,155.4539
2025-11-08T20:00:00Z,2025-11-08T21:00:00+0100,131.1375
2025-11-08T21:00:00Z,2025-11-08T22:00:00+0100,116.9938
2025-11-08T22:00:00Z,2025-11-08T23:00:00+0100,107.595
2025-11-08T23:00:00Z,2025-11-09T00:00:00+0100,108.3556
2025-11-09T00:00:00Z,2025-11-09T01:00:00+0100,99.0472
2025-11-09T01:00:00Z,2025-11-09T02:00:00+0100,97.3245
2025-11-09T02:00:00Z,2025-11-09T03:00:00+0100,95.9037
2025-11-09T03:00:00Z,2025-11-09T04:00:00+0100,92.579
2025-11-09T04:00:00Z,2025-11-09T05:00:00+0100,92.0932
2025-11-09T05:00:00Z,2025-11-09T06:00:00+0100,94.0492
2025-11-09T06:00:00Z,2025-11-09T07:00:00+0100,101.4083
2025-11-09T07:00:00Z,2025-11-09T08:00:00+0100,105.784
2025-11-09T08:00:00Z,2025-11-09T09:00:00+0100,105.4469
2025-11-09T09:00:00Z,2025-11-09T10:00:00+0100,105.5547
2025-11-09T10:00:00Z,2025-11-09T11:00:00+0100,102.3551
2025-11-09T11:00:00Z,2025-11-09T12:00:00+0100,101.6676
2025-11-09T12:00:00Z,2025-11-09T13:00:00+0100,102.6455
2025-11-09T13:00:00Z,2025-11-09T14:00:00+0100,110.5295
2025-11-09T14:00:00Z,2025-11-09T15:00:00+0100,127.3436
2025-11-09T15:00:00Z,2025-11-09T16:00:00+0100,143.983
2025-11-09T16:00:00Z,2025-11-09T17:00:00+0100,167.3464
2025-11-09T17:00:00Z,2025-11-09T18:00:00+0100,173.1874
2025-11-09T18:00:00Z,2025-11-09T19:00:00+0100,153.6399
2025-11-09T19:00:00Z,2025-11-09T20:00:00+0100,135.4967
2025-11-09T20:00:00Z,2025-11-09T21:00:00+0100,122.5992
2025-11-09T21:00:00Z,2025-11-09T22:00:00+0100,116.9338
2025-11-09T22:00:00Z,2025-11-09T23:00:00+0100,106.2751
2025-11-09T23:00:00Z,2025-11-10T00:00:00+0100,105.7855
2025-11-10T00:00:00Z,2025-11-10T01:00:00+0100,101.5347
2025-11-10T01:00:00Z,2025-11-10T02:00:00+0100,102.0649
2025-11-10T02:00:00Z,2025-11-10T03:00:00+0100,100.6368
2025-11-10T03:00:00Z,2025-11-10T04:00:00+0100,100.8761
2025-11-10T04:00:00Z,2025-11-10T05:00:00+0100,117.9003
2025-11-10T05:00:00Z,2025-11-10T06:00:00+0100,139.1495
2025-11-10T06:00:00Z,2025-11-10T07:00:00+0100,157.9368
2025-11-10T07:00:00Z,2025-11-10T08:00:00+0100,163.9558
2025-11-10T08:00:00Z,2025-11-10T09:00:00+0100,151.5452
2025-11-10T09:00:00Z,2025-11-10T10:00:00+0100,139.1002
2025-11-10T10:00:00Z,2025-11-10T11:00:00+0100,132.3033
2025-11-10T11:00:00Z,2025-11-10T12:00:00+0100,130.2307
2025-11-10T12:00:00Z,2025-11-10T13:00:00+0100,132.1308
2025-11-10T13:00:00Z,2025-11-10T14:00:00+0100,132.595
2025-11-10T14:00:00Z,2025-11-10T15:00:00+0100,144.4383
2025-11-10T15:00:00Z,2025-11-10T16:00:00+0100,173.4853
2025-11-10T16:00:00Z,2025-11-10T17:00:00+0100,199.4009
2025-11-10T17:00:00Z,2025-11-10T18:00:00+0100,187.8919
2025-11-10T18:00:00Z,2025-11-10T19:00:00+0100,155.7556
2025-11-10T19:00:00Z,2025-11-10T20:00:00+0100,128.2745
2025-11-10T20:00:00Z,2025-11-10T21:00:00+0100,116.3653
2025-11-10T21:00:00Z,2025-11-10T22:00:00+0100,108.2705
2025-11-10T22:00:00Z,2025-11-10T23:00:00+0100,103.1262
2025-11-10T23:00:00Z,2025-11-11T00:00:00+0100,99.6551
2025-11-11T00:00:00Z,2025-11-11T01:00:00+0100,90.9019
2025-11-11T01:00:00Z,2025-11-11T02:00:00+0100,88.0965
2025-11-11T02:00:00Z,2025-11-11T03:00:00+0100,83.6303
2025-11-11T03:00:00Z,2025-11-11T04:00:00+0100,82.6431
2025-11-11T04:00:00Z,2025-11-11T05:00:00+0100,90.3917
2025-11-11T05:00:00Z,2025-11-11T06:00:00+0100,105.6702
2025-11-11T06:00:00Z,2025-11-11T07:00:00+0100,130.6104
2025-11-11T07:00:00Z,2025-11-11T08:00:00+0100,141.6542
2025-11-11T08:00:00Z,2025-11-11T09:00:00+0100,122.7161
2025-11-11T09:00:00Z,2025-11-11T10:00:00+0100,112.9373
2025-11-11T10:00:00Z,2025-11-11T11:00:00+0100,99.4433
2025-11-11T11:00:00Z,2025-11-11T12:00:00+0100,98.5573
2025-11-11T12:00:00Z,2025-11-11T13:00:00+0100,99.7183
2025-11-11T13:00:00Z,2025-11-11T14:00:00+0100,109.5333
2025-11-11T14:00:00Z,2025-11-11T15:00:00+0100,124.302
2025-11-11T15:00:00Z,2025-11-11T16:00:00+0100,139.5264
2025-11-11T16:00:00Z,2025-11-11T17:00:00+0100,173.2503
2025-11-11T17:00:00Z,2025-11-11T18:00:00+0100,146.9467
2025-11-11T18:00:00Z,2025-11-11T19:00:00+0100,123.8676
2025-11-11T19:00:00Z,2025-11-11T20:00:00+0100,106.9574
2025-11-11T20:00:00Z,2025-11-11T21:00:00+0100,103.5481
2025-11-11T21:00:00Z,2025-11-11T22:00:00+0100,101.7331
2025-11-11T22:00:00Z,2025-11-11T23:00:00+0100,94.1973
2025-11-11T23:00:00Z,2025-11-12T00:00:00+0100,88.7196
2025-11-12T00:00:00Z,2025-11-12T01:00:00+0100,83.2752
2025-11-12T01:00:00Z,2025-11-12T02:00:00+0100,80.1446
2025-11-12T02:00:00Z,2025-11-12T03:00:00+0100,74.05
2025-11-12T03:00:00Z,2025-11-12T04:00:00+0100,70.6373
2025-11-12T04:00:00Z,2025-11-12T05:00:00+0100,78.3617
2025-11-12T05:00:00Z,2025-11-12T06:00:00+0100,92.804
2025-11-12T06:00:00Z,2025-11-12T07:00:00+0100,118.3048
2025-11-12T07:00:00Z,2025-11-12T08:00:00+0100,112.4411
2025-11-12T08:00:00Z,2025-11-12T09:00:00+0100,85.2985
2025-11-12T09:00:00Z,2025-11-12T10:00:00+0100,59.8516
2025-11-12T10:00:00Z,2025-11-12T11:00:00+0100,54.5264
2025-11-12T11:00:00Z,2025-11-12T12:00:00+0100,55.7833
2025-11-12T12:00:00Z,2025-11-12T13:00:00+0100,67.7106
2025-11-12T13:00:00Z,2025-11-12T14:00:00+0100,82.8442
2025-11-12T14:00:00Z,2025-11-12T15:00:00+0100,104.9203
2025-11-12T15:00:00Z,2025-11-12T16:00:00+0100,119.4513
2025-11-12T16:00:00Z,2025-11-12T17:00:00+0100,126.2984
2025-11-12T17:00:00Z,2025-11-12T18:00:00+0100,109.8045
2025-11-12T18:00:00Z,2025-11-12T19:00:00+0100,102.3721
2025-11-12T19:00:00Z,2025-11-12T20:00:00+0100,90.6659
2025-11-12T20:00:00Z,2025-11-12T21:00:00+0100,79.8808
2025-11-12T21:00:00Z,2025-11-12T22:00:00+0100,72.6505
2025-11-12T22:00:00Z,2025-11-12T23:00:00+0100,52.511
2025-11-12T23:00:00Z,2025-11-13T00:00:00+0100,38.719
2025-11-13T00:00:00Z,2025-11-13T01:00:00+0100,31.632
2025-11-13T01:00:00Z,2025-11-13T02:00:00+0100,32.3904
2025-11-13T02:00:00Z,2025-11-13T03:00:00+0100,27.896
2025-11-13T03:00:00Z,2025-11-13T04:00:00+0100,30.7417
2025-11-13T04:00:00Z,2025-11-13T05:00:00+0100,42.1596
2025-11-13T05:00:00Z,2025-11-13T06:00:00+0100,63.9853
2025-11-13T06:00:00Z,2025-11-13T07:00:00+0100,92.8148
2025-11-13T07:00:00Z,2025-11-13T08:00:00+0100,83.5521
2025-11-13T08:00:00Z,2025-11-13T09:00:00+0100,49.3616
2025-11-13T09:00:00Z,2025-11-13T10:00:00+0100,23.7803
2025-11-13T10:00:00Z,2025-11-13T11:00:00+0100,0.1523
2025-11-13T11:00:00Z,2025-11-13T12:00:00+0100,13.2706
2025-11-13T12:00:00Z,2025-11-13T13:00:00+0100,33.2163
2025-11-13T13:00:00Z,2025-11-13T14:00:00+0100,58.6446
2025-11-13T14:00:00Z,2025-11-13T15:00:00+0100,95.6866
2025-11-13T15:00:00Z,2025-11-13T16:00:00+0100,111.0503
2025-11-13T16:00:00Z,2025-11-13T17:00:00+0100,129.2406
2025-11-13T17:00:00Z,2025-11-13T18:00:00+0100,133.4102
2025-11-13T18:00:00Z,2025-11-13T19:00:00+0100,129.3747
2025-11-13T19:00:00Z,2025-11-13T20:00:00+0100,113.7377
2025-11-13T20:00:00Z,2025-11-13T21:00:00+0100,105.339
2025-11-13T21:00:00Z,2025-11-13T22:00:00+0100,103.5592
2025-11-13T22:00:00Z,2025-11-13T23:00:00+0100,97.46
2025-11-13T23:00:00Z,2025-11-14T00:00:00+0100,90.779
2025-11-14T00:00:00Z,2025-11-14T01:00:00+0100,87.9791
2025-11-14T01:00:00Z,2025-11-14T02:00:00+0100,87.333
2025-11-14T02:00:00Z,2025-11-14T03:00:00+0100,85.8866
2025-11-14T03:00:00Z,2025-11-14T04:00:00+0100,86.5695
2025-11-14T04:00:00Z,2025-11-14T05:00:00+0100,92.5405
2025-11-14T05:00:00Z,2025-11-14T06:00:00+0100,114.6034
2025-11-14T06:00:00Z,2025-11-14T07:00:00+0100,138.4311
2025-11-14T07:00:00Z,2025-11-14T08:00:00+0100,135.2263
2025-11-14T08:00:00Z,2025-11-14T09:00:00+0100,113.3858
2025-11-14T09:00:00Z,2025-11-14T10:00:00+0100,99.6691
2025-11-14T10:00:00Z,2025-11-14T11:00:00+0100,93.4794
2025-11-14T11:00:00Z,2025-11-14T12:00:00+0100,91.6144
2025-11-14T12:00:00Z,2025-11-14T13:00:00+0100,91.8936
2025-11-14T13:00:00Z,2025-11-14T14:00:00+0100,102.7263
2025-11-14T14:00:00Z,2025-11-14T15:00:00+0100,123.8625
2025-11-14T15:00:00Z,2025-11-14T16:00:00+0100,132.3599
2025-11-14T16:00:00Z,2025-11-14T17:00:00+0100,148.8673
2025-11-14T17:00:00Z,2025-11-14T18:00:00+0100,140.4951
2025-11-14T18:00:00Z,2025-11-14T19:00:00+0100,131.8477
2025-11-14T19:00:00Z,2025-11-14T20:00:00+0100,120.2549
2025-11-14T20:00:00Z,2025-11-14T21:00:00+0100,112.269
2025-11-14T21:00:00Z,2025-11-14T22:00:00+0100,102.6254
2025-11-14T22:00:00Z,2025-11-14T23:00:00+0100,90.7466
2025-11-14T23:00:00Z,2025-11-15T00:00:00+0100,86.4826
2025-11-15T00:00:00Z,2025-11-15T01:00:00+0100,86.6679
2025-11-15T01:00:00Z,2025-11-15T02:00:00+0100,79.6499
2025-11-15T02:00:00Z,2025-11-15T03:00:00+0100,76.4002
2025-11-15T03:00:00Z,2025-11-15T04:00:00+0100,69.3866
2025-11-15T04:00:00Z,2025-11-15T05:00:00+0100,77.302
2025-11-15T05:00:00Z,2025-11-15T06:00:00+0100,67.0992
2025-11-15T06:00:00Z,2025-11-15T07:00:00+0100,79.1559
2025-11-15T07:00:00Z,2025-11-15T08:00:00+0100,89.7958
2025-11-15T08:00:00Z,2025-11-15T09:00:00+0100,94.0974
2025-11-15T09:00:00Z,2025-11-15T10:00:00+0100,91.0325
2025-11-15T10:00:00Z,2025-11-15T11:00:00+0100,90.8154
2025-11-15T11:00:00Z,2025-11-15T12:00:00+0100,87.3961
2025-11-15T12:00:00Z,2025-11-15T13:00:00+0100,87.2379
2025-11-15T13:00:00Z,2025-11-15T14:00:00+0100,94.8875
2025-11-15T14:00:00Z,2025-11-15T15:00:00+0100,101.9714
2025-11-15T15:00:00Z,2025-11-15T16:00:00+0100,111.0121
2025-11-15T16:00:00Z,2025-11-15T17:00:00+0100,117.8652
2025-11-15T17:00:00Z,2025-11-15T18:00:00+0100,116.8635
2025-11-15T18:00:00Z,2025-11-15T19:00:00+0100,118.3322
2025-11-15T19:00:00Z,2025-11-15T20:00:00+0100,107.3003
2025-11-15T20:00:00Z,2025-11-15T21:00:00+0100,102.8307
2025-11-15T21:00:00Z,2025-11-15T22:00:00+0100,103.6957
2025-11-15T22:00:00Z,2025-11-15T23:00:00+0100,90.8838
2025-11-15T23:00:00Z,2025-11-16T00:00:00+0100,89.5163
2025-11-16T00:00:00Z,2025-11-16T01:00:00+0100,87.4806
2025-11-16T01:00:00Z,2025-11-16T02:00:00+0100,87.4115
2025-11-16T02:00:00Z,2025-11-16T03:00:00+0100,83.5372
2025-11-16T03:00:00Z,2025-11-16T04:00:00+0100,83.3376
2025-11-16T04:00:00Z,2025-11-16T05:00:00+0100,85.2399
2025-11-16T05:00:00Z,2025-11-16T06:00:00+0100,89.5109
2025-11-16T06:00:00Z,2025-11-16T07:00:00+0100,93.6652
2025-11-16T07:00:00Z,2025-11-16T08:00:00+0100,99.2972
2025-11-16T08:00:00Z,2025-11-16T09:00:00+0100,97.8285
2025-11-16T09:00:00Z,2025-11-16T10:00:00+0100,94.7571
2025-11-16T10:00:00Z,2025-11-16T11:00:00+0100,95.1599
2025-11-16T11:00:00Z,2025-11-16T12:00:00+0100,95.2038
2025-11-16T12:00:00Z,2025-11-16T13:00:00+0100,97.1409
2025-11-16T13:00:00Z,2025-11-16T14:00:00+0100,103.2644
2025-11-16T14:00:00Z,2025-11-16T15:00:00+0100,110.2372
2025-11-16T15:00:00Z,2025-11-16T16:00:00+0100,118.106
2025-11-16T16:00:00Z,2025-11-16T17:00:00+0100,141.7205
2025-11-16T17:00:00Z,2025-11-16T18:00:00+0100,141.0392
2025-11-16T18:00:00Z,2025-11-16T19:00:00+0100,127.0746
2025-11-16T19:00:00Z,2025-11-16T20:00:00+0100,116.3674
2025-11-16T20:00:00Z,2025-11-16T21:00:00+0100,108.0685
2025-11-16T21:00:00Z,2025-11-16T22:00:00+0100,106.1763
2025-11-16T22:00:00Z,2025-11-16T23:00:00+0100,97.4964
2025-11-16T23:00:00Z,2025-11-17T00:00:00+0100,92.2362
2025-11-17T00:00:00Z,2025-11-17T01:00:00+0100,86.7949
2025-11-17T01:00:00Z,2025-11-17T02:00:00+0100,83.9233
2025-11-17T02:00:00Z,2025-11-17T03:00:00+0100,77.1327
2025-11-17T03:00:00Z,2025-11-17T04:00:00+0100,77.5682
2025-11-17T04:00:00Z,2025-11-17T05:00:00+0100,88.2139
2025-11-17T05:00:00Z,2025-11-17T06:00:00+0100,107.8197
2025-11-17T06:00:00Z,2025-11-17T07:00:00+0100,141.8756
2025-11-17T07:00:00Z,2025-11-17T08:00:00+0100,147.4762
2025-11-17T08:00:00Z,2025-11-17T09:00:00+0100,134.2973
2025-11-17T09:00:00Z,2025-11-17T10:00:00+0100,119.8299
2025-11-17T10:00:00Z,2025-11-17T11:00:00+0100,101.2572
2025-11-17T11:00:00Z,2025-11-17T12:00:00+0100,93.1918
2025-11-17T12:00:00Z,2025-11-17T13:00:00+0100,91.2779
2025-11-17T13:00:00Z,2025-11-17T14:00:00+0100,96.9706
2025-11-17T14:00:00Z,2025-11-17T15:00:00+0100,110.7888
2025-11-17T15:00:00Z,2025-11-17T16:00:00+0100,120.4745
2025-11-17T16:00:00Z,2025-11-17T17:00:00+0100,131.7059
2025-11-17T17:00:00Z,2025-11-17T18:00:00+0100,130.4242
2025-11-17T18:00:00Z,2025-11-17T19:00:00+0100,121.9064
2025-11-17T19:00:00Z,2025-11-17T20:00:00+0100,109.973
2025-11-17T20:00:00Z,2025-11-17T21:00:00+0100,97.2016
2025-11-17T21:00:00Z,2025-11-17T22:00:00+0100,100.287
2025-11-17T22:00:00Z,2025-11-17T23:00:00+0100,88.2004
2025-11-17T23:00:00Z,2025-11-18T00:00:00+0100,87.9494
2025-11-18T00:00:00Z,2025-11-18T01:00:00+0100,83.6469
2025-11-18T01:00:00Z,2025-11-18T02:00:00+0100,80.7332
2025-11-18T02:00:00Z,2025-11-18T03:00:00+0100,74.2533
2025-11-18T03:00:00Z,2025-11-18T04:00:00+0100,75.57
2025-11-18T04:00:00Z,2025-11-18T05:00:00+0100,85.9303
2025-11-18T05:00:00Z,2025-11-18T06:00:00+0100,97.5811
2025-11-18T06:00:00Z,2025-11-18T07:00:00+0100,117.8338
2025-11-18T07:00:00Z,2025-11-18T08:00:00+0100,130.1284
2025-11-18T08:00:00Z,2025-11-18T09:00:00+0100,113.0132
2025-11-18T09:00:00Z,2025-11-18T10:00:00+0100,98.2286
2025-11-18T10:00:00Z,2025-11-18T11:00:00+0100,87.9853
2025-11-18T11:00:00Z,2025-11-18T12:00:00+0100,84.7425
2025-11-18T12:00:00Z,2025-11-18T13:00:00+0100,87.32
2025-11-18T13:00:00Z,2025-11-18T14:00:00+0100,101.9774
2025-11-18T14:00:00Z,2025-11-18T15:00:00+0100,119.1836
2025-11-18T15:00:00Z,2025-11-18T16:00:00+0100,128.2448
2025-11-18T16:00:00Z,2025-11-18T17:00:00+0100,141.2169
2025-11-18T17:00:00Z,2025-11-18T18:00:00+0100,133.1907
2025-11-18T18:00:00Z,2025-11-18T19:00:00+0100,120.4915
2025-11-18T19:00:00Z,2025-11-18T20:00:00+0100,111.4758
2025-11-18T20:00:00Z,2025-11-18T21:00:00+0100,101.5217
2025-11-18T21:00:00Z,2025-11-18T22:00:00+0100,100.62
2025-11-18T22:00:00Z,2025-11-18T23:00:00+0100,91.2242
2025-11-18T23:00:00Z,2025-11-19T00:00:00+0100,89.912
2025-11-19T00:00:00Z,2025-11-19T01:00:00+0100,84.4704
2025-11-19T01:00:00Z,2025-11-19T02:00:00+0100,81.3661
2025-11-19T02:00:00Z,2025-11-19T03:00:00+0100,77.6009
2025-11-19T03:00:00Z,2025-11-19T04:00:00+0100,81.2604
2025-11-19T04:00:00Z,2025-11-19T05:00:00+0100,87.3315
2025-11-19T05:00:00Z,2025-11-19T06:00:00+0100,94.7966
2025-11-19T06:00:00Z,2025-11-19T07:00:00+0100,113.8153
2025-11-19T07:00:00Z,2025-11-19T08:00:00+0100,118.973
2025-11-19T08:00:00Z,2025-11-19T09:00:00+0100,103.4673
2025-11-19T09:00:00Z,2025-11-19T10:00:00+0100,93.9503
2025-11-19T10:00:00Z,2025-11-19T11:00:00+0100,89.5157
2025-11-19T11:00:00Z,2025-11-19T12:00:00+0100,92.5168
2025-11-19T12:00:00Z,2025-11-19T13:00:00+0100,93.5575
2025-11-19T13:00:00Z,2025-11-19T14:00:00+0100,99.8646
2025-11-19T14:00:00Z,2025-11-19T15:00:00+0100,117.5139
2025-11-19T15:00:00Z,2025-11-19T16:00:00+0100,127.5882
2025-11-19T16:00:00Z,2025-11-19T17:00:00+0100,138.8368
2025-11-19T17:00:00Z,2025-11-19T18:00:00+0100,133.3086
2025-11-19T18:00:00Z,2025-11-19T19:00:00+0100,120.2419
2025-11-19T19:00:00Z,2025-11-19T20:00:00+0100,108.9729
2025-11-19T20:00:00Z,2025-11-19T21:00:00+0100,101.913
2025-11-19T21:00:00Z,2025-11-19T22:00:00+0100,100.8204
2025-11-19T22:00:00Z,2025-11-19T23:00:00+0100,95.3031
2025-11-19T23:00:00Z,2025-11-20T00:00:00+0100,93.0309
2025-11-20T00:00:00Z,2025-11-20T01:00:00+0100,87.7862
2025-11-20T01:00:00Z,2025-11-20T02:00:00+0100,85.8144
2025-11-20T02:00:00Z,2025-11-20T03:00:00+0100,81.8116
2025-11-20T03:00:00Z,2025-11-20T04:00:00+0100,86.4612
2025-11-20T04:00:00Z,2025-11-20T05:00:00+0100,96.1911
2025-11-20T05:00:00Z,2025-11-20T06:00:00+0100,111.788
2025-11-20T06:00:00Z,2025-11-20T07:00:00+0100,134.531
2025-11-20T07:00:00Z,2025-11-20T08:00:00+0100,147.6758
2025-11-20T08:00:00Z,2025-11-20T09:00:00+0100,120.1657
2025-11-20T09:00:00Z,2025-11-20T10:00:00+0100,114.2057
2025-11-20T10:00:00Z,2025-11-20T11:00:00+0100,105.2476
2025-11-20T11:00:00Z,2025-11-20T12:00:00+0100,104.0673
2025-11-20T12:00:00Z,2025-11-20T13:00:00+0100,106.6751
2025-11-20T13:00:00Z,2025-11-20T14:00:00+0100,111.7642
2025-11-20T14:00:00Z,2025-11-20T15:00:00+0100,123.0269
2025-11-20T15:00:00Z,2025-11-20T16:00:00+0100,156.9146
2025-11-20T16:00:00Z,2025-11-20T17:00:00+0100,175.7386
2025-11-20T17:00:00Z,2025-11-20T18:00:00+0100,171.3192
2025-11-20T18:00:00Z,2025-11-20T19:00:00+0100,161.9023
2025-11-20T19:00:00Z,2025-11-20T20:00:00+0100,117.2951
2025-11-20T20:00:00Z,2025-11-20T21:00:00+0100,113.1235
2025-11-20T21:00:00Z,2025-11-20T22:00:00+0100,111.9506
2025-11-20T22:00:00Z,2025-11-20T23:00:00+0100,107.7402
2025-11-20T23:00:00Z,2025-11-21T00:00:00+0100,104.3664
2025-11-21T00:00:00Z,2025-11-21T01:00:00+0100,100.9323
2025-11-21T01:00:00Z,2025-11-21T02:00:00+0100,97.0792
2025-11-21T02:00:00Z,2025-11-21T03:00:00+0100,94.8945
2025-11-21T03:00:00Z,2025-11-21T04:00:00+0100,97.0539
2025-11-21T04:00:00Z,2025-11-21T05:00:00+0100,101.8837
2025-11-21T05:00:00Z,2025-11-21T06:00:00+0100,116.5373
2025-11-21T06:00:00Z,2025-11-21T07:00:00+0100,159.9329
2025-11-21T07:00:00Z,2025-11-21T08:00:00+0100,178.4747
2025-11-21T08:00:00Z,2025-11-21T09:00:00+0100,154.4529
2025-11-21T09:00:00Z,2025-11-21T10:00:00+0100,133.8983
2025-11-21T10:00:00Z,2025-11-21T11:00:00+0100,127.6132
2025-11-21T11:00:00Z,2025-11-21T12:00:00+0100,123.6353
2025-11-21T12:00:00Z,2025-11-21T13:00:00+0100,127.9481
2025-11-21T13:00:00Z,2025-11-21T14:00:00+0100,130.1876
2025-11-21T14:00:00Z,2025-11-21T15:00:00+0100,162.4454
2025-11-21T15:00:00Z,2025-11-21T16:00:00+0100,182.2788
2025-11-21T16:00:00Z,2025-11-21T17:00:00+0100,198.2776
2025-11-21T17:00:00Z,2025-11-21T18:00:00+0100,204.2663
2025-11-21T18:00:00Z,2025-11-21T19:00:00+0100,177.6429
2025-11-21T19:00:00Z,2025-11-21T20:00:00+0100,147.2978
2025-11-21T20:00:00Z,2025-11-21T21:00:00+0100,126.238
2025-11-21T21:00:00Z,2025-11-21T22:00:00+0100,121.4105
2025-11-21T22:00:00Z,2025-11-21T23:00:00+0100,110.7694
2025-11-21T23:00:00Z,2025-11-22T00:00:00+0100,112.1897
2025-11-22T00:00:00Z,2025-11-22T01:00:00+0100,105.5315
2025-11-22T01:00:00Z,2025-11-22T02:00:00+0100,103.5668
2025-11-22T02:00:00Z,2025-11-22T03:00:00+0100,104.3778
2025-11-22T03:00:00Z,2025-11-22T04:00:00+0100,100.9814
2025-11-22T04:00:00Z,2025-11-22T05:00:00+0100,103.6863
2025-11-22T05:00:00Z,2025-11-22T06:00:00+0100,107.5922
2025-11-22T06:00:00Z,2025-11-22T07:00:00+0100,127.4048
2025-11-22T07:00:00Z,2025-11-22T08:00:00+0100,129.2178
2025-11-22T08:00:00Z,2025-11-22T09:00:00+0100,99.0618
2025-11-22T09:00:00Z,2025-11-22T10:00:00+0100,93.7065
2025-11-22T10:00:00Z,2025-11-22T11:00:00+0100,89.1596
2025-11-22T11:00:00Z,2025-11-22T12:00:00+0100,85.8692
2025-11-22T12:00:00Z,2025-11-22T13:00:00+0100,86.4752
2025-11-22T13:00:00Z,2025-11-22T14:00:00+0100,97.2574
2025-11-22T14:00:00Z,2025-11-22T15:00:00+0100,123.3221
2025-11-22T15:00:00Z,2025-11-22T16:00:00+0100,153.9621
2025-11-22T16:00:00Z,2025-11-22T17:00:00+0100,161.6221
2025-11-22T17:00:00Z,2025-11-22T18:00:00+0100,143.685
2025-11-22T18:00:00Z,2025-11-22T19:00:00+0100,128.9303
2025-11-22T19:00:00Z,2025-11-22T20:00:00+0100,111.1524
2025-11-22T20:00:00Z,2025-11-22T21:00:00+0100,101.1836
2025-11-22T21:00:00Z,2025-11-22T22:00:00+0100,96.3392
2025-11-22T22:00:00Z,2025-11-22T23:00:00+0100,82.9717
2025-11-22T23:00:00Z,2025-11-23T00:00:00+0100,81.4617
2025-11-23T00:00:00Z,2025-11-23T01:00:00+0100,72.6449
2025-11-23T01:00:00Z,2025-11-23T02:00:00+0100,73.1375
2025-11-23T02:00:00Z,2025-11-23T03:00:00+0100,63.6461
2025-11-23T03:00:00Z,2025-11-23T04:00:00+0100,58.3336
2025-11-23T04:00:00Z,2025-11-23T05:00:00+0100,61.114
2025-11-23T05:00:00Z,2025-11-23T06:00:00+0100,72.7959
2025-11-23T06:00:00Z,2025-11-23T07:00:00+0100,73.9755
2025-11-23T07:00:00Z,2025-11-23T08:00:00+0100,72.3886
2025-11-23T08:00:00Z,2025-11-23T09:00:00+0100,46.7918
2025-11-23T09:00:00Z,2025-11-23T10:00:00+0100,29.6235
2025-11-23T10:00:00Z,2025-11-23T11:00:00+0100,29.6402
2025-11-23T11:00:00Z,2025-11-23T12:00:00+0100,36.6895
2025-11-23T12:00:00Z,2025-11-23T13:00:00+0100,41.3445
2025-11-23T13:00:00Z,2025-11-23T14:00:00+0100,58.7026
2025-11-23T14:00:00Z,2025-11-23T15:00:00+0100,74.765
2025-11-23T15:00:00Z,2025-11-23T16:00:00+0100,90.477
2025-11-23T16:00:00Z,2025-11-23T17:00:00+0100,95.9602
2025-11-23T17:00:00Z,2025-11-23T18:00:00+0100,91.8028
2025-11-23T18:00:00Z,2025-11-23T19:00:00+0100,86.841
2025-11-23T19:00:00Z,2025-11-23T20:00:00+0100,75.2708
2025-11-23T20:00:00Z,2025-11-23T21:00:00+0100,73.8398
2025-11-23T21:00:00Z,2025-11-23T22:00:00+0100,76.1962
2025-11-23T22:00:00Z,2025-11-23T23:00:00+0100,66.3488
2025-11-23T23:00:00Z,2025-11-24T00:00:00+0100,61.2953
2025-11-24T00:00:00Z,2025-11-24T01:00:00+0100,55.2661
2025-11-24T01:00:00Z,2025-11-24T02:00:00+0100,62.2789
2025-11-24T02:00:00Z,2025-11-24T03:00:00+0100,56.7291
2025-11-24T03:00:00Z,2025-11-24T04:00:00+0100,59.9204
2025-11-24T04:00:00Z,2025-11-24T05:00:00+0100,78.805
2025-11-24T05:00:00Z,2025-11-24T06:00:00+0100,102.417
2025-11-24T06:00:00Z,2025-11-24T07:00:00+0100,129.1198
2025-11-24T07:00:00Z,2025-11-24T08:00:00+0100,148.6479
2025-11-24T08:00:00Z,2025-11-24T09:00:00+0100,148.5133
2025-11-24T09:00:00Z,2025-11-24T10:00:00+0100,142.6558
2025-11-24T10:00:00Z,2025-11-24T11:00:00+0100,145.3401
2025-11-24T11:00:00Z,2025-11-24T12:00:00+0100,149.5229
2025-11-24T12:00:00Z,2025-11-24T13:00:00+0100,153.4567
2025-11-24T13:00:00Z,2025-11-24T14:00:00+0100,156.1868
2025-11-24T14:00:00Z,2025-11-24T15:00:00+0100,163.8994
2025-11-24T15:00:00Z,2025-11-24T16:00:00+0100,169.1934
2025-11-24T16:00:00Z,2025-11-24T17:00:00+0100,185.7845
2025-11-24T17:00:00Z,2025-11-24T18:00:00+0100,195.7208
2025-11-24T18:00:00Z,2025-11-24T19:00:00+0100,181.7855
2025-11-24T19:00:00Z,2025-11-24T20:00:00+0100,163.2863
2025-11-24T20:00:00Z,2025-11-24T21:00:00+0100,147.6847
2025-11-24T21:00:00Z,2025-11-24T22:00:00+0100,126.6014
2025-11-24T22:00:00Z,2025-11-24T23:00:00+0100,124.6052
2025-11-24T23:00:00Z,2025-11-25T00:00:00+0100,117.1912
2025-11-25T00:00:00Z,2025-11-25T01:00:00+0100,111.6803
2025-11-25T01:00:00Z,2025-11-25T02:00:00+0100,115.426
2025-11-25T02:00:00Z,2025-11-25T03:00:00+0100,113.4922
2025-11-25T03:00:00Z,2025-11-25T04:00:00+0100,115.9552
2025-11-25T04:00:00Z,2025-11-25T05:00:00+0100,118.9702
2025-11-25T05:00:00Z,2025-11-25T06:00:00+0100,143.0484
2025-11-25T06:00:00Z,2025-11-25T07:00:00+0100,180.2352
2025-11-25T07:00:00Z,2025-11-25T08:00:00+0100,205.7405
2025-11-25T08:00:00Z,2025-11-25T09:00:00+0100,201.2274
2025-11-25T09:00:00Z,2025-11-25T10:00:00+0100,224.1866
2025-11-25T10:00:00Z,2025-11-25T11:00:00+0100,233.9208
2025-11-25T11:00:00Z,2025-11-25T12:00:00+0100,235.2952
2025-11-25T12:00:00Z,2025-11-25T13:00:00+0100,241.1842
2025-11-25T13:00:00Z,2025-11-25T14:00:00+0100,243.301
2025-11-25T14:00:00Z,2025-11-25T15:00:00+0100,243.1741
2025-11-25T15:00:00Z,2025-11-25T16:00:00+0100,253.0663
2025-11-25T16:00:00Z,2025-11-25T17:00:00+0100,274.8302
2025-11-25T17:00:00Z,2025-11-25T18:00:00+0100,272.8568
2025-11-25T18:00:00Z,2025-11-25T19:00:00+0100,250.4149
2025-11-25T19:00:00Z,2025-11-25T20:00:00+0100,222.4716
2025-11-25T20:00:00Z,2025-11-25T21:00:00+0100,176.0462
2025-11-25T21:00:00Z,2025-11-25T22:00:00+0100,142.2812
2025-11-25T22:00:00Z,2025-11-25T23:00:00+0100,123.6357
2025-11-25T23:00:00Z,2025-11-26T00:00:00+0100,115.3319
2025-11-26T00:00:00Z,2025-11-26T01:00:00+0100,111.2062
2025-11-26T01:00:00Z,2025-11-26T02:00:00+0100,107.4562
2025-11-26T02:00:00Z,2025-11-26T03:00:00+0100,107.8066
2025-11-26T03:00:00Z,2025-11-26T04:00:00+0100,109.7415
2025-11-26T04:00:00Z,2025-11-26T05:00:00+0100,113.3136
2025-11-26T05:00:00Z,2025-11-26T06:00:00+0100,148.0006
2025-11-26T06:00:00Z,2025-11-26T07:00:00+0100,279.7392
2025-11-26T07:00:00Z,2025-11-26T08:00:00+0100,323.6915
2025-11-26T08:00:00Z,2025-11-26T09:00:00+0100,266.4769
2025-11-26T09:00:00Z,2025-11-26T10:00:00+0100,268.7117
2025-11-26T10:00:00Z,2025-11-26T11:00:00+0100,286.9932
2025-11-26T11:00:00Z,2025-11-26T12:00:00+0100,282.5062
2025-11-26T12:00:00Z,2025-11-26T13:00:00+0100,235.4786
2025-11-26T13:00:00Z,2025-11-26T14:00:00+0100,244.5836
2025-11-26T14:00:00Z,2025-11-26T15:00:00+0100,267.4488
2025-11-26T15:00:00Z,2025-11-26T16:00:00+0100,322.1312
2025-11-26T16:00:00Z,2025-11-26T17:00:00+0100,357.3815
2025-11-26T17:00:00Z,2025-11-26T18:00:00+0100,260.9883
2025-11-26T18:00:00Z,2025-11-26T19:00:00+0100,239.395
2025-11-26T19:00:00Z,2025-11-26T20:00:00+0100,193.555
2025-11-26T20:00:00Z,2025-11-26T21:00:00+0100,163.1721
2025-11-26T21:00:00Z,2025-11-26T22:00:00+0100,150.7085
2025-11-26T22:00:00Z,2025-11-26T23:00:00+0100,142.8772
2025-11-26T23:00:00Z,2025-11-27T00:00:00+0100,130.1932
2025-11-27T00:00:00Z,2025-11-27T01:00:00+0100,124.5352
2025-11-27T01:00:00Z,2025-11-27T02:00:00+0100,117.5779
2025-11-27T02:00:00Z,2025-11-27T03:00:00+0100,110.5757
2025-11-27T03:00:00Z,2025-11-27T04:00:00+0100,111.0265
2025-11-27T04:00:00Z,2025-11-27T05:00:00+0100,117.8898
2025-11-27T05:00:00Z,2025-11-27T06:00:00+0100,138.8268
2025-11-27T06:00:00Z,2025-11-27T07:00:00+0100,186.4138
2025-11-27T07:00:00Z,2025-11-27T08:00:00+0100,193.143
2025-11-27T08:00:00Z,2025-11-27T09:00:00+0100,170.1193
2025-11-27T09:00:00Z,2025-11-27T10:00:00+0100,153.0765
2025-11-27T10:00:00Z,2025-11-27T11:00:00+0100,132.0479
2025-11-27T11:00:00Z,2025-11-27T12:00:00+0100,120.0109
2025-11-27T12:00:00Z,2025-11-27T13:00:00+0100,121.0851
2025-11-27T13:00:00Z,2025-11-27T14:00:00+0100,126.663
2025-11-27T14:00:00Z,2025-11-27T15:00:00+0100,142.1294
2025-11-27T15:00:00Z,2025-11-27T16:00:00+0100,143.83
2025-11-27T16:00:00Z,2025-11-27T17:00:00+0100,152.5625
2025-11-27T17:00:00Z,2025-11-27T18:00:00+0100,152.025
2025-11-27T18:00:00Z,2025-11-27T19:00:00+0100,132.2719
2025-11-27T19:00:00Z,2025-11-27T20:00:00+0100,101.7277
2025-11-27T20:00:00Z,2025-11-27T21:00:00+0100,84.4146
2025-11-27T21:00:00Z,2025-11-27T22:00:00+0100,78.3364
2025-11-27T22:00:00Z,2025-11-27T23:00:00+0100,65.3906
2025-11-27T23:00:00Z,2025-11-28T00:00:00+0100,57.8399
2025-11-28T00:00:00Z,2025-11-28T01:00:00+0100,52.5226
2025-11-28T01:00:00Z,2025-11-28T02:00:00+0100,50.5426
2025-11-28T02:00:00Z,2025-11-28T03:00:00+0100,48.0269
2025-11-28T03:00:00Z,2025-11-28T04:00:00+0100,52.0459
2025-11-28T04:00:00Z,2025-11-28T05:00:00+0100,69.3879
2025-11-28T05:00:00Z,2025-11-28T06:00:00+0100,90.2589
2025-11-28T06:00:00Z,2025-11-28T07:00:00+0100,138.5505
2025-11-28T07:00:00Z,2025-11-28T08:00:00+0100,162.7759
2025-11-28T08:00:00Z,2025-11-28T09:00:00+0100,154.9022
2025-11-28T09:00:00Z,2025-11-28T10:00:00+0100,142.0135
2025-11-28T10:00:00Z,2025-11-28T11:00:00+0100,141.1258
2025-11-28T11:00:00Z,2025-11-28T12:00:00+0100,140.1409
2025-11-28T12:00:00Z,2025-11-28T13:00:00+0100,143.7522
2025-11-28T13:00:00Z,2025-11-28T14:00:00+0100,163.4888
2025-11-28T14:00:00Z,2025-11-28T15:00:00+0100,172.3255
2025-11-28T15:00:00Z,2025-11-28T16:00:00+0100,178.6587
2025-11-28T16:00:00Z,2025-11-28T17:00:00+0100,184.6163
2025-11-28T17:00:00Z,2025-11-28T18:00:00+0100,179.8763
2025-11-28T18:00:00Z,2025-11-28T19:00:00+0100,156.4152
2025-11-28T19:00:00Z,2025-11-28T20:00:00+0100,109.0883
2025-11-28T20:00:00Z,2025-11-28T21:00:00+0100,98.4097
2025-11-28T21:00:00Z,2025-11-28T22:00:00+0100,85.9209
2025-11-28T22:00:00Z,2025-11-28T23:00:00+0100,69.0044
2025-11-28T23:00:00Z,2025-11-29T00:00:00+0100,78.1444
2025-11-29T00:00:00Z,2025-11-29T01:00:00+0100,78.1602
2025-11-29T01:00:00Z,2025-11-29T02:00:00+0100,72.8474
2025-11-29T02:00:00Z,2025-11-29T03:00:00+0100,70.9047
2025-11-29T03:00:00Z,2025-11-29T04:00:00+0100,81.3155
2025-11-29T04:00:00Z,2025-11-29T05:00:00+0100,96.3395
2025-11-29T05:00:00Z,2025-11-29T06:00:00+0100,102.728
2025-11-29T06:00:00Z,2025-11-29T07:00:00+0100,115.0073
2025-11-29T07:00:00Z,2025-11-29T08:00:00+0100,122.7284
2025-11-29T08:00:00Z,2025-11-29T09:00:00+0100,128.6692
2025-11-29T09:00:00Z,2025-11-29T10:00:00+0100,127.4822
2025-11-29T10:00:00Z,2025-11-29T11:00:00+0100,121.9464
2025-11-29T11:00:00Z,2025-11-29T12:00:00+0100,120.9439
2025-11-29T12:00:00Z,2025-11-29T13:00:00+0100,110.7065
2025-11-29T13:00:00Z,2025-11-29T14:00:00+0100,116.2407
2025-11-29T14:00:00Z,2025-11-29T15:00:00+0100,122.2868
2025-11-29T15:00:00Z,2025-11-29T16:00:00+0100,127.6609
2025-11-29T16:00:00Z,2025-11-29T17:00:00+0100,135.5227
2025-11-29T17:00:00Z,2025-11-29T18:00:00+0100,131.0125
2025-11-29T18:00:00Z,2025-11-29T19:00:00+0100,115.9511
2025-11-29T19:00:00Z,2025-11-29T20:00:00+0100,95.4709
2025-11-29T20:00:00Z,2025-11-29T21:00:00+0100,90.6808
2025-11-29T21:00:00Z,2025-11-29T22:00:00+0100,84.6902
2025-11-29T22:00:00Z,2025-11-29T23:00:00+0100,69.0938
2025-11-29T23:00:00Z,2025-11-30T00:00:00+0100,63.2436
2025-11-30T00:00:00Z,2025-11-30T01:00:00+0100,50.7323
2025-11-30T01:00:00Z,2025-11-30T02:00:00+0100,46.5453
2025-11-30T02:00:00Z,2025-11-30T03:00:00+0100,34.9415
2025-11-30T03:00:00Z,2025-11-30T04:00:00+0100,36.3395
2025-11-30T04:00:00Z,2025-11-30T05:00:00+0100,46.3178
2025-11-30T05:00:00Z,2025-11-30T06:00:00+0100,57.6435
2025-11-30T06:00:00Z,2025-11-30T07:00:00+0100,69.6255
2025-11-30T07:00:00Z,2025-11-30T08:00:00+0100,83.4461
2025-11-30T08:00:00Z,2025-11-30T09:00:00+0100,87.4404
2025-11-30T09:00:00Z,2025-11-30T10:00:00+0100,86.109
2025-11-30T10:00:00Z,2025-11-30T11:00:00+0100,90.6397
2025-11-30T11:00:00Z,2025-11-30T12:00:00+0100,95.724
2025-11-30T12:00:00Z,2025-11-30T13:00:00+0100,94.5763
2025-11-30T13:00:00Z,2025-11-30T14:00:00+0100,107.27
2025-11-30T14:00:00Z,2025-11-30T15:00:00+0100,116.7939
2025-11-30T15:00:00Z,2025-11-30T16:00:00+0100,123.0052
2025-11-30T16:00:00Z,2025-11-30T17:00:00+0100,131.4489
2025-11-30T17:00:00Z,2025-11-30T18:00:00+0100,129.0154
2025-11-30T18:00:00Z,2025-11-30T19:00:00+0100,122.3653
2025-11-30T19:00:00Z,2025-11-30T20:00:00+0100,117.6746
2025-11-30T20:00:00Z,2025-11-30T21:00:00+0100,112.0285
2025-11-30T21:00:00Z,2025-11-30T22:00:00+0100,108.5053
2025-11-30T22:00:00Z,2025-11-30T23:00:00+0100,101.6054
2025-11-30T23:00:00Z,2025-12-01T00:00:00+0100,95.6064
2025-12-01T00:00:00Z,2025-12-01T01:00:00+0100,97.8574
2025-12-01T01:00:00Z,2025-12-01T02:00:00+0100,95.0704
2025-12-01T02:00:00Z,2025-12-01T03:00:00+0100,92.4547
2025-12-01T03:00:00Z,2025-12-01T04:00:00+0100,93.1459
2025-12-01T04:00:00Z,2025-12-01T05:00:00+0100,116.5716
2025-12-01T05:00:00Z,2025-12-01T06:00:00+0100,143.3578
2025-12-01T06:00:00Z,2025-12-01T07:00:00+0100,201.0695
2025-12-01T07:00:00Z,2025-12-01T08:00:00+0100,196.7944
2025-12-01T08:00:00Z,2025-12-01T09:00:00+0100,147.0786
2025-12-01T09:00:00Z,2025-12-01T10:00:00+0100,116.4605
2025-12-01T10:00:00Z,2025-12-01T11:00:00+0100,108.7816
2025-12-01T11:00:00Z,2025-12-01T12:00:00+0100,104.0901
2025-12-01T12:00:00Z,2025-12-01T13:00:00+0100,107.6518
2025-12-01T13:00:00Z,2025-12-01T14:00:00+0100,127.0232
2025-12-01T14:00:00Z,2025-12-01T15:00:00+0100,148.6868
2025-12-01T15:00:00Z,2025-12-01T16:00:00+0100,159.2637
2025-12-01T16:00:00Z,2025-12-01T17:00:00+0100,159.8492
2025-12-01T17:00:00Z,2025-12-01T18:00:00+0100,155.5402
2025-12-01T18:00:00Z,2025-12-01T19:00:00+0100,129.3003
2025-12-01T19:00:00Z,2025-12-01T20:00:00+0100,113.9583
2025-12-01T20:00:00Z,2025-12-01T21:00:00+0100,97.1047
2025-12-01T21:00:00Z,2025-12-01T22:00:00+0100,88.127
2025-12-01T22:00:00Z,2025-12-01T23:00:00+0100,70.3598
2025-12-01T23:00:00Z,2025-12-02T00:00:00+0100,54.3351
2025-12-02T00:00:00Z,2025-12-02T01:00:00+0100,47.3615
2025-12-02T01:00:00Z,2025-12-02T02:00:00+0100,46.4092
2025-12-02T02:00:00Z,2025-12-02T03:00:00+0100,43.6949
2025-12-02T03:00:00Z,2025-12-02T04:00:00+0100,49.5834
2025-12-02T04:00:00Z,2025-12-02T05:00:00+0100,68.1176
2025-12-02T05:00:00Z,2025-12-02T06:00:00+0100,88.2298
2025-12-02T06:00:00Z,2025-12-02T07:00:00+0100,132.3096
2025-12-02T07:00:00Z,2025-12-02T08:00:00+0100,143.9524
2025-12-02T08:00:00Z,2025-12-02T09:00:00+0100,119.8588
2025-12-02T09:00:00Z,2025-12-02T10:00:00+0100,115.2494
2025-12-02T10:00:00Z,2025-12-02T11:00:00+0100,102.5483
2025-12-02T11:00:00Z,2025-12-02T12:00:00+0100,120.5912
2025-12-02T12:00:00Z,2025-12-02T13:00:00+0100,141.7957
2025-12-02T13:00:00Z,2025-12-02T14:00:00+0100,172.7971
2025-12-02T14:00:00Z,2025-12-02T15:00:00+0100,191.761
2025-12-02T15:00:00Z,2025-12-02T16:00:00+0100,196.6919
2025-12-02T16:00:00Z,2025-12-02T17:00:00+0100,235.7754
2025-12-02T17:00:00Z,2025-12-02T18:00:00+0100,236.4702
2025-12-02T18:00:00Z,2025-12-02T19:00:00+0100,221.9812
2025-12-02T19:00:00Z,2025-12-02T20:00:00+0100,202.9363
2025-12-02T20:00:00Z,2025-12-02T21:00:00+0100,179.7356
2025-12-02T21:00:00Z,2025-12-02T22:00:00+0100,175.0457
2025-12-02T22:00:00Z,2025-12-02T23:00:00+0100,166.7356
2025-12-02T23:00:00Z,2025-12-03T00:00:00+0100,143.7484
2025-12-03T00:00:00Z,2025-12-03T01:00:00+0100,139.3121
2025-12-03T01:00:00Z,2025-12-03T02:00:00+0100,136.2259
2025-12-03T02:00:00Z,2025-12-03T03:00:00+0100,139.217
2025-12-03T03:00:00Z,2025-12-03T04:00:00+0100,152.323
2025-12-03T04:00:00Z,2025-12-03T05:00:00+0100,171.5564
2025-12-03T05:00:00Z,2025-12-03T06:00:00+0100,186.4442
2025-12-03T06:00:00Z,2025-12-03T07:00:00+0100,289.668
2025-12-03T07:00:00Z,2025-12-03T08:00:00+0100,320.7676
2025-12-03T08:00:00Z,2025-12-03T09:00:00+0100,293.601
2025-12-03T09:00:00Z,2025-12-03T10:00:00+0100,259.3869
2025-12-03T10:00:00Z,2025-12-03T11:00:00+0100,219.4638
2025-12-03T11:00:00Z,2025-12-03T12:00:00+0100,204.9252
2025-12-03T12:00:00Z,2025-12-03T13:00:00+0100,224.7819
2025-12-03T13:00:00Z,2025-12-03T14:00:00+0100,253.3691
2025-12-03T14:00:00Z,2025-12-03T15:00:00+0100,325.8635
2025-12-03T15:00:00Z,2025-12-03T16:00:00+0100,316.9879
2025-12-03T16:00:00Z,2025-12-03T17:00:00+0100,278.8424
2025-12-03T17:00:00Z,2025-12-03T18:00:00+0100,251.2926
2025-12-03T18:00:00Z,2025-12-03T19:00:00+0100,215.1423
2025-12-03T19:00:00Z,2025-12-03T20:00:00+0100,181.5451
2025-12-03T20:00:00Z,2025-12-03T21:00:00+0100,139.422
2025-12-03T21:00:00Z,2025-12-03T22:00:00+0100,126.1661
2025-12-03T22:00:00Z,2025-12-03T23:00:00+0100,110.0837
2025-12-03T23:00:00Z,2025-12-04T00:00:00+0100,102.729
2025-12-04T00:00:00Z,2025-12-04T01:00:00+0100,99.7686
2025-12-04T01:00:00Z,2025-12-04T02:00:00+0100,99.1412
2025-12-04T02:00:00Z,2025-12-04T03:00:00+0100,98.3502
2025-12-04T03:00:00Z,2025-12-04T04:00:00+0100,96.2648
2025-12-04T04:00:00Z,2025-12-04T05:00:00+0100,101.1052
2025-12-04T05:00:00Z,2025-12-04T06:00:00+0100,136.5007
2025-12-04T06:00:00Z,2025-12-04T07:00:00+0100,190.3405
2025-12-04T07:00:00Z,2025-12-04T08:00:00+0100,228.2723
2025-12-04T08:00:00Z,2025-12-04T09:00:00+0100,208.6626
2025-12-04T09:00:00Z,2025-12-04T10:00:00+0100,184.2341
2025-12-04T10:00:00Z,2025-12-04T11:00:00+0100,167.9141
2025-12-04T11:00:00Z,2025-12-04T12:00:00+0100,161.2055
2025-12-04T12:00:00Z,2025-12-04T13:00:00+0100,171.8909
2025-12-04T13:00:00Z,2025-12-04T14:00:00+0100,182.8933
2025-12-04T14:00:00Z,2025-12-04T15:00:00+0100,212.2517
2025-12-04T15:00:00Z,2025-12-04T16:00:00+0100,200.3854
2025-12-04T16:00:00Z,2025-12-04T17:00:00+0100,210.2303
2025-12-04T17:00:00Z,2025-12-04T18:00:00+0100,193.3691
2025-12-04T18:00:00Z,2025-12-04T19:00:00+0100,165.9383
2025-12-04T19:00:00Z,2025-12-04T20:00:00+0100,145.7045
2025-12-04T20:00:00Z,2025-12-04T21:00:00+0100,125.0133
2025-12-04T21:00:00Z,2025-12-04T22:00:00+0100,117.2276
2025-12-04T22:00:00Z,2025-12-04T23:00:00+0100,112.4389
2025-12-04T23:00:00Z,2025-12-05T00:00:00+0100,106.9797
2025-12-05T00:00:00Z,2025-12-05T01:00:00+0100,102.1416
2025-12-05T01:00:00Z,2025-12-05T02:00:00+0100,100.9888
2025-12-05T02:00:00Z,2025-12-05T03:00:00+0100,99.2327
2025-12-05T03:00:00Z,2025-12-05T04:00:00+0100,98.0038
2025-12-05T04:00:00Z,2025-12-05T05:00:00+0100,100.5302
2025-12-05T05:00:00Z,2025-12-05T06:00:00+0100,148.2322
2025-12-05T06:00:00Z,2025-12-05T07:00:00+0100,203.2164
2025-12-05T07:00:00Z,2025-12-05T08:00:00+0100,220.7709
2025-12-05T08:00:00Z,2025-12-05T09:00:00+0100,209.7999
2025-12-05T09:00:00Z,2025-12-05T10:00:00+0100,207.6691
2025-12-05T10:00:00Z,2025-12-05T11:00:00+0100,212.8704
2025-12-05T11:00:00Z,2025-12-05T12:00:00+0100,207.2804
2025-12-05T12:00:00Z,2025-12-05T13:00:00+0100,217.9565
2025-12-05T13:00:00Z,2025-12-05T14:00:00+0100,219.4462
2025-12-05T14:00:00Z,2025-12-05T15:00:00+0100,244.9339
2025-12-05T15:00:00Z,2025-12-05T16:00:00+0100,237.1026
2025-12-05T16:00:00Z,2025-12-05T17:00:00+0100,237.7128
2025-12-05T17:00:00Z,2025-12-05T18:00:00+0100,183.4503
2025-12-05T18:00:00Z,2025-12-05T19:00:00+0100,169.2095
2025-12-05T19:00:00Z,2025-12-05T20:00:00+0100,146.1279
2025-12-05T20:00:00Z,2025-12-05T21:00:00+0100,115.7605
2025-12-05T21:00:00Z,2025-12-05T22:00:00+0100,113.4984
2025-12-05T22:00:00Z,2025-12-05T23:00:00+0100,104.7667
2025-12-05T23:00:00Z,2025-12-06T00:00:00+0100,98.1503
2025-12-06T00:00:00Z,2025-12-06T01:00:00+0100,89.6544
2025-12-06T01:00:00Z,2025-12-06T02:00:00+0100,82.9709
2025-12-06T02:00:00Z,2025-12-06T03:00:00+0100,72.9971
2025-12-06T03:00:00Z,2025-12-06T04:00:00+0100,67.0956
2025-12-06T04:00:00Z,2025-12-06T05:00:00+0100,70.2819
2025-12-06T05:00:00Z,2025-12-06T06:00:00+0100,75.7163
2025-12-06T06:00:00Z,2025-12-06T07:00:00+0100,81.7894
2025-12-06T07:00:00Z,2025-12-06T08:00:00+0100,78.0313
2025-12-06T08:00:00Z,2025-12-06T09:00:00+0100,83.7053
2025-12-06T09:00:00Z,2025-12-06T10:00:00+0100,84.1483
2025-12-06T10:00:00Z,2025-12-06T11:00:00+0100,84.9953
2025-12-06T11:00:00Z,2025-12-06T12:00:00+0100,89.4837
2025-12-06T12:00:00Z,2025-12-06T13:00:00+0100,92.9061
2025-12-06T13:00:00Z,2025-12-06T14:00:00+0100,95.2615
2025-12-06T14:00:00Z,2025-12-06T15:00:00+0100,99.064
2025-12-06T15:00:00Z,2025-12-06T16:00:00+0100,107.666
2025-12-06T16:00:00Z,2025-12-06T17:00:00+0100,112.9457
2025-12-06T17:00:00Z,2025-12-06T18:00:00+0100,110.4077
2025-12-06T18:00:00Z,2025-12-06T19:00:00+0100,100.274
2025-12-06T19:00:00Z,2025-12-06T20:00:00+0100,84.5577
2025-12-06T20:00:00Z,2025-12-06T21:00:00+0100,76.6029
2025-12-06T21:00:00Z,2025-12-06T22:00:00+0100,76.073
2025-12-06T22:00:00Z,2025-12-06T23:00:00+0100,63.7581
2025-12-06T23:00:00Z,2025-12-07T00:00:00+0100,58.2176
2025-12-07T00:00:00Z,2025-12-07T01:00:00+0100,51.922
2025-12-07T01:00:00Z,2025-12-07T02:00:00+0100,50.2161
2025-12-07T02:00:00Z,2025-12-07T03:00:00+0100,50.0842
2025-12-07T03:00:00Z,2025-12-07T04:00:00+0100,44.2881
2025-12-07T04:00:00Z,2025-12-07T05:00:00+0100,55.7731
2025-12-07T05:00:00Z,2025-12-07T06:00:00+0100,63.0346
2025-12-07T06:00:00Z,2025-12-07T07:00:00+0100,76.4185
2025-12-07T07:00:00Z,2025-12-07T08:00:00+0100,93.0013
2025-12-07T08:00:00Z,2025-12-07T09:00:00+0100,99.9182
2025-12-07T09:00:00Z,2025-12-07T10:00:00+0100,104.7906
2025-12-07T10:00:00Z,2025-12-07T11:00:00+0100,110.3432
2025-12-07T11:00:00Z,2025-12-07T12:00:00+0100,117.9404
2025-12-07T12:00:00Z,2025-12-07T13:00:00+0100,115.8003
2025-12-07T13:00:00Z,2025-12-07T14:00:00+0100,122.6857
2025-12-07T14:00:00Z,2025-12-07T15:00:00+0100,129.9025
2025-12-07T15:00:00Z,2025-12-07T16:00:00+0100,136.4321
2025-12-07T16:00:00Z,2025-12-07T17:00:00+0100,139.8343
2025-12-07T17:00:00Z,2025-12-07T18:00:00+0100,135.5463
2025-12-07T18:00:00Z,2025-12-07T19:00:00+0100,118.1698
2025-12-07T19:00:00Z,2025-12-07T20:00:00+0100,99.6117
2025-12-07T20:00:00Z,2025-12-07T21:00:00+0100,81.7416
2025-12-07T21:00:00Z,2025-12-07T22:00:00+0100,63.0453
2025-12-07T22:00:00Z,2025-12-07T23:00:00+0100,41.4977
2025-12-07T23:00:00Z,2025-12-08T00:00:00+0100,12.1528
2025-12-08T00:00:00Z,2025-12-08T01:00:00+0100,6.6327
2025-12-08T01:00:00Z,2025-12-08T02:00:00+0100,1.4632
2025-12-08T02:00:00Z,2025-12-08T03:00:00+0100,-2.6559
2025-12-08T03:00:00Z,2025-12-08T04:00:00+0100,0.1606
2025-12-08T04:00:00Z,2025-12-08T05:00:00+0100,14.4067
2025-12-08T05:00:00Z,2025-12-08T06:00:00+0100,45.4976
2025-12-08T06:00:00Z,2025-12-08T07:00:00+0100,79.3303
2025-12-08T07:00:00Z,2025-12-08T08:00:00+0100,101.0173
2025-12-08T08:00:00Z,2025-12-08T09:00:00+0100,95.0886
2025-12-08T09:00:00Z,2025-12-08T10:00:00+0100,86.7327
2025-12-08T10:00:00Z,2025-12-08T11:00:00+0100,83.644
2025-12-08T11:00:00Z,2025-12-08T12:00:00+0100,86.4392
2025-12-08T12:00:00Z,2025-12-08T13:00:00+0100,93.0586
2025-12-08T13:00:00Z,2025-12-08T14:00:00+0100,101.6174
2025-12-08T14:00:00Z,2025-12-08T15:00:00+0100,104.4427
2025-12-08T15:00:00Z,2025-12-08T16:00:00+0100,110.2268
2025-12-08T16:00:00Z,2025-12-08T17:00:00+0100,112.9559
2025-12-08T17:00:00Z,2025-12-08T18:00:00+0100,109.4866
2025-12-08T18:00:00Z,2025-12-08T19:00:00+0100,109.0317
2025-12-08T19:00:00Z,2025-12-08T20:00:00+0100,95.571
2025-12-08T20:00:00Z,2025-12-08T21:00:00+0100,86.3916
2025-12-08T21:00:00Z,2025-12-08T22:00:00+0100,80.4552
2025-12-08T22:00:00Z,2025-12-08T23:00:00+0100,69.143
2025-12-08T23:00:00Z,2025-12-09T00:00:00+0100,58.2382
2025-12-09T00:00:00Z,2025-12-09T01:00:00+0100,53.3503
2025-12-09T01:00:00Z,2025-12-09T02:00:00+0100,57.4689
2025-12-09T02:00:00Z,2025-12-09T03:00:00+0100,60.1996
2025-12-09T03:00:00Z,2025-12-09T04:00:00+0100,64.8847
2025-12-09T04:00:00Z,2025-12-09T05:00:00+0100,90.4054
2025-12-09T05:00:00Z,2025-12-09T06:00:00+0100,114.4087
2025-12-09T06:00:00Z,2025-12-09T07:00:00+0100,130.7976
2025-12-09T07:00:00Z,2025-12-09T08:00:00+0100,144.1711
2025-12-09T08:00:00Z,2025-12-09T09:00:00+0100,126.6742
2025-12-09T09:00:00Z,2025-12-09T10:00:00+0100,111.2323
2025-12-09T10:00:00Z,2025-12-09T11:00:00+0100,106.125
2025-12-09T11:00:00Z,2025-12-09T12:00:00+0100,103.9627
2025-12-09T12:00:00Z,2025-12-09T13:00:00+0100,103.9551
2025-12-09T13:00:00Z,2025-12-09T14:00:00+0100,113.7353
2025-12-09T14:00:00Z,2025-12-09T15:00:00+0100,133.6121
2025-12-09T15:00:00Z,2025-12-09T16:00:00+0100,136.5684
2025-12-09T16:00:00Z,2025-12-09T17:00:00+0100,133.9301
2025-12-09T17:00:00Z,2025-12-09T18:00:00+0100,130.9684
2025-12-09T18:00:00Z,2025-12-09T19:00:00+0100,118.8111
2025-12-09T19:00:00Z,2025-12-09T20:00:00+0100,107.3973
2025-12-09T20:00:00Z,2025-12-09T21:00:00+0100,86.9521
2025-12-09T21:00:00Z,2025-12-09T22:00:00+0100,75.7143
2025-12-09T22:00:00Z,2025-12-09T23:00:00+0100,55.4933
2025-12-09T23:00:00Z,2025-12-10T00:00:00+0100,61.0077
2025-12-10T00:00:00Z,2025-12-10T01:00:00+0100,48.9905
2025-12-10T01:00:00Z,2025-12-10T02:00:00+0100,44.6949
2025-12-10T02:00:00Z,2025-12-10T03:00:00+0100,44.6834
2025-12-10T03:00:00Z,2025-12-10T04:00:00+0100,51.3961
2025-12-10T04:00:00Z,2025-12-10T05:00:00+0100,68.5424
2025-12-10T05:00:00Z,2025-12-10T06:00:00+0100,91.0993
2025-12-10T06:00:00Z,2025-12-10T07:00:00+0100,118.9407
2025-12-10T07:00:00Z,2025-12-10T08:00:00+0100,136.1958
2025-12-10T08:00:00Z,2025-12-10T09:00:00+0100,125.5638
2025-12-10T09:00:00Z,2025-12-10T10:00:00+0100,119.8192
2025-12-10T10:00:00Z,2025-12-10T11:00:00+0100,106.7748
2025-12-10T11:00:00Z,2025-12-10T12:00:00+0100,104.0083
2025-12-10T12:00:00Z,2025-12-10T13:00:00+0100,114.868
2025-12-10T13:00:00Z,2025-12-10T14:00:00+0100,126.3471
2025-12-10T14:00:00Z,2025-12-10T15:00:00+0100,132.6841
2025-12-10T15:00:00Z,2025-12-10T16:00:00+0100,135.9813
2025-12-10T16:00:00Z,2025-12-10T17:00:00+0100,138.7357
2025-12-10T17:00:00Z,2025-12-10T18:00:00+0100,131.5351
2025-12-10T18:00:00Z,2025-12-10T19:00:00+0100,129.4269
2025-12-10T19:00:00Z,2025-12-10T20:00:00+0100,104.0652
2025-12-10T20:00:00Z,2025-12-10T21:00:00+0100,92.9478
2025-12-10T21:00:00Z,2025-12-10T22:00:00+0100,85.241
2025-12-10T22:00:00Z,2025-12-10T23:00:00+0100,73.1934
2025-12-10T23:00:00Z,2025-12-11T00:00:00+0100,51.9439
2025-12-11T00:00:00Z,2025-12-11T01:00:00+0100,49.1943
2025-12-11T01:00:00Z,2025-12-11T02:00:00+0100,51.0126
2025-12-11T02:00:00Z,2025-12-11T03:00:00+0100,53.8993
2025-12-11T03:00:00Z,2025-12-11T04:00:00+0100,59.9317
2025-12-11T04:00:00Z,2025-12-11T05:00:00+0100,75.4531
2025-12-11T05:00:00Z,2025-12-11T06:00:00+0100,94.4208
2025-12-11T06:00:00Z,2025-12-11T07:00:00+0100,122.4485
2025-12-11T07:00:00Z,2025-12-11T08:00:00+0100,134.155
2025-12-11T08:00:00Z,2025-12-11T09:00:00+0100,135.3383
2025-12-11T09:00:00Z,2025-12-11T10:00:00+0100,120.9861
2025-12-11T10:00:00Z,2025-12-11T11:00:00+0100,108.79
2025-12-11T11:00:00Z,2025-12-11T12:00:00+0100,106.3708
2025-12-11T12:00:00Z,2025-12-11T13:00:00+0100,105.1598
2025-12-11T13:00:00Z,2025-12-11T14:00:00+0100,110.372
2025-12-11T14:00:00Z,2025-12-11T15:00:00+0100,114.2794
2025-12-11T15:00:00Z,2025-12-11T16:00:00+0100,103.2099
2025-12-11T16:00:00Z,2025-12-11T17:00:00+0100,110.7661
2025-12-11T17:00:00Z,2025-12-11T18:00:00+0100,107.6209
2025-12-11T18:00:00Z,2025-12-11T19:00:00+0100,107.8943
2025-12-11T19:00:00Z,2025-12-11T20:00:00+0100,106.3129
2025-12-11T20:00:00Z,2025-12-11T21:00:00+0100,95.9642
2025-12-11T21:00:00Z,2025-12-11T22:00:00+0100,97.8828
2025-12-11T22:00:00Z,2025-12-11T23:00:00+0100,92.2066
2025-12-11T23:00:00Z,2025-12-12T00:00:00+0100,89.7339
2025-12-12T00:00:00Z,2025-12-12T01:00:00+0100,87.947
2025-12-12T01:00:00Z,2025-12-12T02:00:00+0100,89.4542
2025-12-12T02:00:00Z,2025-12-12T03:00:00+0100,85.7005
2025-12-12T03:00:00Z,2025-12-12T04:00:00+0100,83.4434
2025-12-12T04:00:00Z,2025-12-12T05:00:00+0100,92.9163
2025-12-12T05:00:00Z,2025-12-12T06:00:00+0100,105.5648
2025-12-12T06:00:00Z,2025-12-12T07:00:00+0100,128.1718
2025-12-12T07:00:00Z,2025-12-12T08:00:00+0100,150.7203
2025-12-12T08:00:00Z,2025-12-12T09:00:00+0100,138.59
2025-12-12T09:00:00Z,2025-12-12T10:00:00+0100,120.6815
2025-12-12T10:00:00Z,2025-12-12T11:00:00+0100,106.2446
2025-12-12T11:00:00Z,2025-12-12T12:00:00+0100,104.3505
2025-12-12T12:00:00Z,2025-12-12T13:00:00+0100,109.3605
2025-12-12T13:00:00Z,2025-12-12T14:00:00+0100,116.7743
2025-12-12T14:00:00Z,2025-12-12T15:00:00+0100,133.8904
2025-12-12T15:00:00Z,2025-12-12T16:00:00+0100,143.0902
2025-12-12T16:00:00Z,2025-12-12T17:00:00+0100,153.8299
2025-12-12T17:00:00Z,2025-12-12T18:00:00+0100,125.8385
2025-12-12T18:00:00Z,2025-12-12T19:00:00+0100,117.2509
2025-12-12T19:00:00Z,2025-12-12T20:00:00+0100,102.4406
2025-12-12T20:00:00Z,2025-12-12T21:00:00+0100,88.1801
2025-12-12T21:00:00Z,2025-12-12T22:00:00+0100,95.0655
2025-12-12T22:00:00Z,2025-12-12T23:00:00+0100,91.6732
2025-12-12T23:00:00Z,2025-12-13T00:00:00+0100,90.4962
2025-12-13T00:00:00Z,2025-12-13T01:00:00+0100,86.9448
2025-12-13T01:00:00Z,2025-12-13T02:00:00+0100,87.5945
2025-12-13T02:00:00Z,2025-12-13T03:00:00+0100,87.4213
2025-12-13T03:00:00Z,2025-12-13T04:00:00+0100,83.4601
2025-12-13T04:00:00Z,2025-12-13T05:00:00+0100,85.3842
2025-12-13T05:00:00Z,2025-12-13T06:00:00+0100,88.5594
2025-12-13T06:00:00Z,2025-12-13T07:00:00+0100,96.0608
2025-12-13T07:00:00Z,2025-12-13T08:00:00+0100,98.1173
2025-12-13T08:00:00Z,2025-12-13T09:00:00+0100,101.0056
2025-12-13T09:00:00Z,2025-12-13T10:00:00+0100,99.5029
2025-12-13T10:00:00Z,2025-12-13T11:00:00+0100,99.1144
2025-12-13T11:00:00Z,2025-12-13T12:00:00+0100,95.9077
2025-12-13T12:00:00Z,2025-12-13T13:00:00+0100,95.9459
2025-12-13T13:00:00Z,2025-12-13T14:00:00+0100,97.5173
2025-12-13T14:00:00Z,2025-12-13T15:00:00+0100,104.1432
2025-12-13T15:00:00Z,2025-12-13T16:00:00+0100,110.0597
2025-12-13T16:00:00Z,2025-12-13T17:00:00+0100,116.9372
2025-12-13T17:00:00Z,2025-12-13T18:00:00+0100,108.862
2025-12-13T18:00:00Z,2025-12-13T19:00:00+0100,105.526
2025-12-13T19:00:00Z,2025-12-13T20:00:00+0100,99.0475
2025-12-13T20:00:00Z,2025-12-13T21:00:00+0100,97.5151
2025-12-13T21:00:00Z,2025-12-13T22:00:00+0100,91.6584
2025-12-13T22:00:00Z,2025-12-13T23:00:00+0100,86.1305
2025-12-13T23:00:00Z,2025-12-14T00:00:00+0100,83.4553
2025-12-14T00:00:00Z,2025-12-14T01:00:00+0100,80.502
2025-12-14T01:00:00Z,2025-12-14T02:00:00+0100,76.777
2025-12-14T02:00:00Z,2025-12-14T03:00:00+0100,70.0181
2025-12-14T03:00:00Z,2025-12-14T04:00:00+0100,66.4213
2025-12-14T04:00:00Z,2025-12-14T05:00:00+0100,66.2273
2025-12-14T05:00:00Z,2025-12-14T06:00:00+0100,67.9434
2025-12-14T06:00:00Z,2025-12-14T07:00:00+0100,79.0319
2025-12-14T07:00:00Z,2025-12-14T08:00:00+0100,85.7592
2025-12-14T08:00:00Z,2025-12-14T09:00:00+0100,91.5153
2025-12-14T09:00:00Z,2025-12-14T10:00:00+0100,91.5442
2025-12-14T10:00:00Z,2025-12-14T11:00:00+0100,91.0337
2025-12-14T11:00:00Z,2025-12-14T12:00:00+0100,87.9837
2025-12-14T12:00:00Z,2025-12-14T13:00:00+0100,87.2103
2025-12-14T13:00:00Z,2025-12-14T14:00:00+0100,90.5645
2025-12-14T14:00:00Z,2025-12-14T15:00:00+0100,91.0181
2025-12-14T15:00:00Z,2025-12-14T16:00:00+0100,104.7108
2025-12-14T16:00:00Z,2025-12-14T17:00:00+0100,107.6651
2025-12-14T17:00:00Z,2025-12-14T18:00:00+0100,99.0344
2025-12-14T18:00:00Z,2025-12-14T19:00:00+0100,98.5452
2025-12-14T19:00:00Z,2025-12-14T20:00:00+0100,90.7033
2025-12-14T20:00:00Z,2025-12-14T21:00:00+0100,86.7709
2025-12-14T21:00:00Z,2025-12-14T22:00:00+0100,86.8958
2025-12-14T22:00:00Z,2025-12-14T23:00:00+0100,77.7113
2025-12-14T23:00:00Z,2025-12-15T00:00:00+0100,79.7567
2025-12-15T00:00:00Z,2025-12-15T01:00:00+0100,73.2747
2025-12-15T01:00:00Z,2025-12-15T02:00:00+0100,67.7668
2025-12-15T02:00:00Z,2025-12-15T03:00:00+0100,64.9162
2025-12-15T03:00:00Z,2025-12-15T04:00:00+0100,64.3256
2025-12-15T04:00:00Z,2025-12-15T05:00:00+0100,73.3601
2025-12-15T05:00:00Z,2025-12-15T06:00:00+0100,86.6099
2025-12-15T06:00:00Z,2025-12-15T07:00:00+0100,98.2668
2025-12-15T07:00:00Z,2025-12-15T08:00:00+0100,107.2735
2025-12-15T08:00:00Z,2025-12-15T09:00:00+0100,97.0513
2025-12-15T09:00:00Z,2025-12-15T10:00:00+0100,83.4271
2025-12-15T10:00:00Z,2025-12-15T11:00:00+0100,81.9147
2025-12-15T11:00:00Z,2025-12-15T12:00:00+0100,82.5978
2025-12-15T12:00:00Z,2025-12-15T13:00:00+0100,83.2449
2025-12-15T13:00:00Z,2025-12-15T14:00:00+0100,96.8779
2025-12-15T14:00:00Z,2025-12-15T15:00:00+0100,103.3435
2025-12-15T15:00:00Z,2025-12-15T16:00:00+0100,109.2107
2025-12-15T16:00:00Z,2025-12-15T17:00:00+0100,107.6453
2025-12-15T17:00:00Z,2025-12-15T18:00:00+0100,101.9896
2025-12-15T18:00:00Z,2025-12-15T19:00:00+0100,98.8792
2025-12-15T19:00:00Z,2025-12-15T20:00:00+0100,91.4125
2025-12-15T20:00:00Z,2025-12-15T21:00:00+0100,87.2022
2025-12-15T21:00:00Z,2025-12-15T22:00:00+0100,87.7544
2025-12-15T22:00:00Z,2025-12-15T23:00:00+0100,80.8402
2025-12-15T23:00:00Z,2025-12-16T00:00:00+0100,84.3682
2025-12-16T00:00:00Z,2025-12-16T01:00:00+0100,81.2017
2025-12-16T01:00:00Z,2025-12-16T02:00:00+0100,81.2004
2025-12-16T02:00:00Z,2025-12-16T03:00:00+0100,78.8433
2025-12-16T03:00:00Z,2025-12-16T04:00:00+0100,81.6668
2025-12-16T04:00:00Z,2025-12-16T05:00:00+0100,83.206
2025-12-16T05:00:00Z,2025-12-16T06:00:00+0100,93.7471
2025-12-16T06:00:00Z,2025-12-16T07:00:00+0100,107.7855
2025-12-16T07:00:00Z,2025-12-16T08:00:00+0100,115.2538
2025-12-16T08:00:00Z,2025-12-16T09:00:00+0100,102.495
2025-12-16T09:00:00Z,2025-12-16T10:00:00+0100,90.1393
2025-12-16T10:00:00Z,2025-12-16T11:00:00+0100,86.9234
2025-12-16T11:00:00Z,2025-12-16T12:00:00+0100,83.1944
2025-12-16T12:00:00Z,2025-12-16T13:00:00+0100,92.1524
2025-12-16T13:00:00Z,2025-12-16T14:00:00+0100,103.2264
2025-12-16T14:00:00Z,2025-12-16T15:00:00+0100,121.1877
2025-12-16T15:00:00Z,2025-12-16T16:00:00+0100,129.0419
2025-12-16T16:00:00Z,2025-12-16T17:00:00+0100,123.4998
2025-12-16T17:00:00Z,2025-12-16T18:00:00+0100,117.9674
2025-12-16T18:00:00Z,2025-12-16T19:00:00+0100,110.2217
2025-12-16T19:00:00Z,2025-12-16T20:00:00+0100,101.2931
2025-12-16T20:00:00Z,2025-12-16T21:00:00+0100,96.3612
2025-12-16T21:00:00Z,2025-12-16T22:00:00+0100,93.3711
2025-12-16T22:00:00Z,2025-12-16T23:00:00+0100,87.3047
2025-12-16T23:00:00Z,2025-12-17T00:00:00+0100,83.1211
2025-12-17T00:00:00Z,2025-12-17T01:00:00+0100,77.3897
2025-12-17T01:00:00Z,2025-12-17T02:00:00+0100,77.336
2025-12-17T02:00:00Z,2025-12-17T03:00:00+0100,76.1015
2025-12-17T03:00:00Z,2025-12-17T04:00:00+0100,75.8307
2025-12-17T04:00:00Z,2025-12-17T05:00:00+0100,84.252
2025-12-17T05:00:00Z,2025-12-17T06:00:00+0100,92.3256
2025-12-17T06:00:00Z,2025-12-17T07:00:00+0100,103.111
2025-12-17T07:00:00Z,2025-12-17T08:00:00+0100,113.0155
2025-12-17T08:00:00Z,2025-12-17T09:00:00+0100,106.3247
2025-12-17T09:00:00Z,2025-12-17T10:00:00+0100,93.124
2025-12-17T10:00:00Z,2025-12-17T11:00:00+0100,87.7941
2025-12-17T11:00:00Z,2025-12-17T12:00:00+0100,87.6232
2025-12-17T12:00:00Z,2025-12-17T13:00:00+0100,94.9176
2025-12-17T13:00:00Z,2025-12-17T14:00:00+0100,101.1965
2025-12-17T14:00:00Z,2025-12-17T15:00:00+0100,125.9431
2025-12-17T15:00:00Z,2025-12-17T16:00:00+0100,145.9127
2025-12-17T16:00:00Z,2025-12-17T17:00:00+0100,149.6155
2025-12-17T17:00:00Z,2025-12-17T18:00:00+0100,128.5077
2025-12-17T18:00:00Z,2025-12-17T19:00:00+0100,111.8187
2025-12-17T19:00:00Z,2025-12-17T20:00:00+0100,106.8353
2025-12-17T20:00:00Z,2025-12-17T21:00:00+0100,99.3389
2025-12-17T21:00:00Z,2025-12-17T22:00:00+0100,95.9248
2025-12-17T22:00:00Z,2025-12-17T23:00:00+0100,91.5845
2025-12-17T23:00:00Z,2025-12-18T00:00:00+0100,81.4908
2025-12-18T00:00:00Z,2025-12-18T01:00:00+0100,76.4806
2025-12-18T01:00:00Z,2025-12-18T02:00:00+0100,69.5875
2025-12-18T02:00:00Z,2025-12-18T03:00:00+0100,63.3868
2025-12-18T03:00:00Z,2025-12-18T04:00:00+0100,64.2068
2025-12-18T04:00:00Z,2025-12-18T05:00:00+0100,68.7277
2025-12-18T05:00:00Z,2025-12-18T06:00:00+0100,75.8542
2025-12-18T06:00:00Z,2025-12-18T07:00:00+0100,85.6283
2025-12-18T07:00:00Z,2025-12-18T08:00:00+0100,90.4283
2025-12-18T08:00:00Z,2025-12-18T09:00:00+0100,87.2329
2025-12-18T09:00:00Z,2025-12-18T10:00:00+0100,78.8177
2025-12-18T10:00:00Z,2025-12-18T11:00:00+0100,70.8225
2025-12-18T11:00:00Z,2025-12-18T12:00:00+0100,67.5035
2025-12-18T12:00:00Z,2025-12-18T13:00:00+0100,76.0441
2025-12-18T13:00:00Z,2025-12-18T14:00:00+0100,83.9267
2025-12-18T14:00:00Z,2025-12-18T15:00:00+0100,95.8927
2025-12-18T15:00:00Z,2025-12-18T16:00:00+0100,99.5606
2025-12-18T16:00:00Z,2025-12-18T17:00:00+0100,100.0843
2025-12-18T17:00:00Z,2025-12-18T18:00:00+0100,88.2745
2025-12-18T18:00:00Z,2025-12-18T19:00:00+0100,80.6692
2025-12-18T19:00:00Z,2025-12-18T20:00:00+0100,67.7114
2025-12-18T20:00:00Z,2025-12-18T21:00:00+0100,50.2504
2025-12-18T21:00:00Z,2025-12-18T22:00:00+0100,43.1498
2025-12-18T22:00:00Z,2025-12-18T23:00:00+0100,32.6282
2025-12-18T23:00:00Z,2025-12-19T00:00:00+0100,22.0506
2025-12-19T00:00:00Z,2025-12-19T01:00:00+0100,18.2054
2025-12-19T01:00:00Z,2025-12-19T02:00:00+0100,12.7079
2025-12-19T02:00:00Z,2025-12-19T03:00:00+0100,11.5245
2025-12-19T03:00:00Z,2025-12-19T04:00:00+0100,14.7017
2025-12-19T04:00:00Z,2025-12-19T05:00:00+0100,28.0993
2025-12-19T05:00:00Z,2025-12-19T06:00:00+0100,60.2214
2025-12-19T06:00:00Z,2025-12-19T07:00:00+0100,82.1733
2025-12-19T07:00:00Z,2025-12-19T08:00:00+0100,94.326
2025-12-19T08:00:00Z,2025-12-19T09:00:00+0100,92.6101
2025-12-19T09:00:00Z,2025-12-19T10:00:00+0100,85.8988
2025-12-19T10:00:00Z,2025-12-19T11:00:00+0100,82.7899
2025-12-19T11:00:00Z,2025-12-19T12:00:00+0100,82.8494
2025-12-19T12:00:00Z,2025-12-19T13:00:00+0100,89.3295
2025-12-19T13:00:00Z,2025-12-19T14:00:00+0100,97.1514
2025-12-19T14:00:00Z,2025-12-19T15:00:00+0100,100.0417
2025-12-19T15:00:00Z,2025-12-19T16:00:00+0100,103.2631
2025-12-19T16:00:00Z,2025-12-19T17:00:00+0100,103.793
2025-12-19T17:00:00Z,2025-12-19T18:00:00+0100,100.7448
2025-12-19T18:00:00Z,2025-12-19T19:00:00+0100,97.2881
2025-12-19T19:00:00Z,2025-12-19T20:00:00+0100,90.1027
2025-12-19T20:00:00Z,2025-12-19T21:00:00+0100,86.2053
2025-12-19T21:00:00Z,2025-12-19T22:00:00+0100,85.6318
2025-12-19T22:00:00Z,2025-12-19T23:00:00+0100,80.6646
2025-12-19T23:00:00Z,2025-12-20T00:00:00+0100,81.5367
2025-12-20T00:00:00Z,2025-12-20T01:00:00+0100,83.8009
2025-12-20T01:00:00Z,2025-12-20T02:00:00+0100,83.6638
2025-12-20T02:00:00Z,2025-12-20T03:00:00+0100,83.9245
2025-12-20T03:00:00Z,2025-12-20T04:00:00+0100,85.7409
2025-12-20T04:00:00Z,2025-12-20T05:00:00+0100,83.4096
2025-12-20T05:00:00Z,2025-12-20T06:00:00+0100,82.3103
2025-12-20T06:00:00Z,2025-12-20T07:00:00+0100,85.5911
2025-12-20T07:00:00Z,2025-12-20T08:00:00+0100,92.3246
2025-12-20T08:00:00Z,2025-12-20T09:00:00+0100,98.1006
2025-12-20T09:00:00Z,2025-12-20T10:00:00+0100,94.3701
2025-12-20T10:00:00Z,2025-12-20T11:00:00+0100,94.449
2025-12-20T11:00:00Z,2025-12-20T12:00:00+0100,89.9924
2025-12-20T12:00:00Z,2025-12-20T13:00:00+0100,90.8995
2025-12-20T13:00:00Z,2025-12-20T14:00:00+0100,94.5676
2025-12-20T14:00:00Z,2025-12-20T15:00:00+0100,97.3858
2025-12-20T15:00:00Z,2025-12-20T16:00:00+0100,96.9869
2025-12-20T16:00:00Z,2025-12-20T17:00:00+0100,100.5054
2025-12-20T17:00:00Z,2025-12-20T18:00:00+0100,101.7235
2025-12-20T18:00:00Z,2025-12-20T19:00:00+0100,95.8722
2025-12-20T19:00:00Z,2025-12-20T20:00:00+0100,98.7183
2025-12-20T20:00:00Z,2025-12-20T21:00:00+0100,94.0756
2025-12-20T21:00:00Z,2025-12-20T22:00:00+0100,95.4957
2025-12-20T22:00:00Z,2025-12-20T23:00:00+0100,89.3585
2025-12-20T23:00:00Z,2025-12-21T00:00:00+0100,87.8894
2025-12-21T00:00:00Z,2025-12-21T01:00:00+0100,82.7278
2025-12-21T01:00:00Z,2025-12-21T02:00:00+0100,82.9733
2025-12-21T02:00:00Z,2025-12-21T03:00:00+0100,81.632
2025-12-21T03:00:00Z,2025-12-21T04:00:00+0100,81.5865
2025-12-21T04:00:00Z,2025-12-21T05:00:00+0100,82.7895
2025-12-21T05:00:00Z,2025-12-21T06:00:00+0100,83.7873
2025-12-21T06:00:00Z,2025-12-21T07:00:00+0100,88.5907
2025-12-21T07:00:00Z,2025-12-21T08:00:00+0100,89.1642
2025-12-21T08:00:00Z,2025-12-21T09:00:00+0100,92.829
2025-12-21T09:00:00Z,2025-12-21T10:00:00+0100,90.8012
2025-12-21T10:00:00Z,2025-12-21T11:00:00+0100,87.7459
2025-12-21T11:00:00Z,2025-12-21T12:00:00+0100,84.8761
2025-12-21T12:00:00Z,2025-12-21T13:00:00+0100,83.2072
2025-12-21T13:00:00Z,2025-12-21T14:00:00+0100,93.7535
2025-12-21T14:00:00Z,2025-12-21T15:00:00+0100,94.1635
2025-12-21T15:00:00Z,2025-12-21T16:00:00+0100,99.4238
2025-12-21T16:00:00Z,2025-12-21T17:00:00+0100,102.2299
2025-12-21T17:00:00Z,2025-12-21T18:00:00+0100,98.1797
2025-12-21T18:00:00Z,2025-12-21T19:00:00+0100,93.1109
2025-12-21T19:00:00Z,2025-12-21T20:00:00+0100,86.7112
2025-12-21T20:00:00Z,2025-12-21T21:00:00+0100,82.1916
2025-12-21T21:00:00Z,2025-12-21T22:00:00+0100,79.1724
2025-12-21T22:00:00Z,2025-12-21T23:00:00+0100,65.4478
2025-12-21T23:00:00Z,2025-12-22T00:00:00+0100,69.5338
2025-12-22T00:00:00Z,2025-12-22T01:00:00+0100,65.1748
2025-12-22T01:00:00Z,2025-12-22T02:00:00+0100,62.5132
2025-12-22T02:00:00Z,2025-12-22T03:00:00+0100,62.8016
2025-12-22T03:00:00Z,2025-12-22T04:00:00+0100,67.2788
2025-12-22T04:00:00Z,2025-12-22T05:00:00+0100,76.1896
2025-12-22T05:00:00Z,2025-12-22T06:00:00+0100,91.0328
2025-12-22T06:00:00Z,2025-12-22T07:00:00+0100,102.1624
2025-12-22T07:00:00Z,2025-12-22T08:00:00+0100,114.7637
2025-12-22T08:00:00Z,2025-12-22T09:00:00+0100,113.5495
2025-12-22T09:00:00Z,2025-12-22T10:00:00+0100,104.9501
2025-12-22T10:00:00Z,2025-12-22T11:00:00+0100,102.5918
2025-12-22T11:00:00Z,2025-12-22T12:00:00+0100,101.357
2025-12-22T12:00:00Z,2025-12-22T13:00:00+0100,101.8571
2025-12-22T13:00:00Z,2025-12-22T14:00:00+0100,107.3814
2025-12-22T14:00:00Z,2025-12-22T15:00:00+0100,107.4095
2025-12-22T15:00:00Z,2025-12-22T16:00:00+0100,110.9116
2025-12-22T16:00:00Z,2025-12-22T17:00:00+0100,106.9183
2025-12-22T17:00:00Z,2025-12-22T18:00:00+0100,104.2462
2025-12-22T18:00:00Z,2025-12-22T19:00:00+0100,99.2937
2025-12-22T19:00:00Z,2025-12-22T20:00:00+0100,94.2239
2025-12-22T20:00:00Z,2025-12-22T21:00:00+0100,91.6487
2025-12-22T21:00:00Z,2025-12-22T22:00:00+0100,90.4105
2025-12-22T22:00:00Z,2025-12-22T23:00:00+0100,81.5889
2025-12-22T23:00:00Z,2025-12-23T00:00:00+0100,79.7777
2025-12-23T00:00:00Z,2025-12-23T01:00:00+0100,77.7792
2025-12-23T01:00:00Z,2025-12-23T02:00:00+0100,70.1609
2025-12-23T02:00:00Z,2025-12-23T03:00:00+0100,64.4289
2025-12-23T03:00:00Z,2025-12-23T04:00:00+0100,63.1105
2025-12-23T04:00:00Z,2025-12-23T05:00:00+0100,72.6571
2025-12-23T05:00:00Z,2025-12-23T06:00:00+0100,80.8077
2025-12-23T06:00:00Z,2025-12-23T07:00:00+0100,91.2142
2025-12-23T07:00:00Z,2025-12-23T08:00:00+0100,97.1249
2025-12-23T08:00:00Z,2025-12-23T09:00:00+0100,94.9235
2025-12-23T09:00:00Z,2025-12-23T10:00:00+0100,88.7718
2025-12-23T10:00:00Z,2025-12-23T11:00:00+0100,85.6919
2025-12-23T11:00:00Z,2025-12-23T12:00:00+0100,81.8524
2025-12-23T12:00:00Z,2025-12-23T13:00:00+0100,83.7485
2025-12-23T13:00:00Z,2025-12-23T14:00:00+0100,87.0508
2025-12-23T14:00:00Z,2025-12-23T15:00:00+0100,92.7219
2025-12-23T15:00:00Z,2025-12-23T16:00:00+0100,94.6768
2025-12-23T16:00:00Z,2025-12-23T17:00:00+0100,97.7461
2025-12-23T17:00:00Z,2025-12-23T18:00:00+0100,92.7894
2025-12-23T18:00:00Z,2025-12-23T19:00:00+0100,89.9978
2025-12-23T19:00:00Z,2025-12-23T20:00:00+0100,81.0164
2025-12-23T20:00:00Z,2025-12-23T21:00:00+0100,75.0464
2025-12-23T21:00:00Z,2025-12-23T22:00:00+0100,76.0359
2025-12-23T22:00:00Z,2025-12-23T23:00:00+0100,65.1118
2025-12-23T23:00:00Z,2025-12-24T00:00:00+0100,41.521
2025-12-24T00:00:00Z,2025-12-24T01:00:00+0100,39.7398
2025-12-24T01:00:00Z,2025-12-24T02:00:00+0100,39.9576
2025-12-24T02:00:00Z,2025-12-24T03:00:00+0100,40.334
2025-12-24T03:00:00Z,2025-12-24T04:00:00+0100,38.8969
2025-12-24T04:00:00Z,2025-12-24T05:00:00+0100,44.17
2025-12-24T05:00:00Z,2025-12-24T06:00:00+0100,46.3922
2025-12-24T06:00:00Z,2025-12-24T07:00:00+0100,66.1109
2025-12-24T07:00:00Z,2025-12-24T08:00:00+0100,78.3183
2025-12-24T08:00:00Z,2025-12-24T09:00:00+0100,79.2681
2025-12-24T09:00:00Z,2025-12-24T10:00:00+0100,68.8486
2025-12-24T10:00:00Z,2025-12-24T11:00:00+0100,62.6267
2025-12-24T11:00:00Z,2025-12-24T12:00:00+0100,59.2044
2025-12-24T12:00:00Z,2025-12-24T13:00:00+0100,53.8286
2025-12-24T13:00:00Z,2025-12-24T14:00:00+0100,58.4986
2025-12-24T14:00:00Z,2025-12-24T15:00:00+0100,71.7056
2025-12-24T15:00:00Z,2025-12-24T16:00:00+0100,71.3765
2025-12-24T16:00:00Z,2025-12-24T17:00:00+0100,75.3348
2025-12-24T17:00:00Z,2025-12-24T18:00:00+0100,74.2776
2025-12-24T18:00:00Z,2025-12-24T19:00:00+0100,71.5005
2025-12-24T19:00:00Z,2025-12-24T20:00:00+0100,65.9988
2025-12-24T20:00:00Z,2025-12-24T21:00:00+0100,58.9294
2025-12-24T21:00:00Z,2025-12-24T22:00:00+0100,55.7685
2025-12-24T22:00:00Z,2025-12-24T23:00:00+0100,49.8613
2025-12-24T23:00:00Z,2025-12-25T00:00:00+0100,38.2233
2025-12-25T00:00:00Z,2025-12-25T01:00:00+0100,32.8324
2025-12-25T01:00:00Z,2025-12-25T02:00:00+0100,30.8257
2025-12-25T02:00:00Z,2025-12-25T03:00:00+0100,25.9245
2025-12-25T03:00:00Z,2025-12-25T04:00:00+0100,25.2952
2025-12-25T04:00:00Z,2025-12-25T05:00:00+0100,25.9612
2025-12-25T05:00:00Z,2025-12-25T06:00:00+0100,31.0015
2025-12-25T06:00:00Z,2025-12-25T07:00:00+0100,42.2014
2025-12-25T07:00:00Z,2025-12-25T08:00:00+0100,54.6913
2025-12-25T08:00:00Z,2025-12-25T09:00:00+0100,44.3905
2025-12-25T09:00:00Z,2025-12-25T10:00:00+0100,30.9589
2025-12-25T10:00:00Z,2025-12-25T11:00:00+0100,30.8239
2025-12-25T11:00:00Z,2025-12-25T12:00:00+0100,35.3789
2025-12-25T12:00:00Z,2025-12-25T13:00:00+0100,40.8404
2025-12-25T13:00:00Z,2025-12-25T14:00:00+0100,57.085
2025-12-25T14:00:00Z,2025-12-25T15:00:00+0100,70.8292
2025-12-25T15:00:00Z,2025-12-25T16:00:00+0100,80.3666
2025-12-25T16:00:00Z,2025-12-25T17:00:00+0100,80.4317
2025-12-25T17:00:00Z,2025-12-25T18:00:00+0100,78.2233
2025-12-25T18:00:00Z,2025-12-25T19:00:00+0100,78.9267
2025-12-25T19:00:00Z,2025-12-25T20:00:00+0100,73.5517
2025-12-25T20:00:00Z,2025-12-25T21:00:00+0100,70.4267
2025-12-25T21:00:00Z,2025-12-25T22:00:00+0100,72.4422
2025-12-25T22:00:00Z,2025-12-25T23:00:00+0100,69.4509
2025-12-25T23:00:00Z,2025-12-26T00:00:00+0100,67.5292
2025-12-26T00:00:00Z,2025-12-26T01:00:00+0100,66.2334
2025-12-26T01:00:00Z,2025-12-26T02:00:00+0100,65.1612
2025-12-26T02:00:00Z,2025-12-26T03:00:00+0100,63.4009
2025-12-26T03:00:00Z,2025-12-26T04:00:00+0100,63.4113
2025-12-26T04:00:00Z,2025-12-26T05:00:00+0100,62.7389
2025-12-26T05:00:00Z,2025-12-26T06:00:00+0100,62.3219
2025-12-26T06:00:00Z,2025-12-26T07:00:00+0100,74.5933
2025-12-26T07:00:00Z,2025-12-26T08:00:00+0100,81.1374
2025-12-26T08:00:00Z,2025-12-26T09:00:00+0100,83.3823
2025-12-26T09:00:00Z,2025-12-26T10:00:00+0100,69.8593
2025-12-26T10:00:00Z,2025-12-26T11:00:00+0100,69.0807
2025-12-26T11:00:00Z,2025-12-26T12:00:00+0100,68.1407
2025-12-26T12:00:00Z,2025-12-26T13:00:00+0100,73.2721
2025-12-26T13:00:00Z,2025-12-26T14:00:00+0100,81.6617
2025-12-26T14:00:00Z,2025-12-26T15:00:00+0100,90.1208
2025-12-26T15:00:00Z,2025-12-26T16:00:00+0100,94.016
2025-12-26T16:00:00Z,2025-12-26T17:00:00+0100,98.7081
2025-12-26T17:00:00Z,2025-12-26T18:00:00+0100,97.9529
2025-12-26T18:00:00Z,2025-12-26T19:00:00+0100,96.8359
2025-12-26T19:00:00Z,2025-12-26T20:00:00+0100,95.3549
2025-12-26T20:00:00Z,2025-12-26T21:00:00+0100,93.4486
2025-12-26T21:00:00Z,2025-12-26T22:00:00+0100,92.1035
2025-12-26T22:00:00Z,2025-12-26T23:00:00+0100,84.8996
2025-12-26T23:00:00Z,2025-12-27T00:00:00+0100,90.3676
2025-12-27T00:00:00Z,2025-12-27T01:00:00+0100,87.1621
2025-12-27T01:00:00Z,2025-12-27T02:00:00+0100,84.5779
2025-12-27T02:00:00Z,2025-12-27T03:00:00+0100,81.5332
2025-12-27T03:00:00Z,2025-12-27T04:00:00+0100,78.3591
2025-12-27T04:00:00Z,2025-12-27T05:00:00+0100,78.6798
2025-12-27T05:00:00Z,2025-12-27T06:00:00+0100,80.0563
2025-12-27T06:00:00Z,2025-12-27T07:00:00+0100,85.7036
2025-12-27T07:00:00Z,2025-12-27T08:00:00+0100,90.485
2025-12-27T08:00:00Z,2025-12-27T09:00:00+0100,84.7314
2025-12-27T09:00:00Z,2025-12-27T10:00:00+0100,72.2558
2025-12-27T10:00:00Z,2025-12-27T11:00:00+0100,62.5689
2025-12-27T11:00:00Z,2025-12-27T12:00:00+0100,53.0617
2025-12-27T12:00:00Z,2025-12-27T13:00:00+0100,49.8811
2025-12-27T13:00:00Z,2025-12-27T14:00:00+0100,67.824
2025-12-27T14:00:00Z,2025-12-27T15:00:00+0100,76.9036
2025-12-27T15:00:00Z,2025-12-27T16:00:00+0100,83.5349
2025-12-27T16:00:00Z,2025-12-27T17:00:00+0100,91.5243
2025-12-27T17:00:00Z,2025-12-27T18:00:00+0100,94.7937
2025-12-27T18:00:00Z,2025-12-27T19:00:00+0100,96.8612
2025-12-27T19:00:00Z,2025-12-27T20:00:00+0100,89.7024
2025-12-27T20:00:00Z,2025-12-27T21:00:00+0100,89.444
2025-12-27T21:00:00Z,2025-12-27T22:00:00+0100,90.013
2025-12-27T22:00:00Z,2025-12-27T23:00:00+0100,83.4259
2025-12-27T23:00:00Z,2025-12-28T00:00:00+0100,79.2111
2025-12-28T00:00:00Z,2025-12-28T01:00:00+0100,78.7431
2025-12-28T01:00:00Z,2025-12-28T02:00:00+0100,76.1465
2025-12-28T02:00:00Z,2025-12-28T03:00:00+0100,75.2494
2025-12-28T03:00:00Z,2025-12-28T04:00:00+0100,75.8037
2025-12-28T04:00:00Z,2025-12-28T05:00:00+0100,78.1767
2025-12-28T05:00:00Z,2025-12-28T06:00:00+0100,83.5741
2025-12-28T06:00:00Z,2025-12-28T07:00:00+0100,89.1937
2025-12-28T07:00:00Z,2025-12-28T08:00:00+0100,95.3889
2025-12-28T08:00:00Z,2025-12-28T09:00:00+0100,95.1421
2025-12-28T09:00:00Z,2025-12-28T10:00:00+0100,85.1395
2025-12-28T10:00:00Z,2025-12-28T11:00:00+0100,82.2936
2025-12-28T11:00:00Z,2025-12-28T12:00:00+0100,80.5287
2025-12-28T12:00:00Z,2025-12-28T13:00:00+0100,80.4069
2025-12-28T13:00:00Z,2025-12-28T14:00:00+0100,84.7643
2025-12-28T14:00:00Z,2025-12-28T15:00:00+0100,95.7122
2025-12-28T15:00:00Z,2025-12-28T16:00:00+0100,99.9324
2025-12-28T16:00:00Z,2025-12-28T17:00:00+0100,103.1307
2025-12-28T17:00:00Z,2025-12-28T18:00:00+0100,103.0308
2025-12-28T18:00:00Z,2025-12-28T19:00:00+0100,98.9019
2025-12-28T19:00:00Z,2025-12-28T20:00:00+0100,94.6686
2025-12-28T20:00:00Z,2025-12-28T21:00:00+0100,89.9166
2025-12-28T21:00:00Z,2025-12-28T22:00:00+0100,88.5568
2025-12-28T22:00:00Z,2025-12-28T23:00:00+0100,74.1546
2025-12-28T23:00:00Z,2025-12-29T00:00:00+0100,75.9287
2025-12-29T00:00:00Z,2025-12-29T01:00:00+0100,67.3289
2025-12-29T01:00:00Z,2025-12-29T02:00:00+0100,64.9576
2025-12-29T02:00:00Z,2025-12-29T03:00:00+0100,60.4291
2025-12-29T03:00:00Z,2025-12-29T04:00:00+0100,59.6752
2025-12-29T04:00:00Z,2025-12-29T05:00:00+0100,69.0401
2025-12-29T05:00:00Z,2025-12-29T06:00:00+0100,87.1963
2025-12-29T06:00:00Z,2025-12-29T07:00:00+0100,101.4976
2025-12-29T07:00:00Z,2025-12-29T08:00:00+0100,113.3974
2025-12-29T08:00:00Z,2025-12-29T09:00:00+0100,103.7215
2025-12-29T09:00:00Z,2025-12-29T10:00:00+0100,92.7327
2025-12-29T10:00:00Z,2025-12-29T11:00:00+0100,87.4449
2025-12-29T11:00:00Z,2025-12-29T12:00:00+0100,83.6575
2025-12-29T12:00:00Z,2025-12-29T13:00:00+0100,83.8474
2025-12-29T13:00:00Z,2025-12-29T14:00:00+0100,86.9663
2025-12-29T14:00:00Z,2025-12-29T15:00:00+0100,94.8027
2025-12-29T15:00:00Z,2025-12-29T16:00:00+0100,100.766
2025-12-29T16:00:00Z,2025-12-29T17:00:00+0100,103.535
2025-12-29T17:00:00Z,2025-12-29T18:00:00+0100,100.8388
2025-12-29T18:00:00Z,2025-12-29T19:00:00+0100,98.4963
2025-12-29T19:00:00Z,2025-12-29T20:00:00+0100,93.0766
2025-12-29T20:00:00Z,2025-12-29T21:00:00+0100,88.4467
2025-12-29T21:00:00Z,2025-12-29T22:00:00+0100,88.827
2025-12-29T22:00:00Z,2025-12-29T23:00:00+0100,81.0865
2025-12-29T23:00:00Z,2025-12-30T00:00:00+0100,75.8576
2025-12-30T00:00:00Z,2025-12-30T01:00:00+0100,70.3829
2025-12-30T01:00:00Z,2025-12-30T02:00:00+0100,67.461
2025-12-30T02:00:00Z,2025-12-30T03:00:00+0100,62.6707
2025-12-30T03:00:00Z,2025-12-30T04:00:00+0100,60.5348
2025-12-30T04:00:00Z,2025-12-30T05:00:00+0100,69.2844
2025-12-30T05:00:00Z,2025-12-30T06:00:00+0100,83.4308
2025-12-30T06:00:00Z,2025-12-30T07:00:00+0100,92.4336
2025-12-30T07:00:00Z,2025-12-30T08:00:00+0100,104.3759
2025-12-30T08:00:00Z,2025-12-30T09:00:00+0100,97.7895
2025-12-30T09:00:00Z,2025-12-30T10:00:00+0100,85.464
2025-12-30T10:00:00Z,2025-12-30T11:00:00+0100,76.6273
2025-12-30T11:00:00Z,2025-12-30T12:00:00+0100,74.4769
2025-12-30T12:00:00Z,2025-12-30T13:00:00+0100,74.8026
2025-12-30T13:00:00Z,2025-12-30T14:00:00+0100,85.6652
2025-12-30T14:00:00Z,2025-12-30T15:00:00+0100,96.0838
2025-12-30T15:00:00Z,2025-12-30T16:00:00+0100,101.5784
2025-12-30T16:00:00Z,2025-12-30T17:00:00+0100,102.2204
2025-12-30T17:00:00Z,2025-12-30T18:00:00+0100,100.8204
2025-12-30T18:00:00Z,2025-12-30T19:00:00+0100,96.6353
2025-12-30T19:00:00Z,2025-12-30T20:00:00+0100,92.8411
2025-12-30T20:00:00Z,2025-12-30T21:00:00+0100,85.9312
2025-12-30T21:00:00Z,2025-12-30T22:00:00+0100,88.8615
2025-12-30T22:00:00Z,2025-12-30T23:00:00+0100,84.2221
2025-12-30T23:00:00Z,2025-12-31T00:00:00+0100,76.6742
2025-12-31T00:00:00Z,2025-12-31T01:00:00+0100,73.2028
2025-12-31T01:00:00Z,2025-12-31T02:00:00+0100,65.8748
2025-12-31T02:00:00Z,2025-12-31T03:00:00+0100,59.7069
2025-12-31T03:00:00Z,2025-12-31T04:00:00+0100,55.5822
2025-12-31T04:00:00Z,2025-12-31T05:00:00+0100,57.2199
2025-12-31T05:00:00Z,2025-12-31T06:00:00+0100,65.6051
2025-12-31T06:00:00Z,2025-12-31T07:00:00+0100,75.4977
2025-12-31T07:00:00Z,2025-12-31T08:00:00+0100,83.4662
2025-12-31T08:00:00Z,2025-12-31T09:00:00+0100,82.3523
2025-12-31T09:00:00Z,2025-12-31T10:00:00+0100,73.6354
2025-12-31T10:00:00Z,2025-12-31T11:00:00+0100,65.8633
2025-12-31T11:00:00Z,2025-12-31T12:00:00+0100,64.0272
2025-12-31T12:00:00Z,2025-12-31T13:00:00+0100,62.9943
2025-12-31T13:00:00Z,2025-12-31T14:00:00+0100,73.9603
2025-12-31T14:00:00Z,2025-12-31T15:00:00+0100,81.4032
2025-12-31T15:00:00Z,2025-12-31T16:00:00+0100,87.7659
2025-12-31T16:00:00Z,2025-12-31T17:00:00+0100,90.9134
2025-12-31T17:00:00Z,2025-12-31T18:00:00+0100,90.9843
2025-12-31T18:00:00Z,2025-12-31T19:00:00+0100,90.6634
2025-12-31T19:00:00Z,2025-12-31T20:00:00+0100,85.3305
2025-12-31T20:00:00Z,2025-12-31T21:00:00+0100,76.2907
2025-12-31T21:00:00Z,2025-12-31T22:00:00+0100,65.8724
2025-12-31T22:00:00Z,2025-12-31T23:00:00+0100,53.8064
2025-12-31T23:00:00Z,2026-01-01T00:00:00+0100,38.6683
2026-01-01T00:00:00Z,2026-01-01T01:00:00+0100,26.3603
2026-01-01T01:00:00Z,2026-01-01T02:00:00+0100,17.9671
2026-01-01T02:00:00Z,2026-01-01T03:00:00+0100,10.9447
2026-01-01T03:00:00Z,2026-01-01T04:00:00+0100,8.7176
2026-01-01T04:00:00Z,2026-01-01T05:00:00+0100,4.8083
2026-01-01T05:00:00Z,2026-01-01T06:00:00+0100,1.7516
2026-01-01T06:00:00Z,2026-01-01T07:00:00+0100,8.4374
2026-01-01T07:00:00Z,2026-01-01T08:00:00+0100,7.0207
2026-01-01T08:00:00Z,2026-01-01T09:00:00+0100,7.6789
2026-01-01T09:00:00Z,2026-01-01T10:00:00+0100,-0.2828
2026-01-01T10:00:00Z,2026-01-01T11:00:00+0100,-4.4847
2026-01-01T11:00:00Z,2026-01-01T12:00:00+0100,-6.5195
2026-01-01T12:00:00Z,2026-01-01T13:00:00+0100,-9.7429
2026-01-01T13:00:00Z,2026-01-01T14:00:00+0100,-4.8281
2026-01-01T14:00:00Z,2026-01-01T15:00:00+0100,0.844
2026-01-01T15:00:00Z,2026-01-01T16:00:00+0100,6.9221
2026-01-01T16:00:00Z,2026-01-01T17:00:00+0100,9.298
2026-01-01T17:00:00Z,2026-01-01T18:00:00+0100,14.3386
2026-01-01T18:00:00Z,2026-01-01T19:00:00+0100,10.3555
2026-01-01T19:00:00Z,2026-01-01T20:00:00+0100,7.1418
2026-01-01T20:00:00Z,2026-01-01T21:00:00+0100,6.9439
2026-01-01T21:00:00Z,2026-01-01T22:00:00+0100,6.5516
2026-01-01T22:00:00Z,2026-01-01T23:00:00+0100,7.3677
2026-01-01T23:00:00Z,2026-01-02T00:00:00+0100,9.6775
2026-01-02T00:00:00Z,2026-01-02T01:00:00+0100,-9.5528
2026-01-02T01:00:00Z,2026-01-02T02:00:00+0100,-11.4061
2026-01-02T02:00:00Z,2026-01-02T03:00:00+0100,-14.1494
2026-01-02T03:00:00Z,2026-01-02T04:00:00+0100,-4.711
2026-01-02T04:00:00Z,2026-01-02T05:00:00+0100,5.2967
2026-01-02T05:00:00Z,2026-01-02T06:00:00+0100,14.785
2026-01-02T06:00:00Z,2026-01-02T07:00:00+0100,30.9296
2026-01-02T07:00:00Z,2026-01-02T08:00:00+0100,40.1524
2026-01-02T08:00:00Z,2026-01-02T09:00:00+0100,37.0792
2026-01-02T09:00:00Z,2026-01-02T10:00:00+0100,29.308
2026-01-02T10:00:00Z,2026-01-02T11:00:00+0100,33.3739
2026-01-02T11:00:00Z,2026-01-02T12:00:00+0100,33.2405
2026-01-02T12:00:00Z,2026-01-02T13:00:00+0100,29.7517
2026-01-02T13:00:00Z,2026-01-02T14:00:00+0100,43.4781
2026-01-02T14:00:00Z,2026-01-02T15:00:00+0100,46.6193
2026-01-02T15:00:00Z,2026-01-02T16:00:00+0100,56.7966
2026-01-02T16:00:00Z,2026-01-02T17:00:00+0100,62.1243
2026-01-02T17:00:00Z,2026-01-02T18:00:00+0100,64.5959
2026-01-02T18:00:00Z,2026-01-02T19:00:00+0100,63.1978
2026-01-02T19:00:00Z,2026-01-02T20:00:00+0100,57.7512
2026-01-02T20:00:00Z,2026-01-02T21:00:00+0100,58.5168
2026-01-02T21:00:00Z,2026-01-02T22:00:00+0100,60.6008
2026-01-02T22:00:00Z,2026-01-02T23:00:00+0100,50.2671
2026-01-02T23:00:00Z,2026-01-03T00:00:00+0100,40.2098
2026-01-03T00:00:00Z,2026-01-03T01:00:00+0100,41.5617
2026-01-03T01:00:00Z,2026-01-03T02:00:00+0100,45.4351
2026-01-03T02:00:00Z,2026-01-03T03:00:00+0100,46.1133
2026-01-03T03:00:00Z,2026-01-03T04:00:00+0100,46.4917
2026-01-03T04:00:00Z,2026-01-03T05:00:00+0100,45.5207
2026-01-03T05:00:00Z,2026-01-03T06:00:00+0100,49.1088
2026-01-03T06:00:00Z,2026-01-03T07:00:00+0100,61.3992
2026-01-03T07:00:00Z,2026-01-03T08:00:00+0100,68.0569
2026-01-03T08:00:00Z,2026-01-03T09:00:00+0100,71.6206
2026-01-03T09:00:00Z,2026-01-03T10:00:00+0100,68.4609
2026-01-03T10:00:00Z,2026-01-03T11:00:00+0100,67.0335
2026-01-03T11:00:00Z,2026-01-03T12:00:00+0100,62.3366
2026-01-03T12:00:00Z,2026-01-03T13:00:00+0100,62.4755
2026-01-03T13:00:00Z,2026-01-03T14:00:00+0100,59.4867
2026-01-03T14:00:00Z,2026-01-03T15:00:00+0100,67.0741
2026-01-03T15:00:00Z,2026-01-03T16:00:00+0100,73.6942
2026-01-03T16:00:00Z,2026-01-03T17:00:00+0100,77.6628
2026-01-03T17:00:00Z,2026-01-03T18:00:00+0100,79.5461
2026-01-03T18:00:00Z,2026-01-03T19:00:00+0100,75.5176
2026-01-03T19:00:00Z,2026-01-03T20:00:00+0100,66.3404
2026-01-03T20:00:00Z,2026-01-03T21:00:00+0100,64.0034
2026-01-03T21:00:00Z,2026-01-03T22:00:00+0100,67.0823
2026-01-03T22:00:00Z,2026-01-03T23:00:00+0100,59.6628
2026-01-03T23:00:00Z,2026-01-04T00:00:00+0100,57.79
2026-01-04T00:00:00Z,2026-01-04T01:00:00+0100,51.2978
2026-01-04T01:00:00Z,2026-01-04T02:00:00+0100,53.3068
2026-01-04T02:00:00Z,2026-01-04T03:00:00+0100,55.8354
2026-01-04T03:00:00Z,2026-01-04T04:00:00+0100,52.2176
2026-01-04T04:00:00Z,2026-01-04T05:00:00+0100,60.7393
2026-01-04T05:00:00Z,2026-01-04T06:00:00+0100,63.2907
2026-01-04T06:00:00Z,2026-01-04T07:00:00+0100,67.6285
2026-01-04T07:00:00Z,2026-01-04T08:00:00+0100,83.6653
2026-01-04T08:00:00Z,2026-01-04T09:00:00+0100,86.2136
2026-01-04T09:00:00Z,2026-01-04T10:00:00+0100,86.4978
2026-01-04T10:00:00Z,2026-01-04T11:00:00+0100,80.1864
2026-01-04T11:00:00Z,2026-01-04T12:00:00+0100,79.3082
2026-01-04T12:00:00Z,2026-01-04T13:00:00+0100,77.4218
2026-01-04T13:00:00Z,2026-01-04T14:00:00+0100,83.9528
2026-01-04T14:00:00Z,2026-01-04T15:00:00+0100,95.4995
2026-01-04T15:00:00Z,2026-01-04T16:00:00+0100,101.414
2026-01-04T16:00:00Z,2026-01-04T17:00:00+0100,107.6085
2026-01-04T17:00:00Z,2026-01-04T18:00:00+0100,109.666
2026-01-04T18:00:00Z,2026-01-04T19:00:00+0100,106.988
2026-01-04T19:00:00Z,2026-01-04T20:00:00+0100,103.2244
2026-01-04T20:00:00Z,2026-01-04T21:00:00+0100,96.7753
2026-01-04T21:00:00Z,2026-01-04T22:00:00+0100,96.4578
2026-01-04T22:00:00Z,2026-01-04T23:00:00+0100,91.7748
2026-01-04T23:00:00Z,2026-01-05T00:00:00+0100,94.6439
2026-01-05T00:00:00Z,2026-01-05T01:00:00+0100,89.0184
2026-01-05T01:00:00Z,2026-01-05T02:00:00+0100,89.0153
2026-01-05T02:00:00Z,2026-01-05T03:00:00+0100,86.8185
2026-01-05T03:00:00Z,2026-01-05T04:00:00+0100,86.8417
2026-01-05T04:00:00Z,2026-01-05T05:00:00+0100,94.6479
2026-01-05T05:00:00Z,2026-01-05T06:00:00+0100,106.0547
2026-01-05T06:00:00Z,2026-01-05T07:00:00+0100,121.9366
2026-01-05T07:00:00Z,2026-01-05T08:00:00+0100,133.5325
2026-01-05T08:00:00Z,2026-01-05T09:00:00+0100,131.7634
2026-01-05T09:00:00Z,2026-01-05T10:00:00+0100,123.9682
2026-01-05T10:00:00Z,2026-01-05T11:00:00+0100,119.1846
2026-01-05T11:00:00Z,2026-01-05T12:00:00+0100,118.1688
2026-01-05T12:00:00Z,2026-01-05T13:00:00+0100,117.3644
2026-01-05T13:00:00Z,2026-01-05T14:00:00+0100,123.9047
2026-01-05T14:00:00Z,2026-01-05T15:00:00+0100,134.9695
2026-01-05T15:00:00Z,2026-01-05T16:00:00+0100,144.4532
2026-01-05T16:00:00Z,2026-01-05T17:00:00+0100,153.7655
2026-01-05T17:00:00Z,2026-01-05T18:00:00+0100,149.4788
2026-01-05T18:00:00Z,2026-01-05T19:00:00+0100,143.6575
2026-01-05T19:00:00Z,2026-01-05T20:00:00+0100,140.1382
2026-01-05T20:00:00Z,2026-01-05T21:00:00+0100,117.8806
2026-01-05T21:00:00Z,2026-01-05T22:00:00+0100,113.747
2026-01-05T22:00:00Z,2026-01-05T23:00:00+0100,104.977
2026-01-05T23:00:00Z,2026-01-06T00:00:00+0100,105.2919
2026-01-06T00:00:00Z,2026-01-06T01:00:00+0100,101.4688
2026-01-06T01:00:00Z,2026-01-06T02:00:00+0100,99.0646
2026-01-06T02:00:00Z,2026-01-06T03:00:00+0100,101.0154
2026-01-06T03:00:00Z,2026-01-06T04:00:00+0100,103.5504
2026-01-06T04:00:00Z,2026-01-06T05:00:00+0100,111.8261
2026-01-06T05:00:00Z,2026-01-06T06:00:00+0100,124.2187
2026-01-06T06:00:00Z,2026-01-06T07:00:00+0100,147.3984
2026-01-06T07:00:00Z,2026-01-06T08:00:00+0100,170.7008
2026-01-06T08:00:00Z,2026-01-06T09:00:00+0100,164.3507
2026-01-06T09:00:00Z,2026-01-06T10:00:00+0100,148.4872
2026-01-06T10:00:00Z,2026-01-06T11:00:00+0100,149.816
2026-01-06T11:00:00Z,2026-01-06T12:00:00+0100,142.8107
2026-01-06T12:00:00Z,2026-01-06T13:00:00+0100,140.0052
2026-01-06T13:00:00Z,2026-01-06T14:00:00+0100,141.7298
2026-01-06T14:00:00Z,2026-01-06T15:00:00+0100,152.8118
2026-01-06T15:00:00Z,2026-01-06T16:00:00+0100,171.0341
2026-01-06T16:00:00Z,2026-01-06T17:00:00+0100,172.0599
2026-01-06T17:00:00Z,2026-01-06T18:00:00+0100,174.5439
2026-01-06T18:00:00Z,2026-01-06T19:00:00+0100,164.1076
2026-01-06T19:00:00Z,2026-01-06T20:00:00+0100,148.7168
2026-01-06T20:00:00Z,2026-01-06T21:00:00+0100,131.634
2026-01-06T21:00:00Z,2026-01-06T22:00:00+0100,124.3786
2026-01-06T22:00:00Z,2026-01-06T23:00:00+0100,109.8081
2026-01-06T23:00:00Z,2026-01-07T00:00:00+0100,102.4896
2026-01-07T00:00:00Z,2026-01-07T01:00:00+0100,93.5489
2026-01-07T01:00:00Z,2026-01-07T02:00:00+0100,83.844
2026-01-07T02:00:00Z,2026-01-07T03:00:00+0100,79.7917
2026-01-07T03:00:00Z,2026-01-07T04:00:00+0100,79.3981
2026-01-07T04:00:00Z,2026-01-07T05:00:00+0100,87.0087
2026-01-07T05:00:00Z,2026-01-07T06:00:00+0100,102.3941
2026-01-07T06:00:00Z,2026-01-07T07:00:00+0100,119.4012
2026-01-07T07:00:00Z,2026-01-07T08:00:00+0100,132.3209
2026-01-07T08:00:00Z,2026-01-07T09:00:00+0100,126.2404
2026-01-07T09:00:00Z,2026-01-07T10:00:00+0100,109.1663
2026-01-07T10:00:00Z,2026-01-07T11:00:00+0100,108.4295
2026-01-07T11:00:00Z,2026-01-07T12:00:00+0100,99.6448
2026-01-07T12:00:00Z,2026-01-07T13:00:00+0100,97.7067
2026-01-07T13:00:00Z,2026-01-07T14:00:00+0100,104.7811
2026-01-07T14:00:00Z,2026-01-07T15:00:00+0100,112.4561
2026-01-07T15:00:00Z,2026-01-07T16:00:00+0100,123.6605
2026-01-07T16:00:00Z,2026-01-07T17:00:00+0100,133.8557
2026-01-07T17:00:00Z,2026-01-07T18:00:00+0100,131.0314
2026-01-07T18:00:00Z,2026-01-07T19:00:00+0100,125.7137
2026-01-07T19:00:00Z,2026-01-07T20:00:00+0100,106.0062
2026-01-07T20:00:00Z,2026-01-07T21:00:00+0100,97.6982
2026-01-07T21:00:00Z,2026-01-07T22:00:00+0100,94.6574
2026-01-07T22:00:00Z,2026-01-07T23:00:00+0100,88.321
2026-01-07T23:00:00Z,2026-01-08T00:00:00+0100,84.498
2026-01-08T00:00:00Z,2026-01-08T01:00:00+0100,78.9514
2026-01-08T01:00:00Z,2026-01-08T02:00:00+0100,82.5714
2026-01-08T02:00:00Z,2026-01-08T03:00:00+0100,79.795
2026-01-08T03:00:00Z,2026-01-08T04:00:00+0100,89.8635
2026-01-08T04:00:00Z,2026-01-08T05:00:00+0100,107.5794
2026-01-08T05:00:00Z,2026-01-08T06:00:00+0100,126.7459
2026-01-08T06:00:00Z,2026-01-08T07:00:00+0100,156.0736
2026-01-08T07:00:00Z,2026-01-08T08:00:00+0100,174.7479
2026-01-08T08:00:00Z,2026-01-08T09:00:00+0100,184.085
2026-01-08T09:00:00Z,2026-01-08T10:00:00+0100,170.4751
2026-01-08T10:00:00Z,2026-01-08T11:00:00+0100,164.3825
2026-01-08T11:00:00Z,2026-01-08T12:00:00+0100,145.6049
2026-01-08T12:00:00Z,2026-01-08T13:00:00+0100,140.409
2026-01-08T13:00:00Z,2026-01-08T14:00:00+0100,144.1815
2026-01-08T14:00:00Z,2026-01-08T15:00:00+0100,155.1504
2026-01-08T15:00:00Z,2026-01-08T16:00:00+0100,164.4845
2026-01-08T16:00:00Z,2026-01-08T17:00:00+0100,161.4757
2026-01-08T17:00:00Z,2026-01-08T18:00:00+0100,156.7451
2026-01-08T18:00:00Z,2026-01-08T19:00:00+0100,157.3726
2026-01-08T19:00:00Z,2026-01-08T20:00:00+0100,135.4516
2026-01-08T20:00:00Z,2026-01-08T21:00:00+0100,120.9302
2026-01-08T21:00:00Z,2026-01-08T22:00:00+0100,109.5533
2026-01-08T22:00:00Z,2026-01-08T23:00:00+0100,75.5431
2026-01-08T23:00:00Z,2026-01-09T00:00:00+0100,43.5212
2026-01-09T00:00:00Z,2026-01-09T01:00:00+0100,22.1175
2026-01-09T01:00:00Z,2026-01-09T02:00:00+0100,13.5221
2026-01-09T02:00:00Z,2026-01-09T03:00:00+0100,8.8481
2026-01-09T03:00:00Z,2026-01-09T04:00:00+0100,7.3399
2026-01-09T04:00:00Z,2026-01-09T05:00:00+0100,12.8305
2026-01-09T05:00:00Z,2026-01-09T06:00:00+0100,27.854
2026-01-09T06:00:00Z,2026-01-09T07:00:00+0100,69.3133
2026-01-09T07:00:00Z,2026-01-09T08:00:00+0100,93.9022
2026-01-09T08:00:00Z,2026-01-09T09:00:00+0100,98.3499
2026-01-09T09:00:00Z,2026-01-09T10:00:00+0100,103.9405
2026-01-09T10:00:00Z,2026-01-09T11:00:00+0100,96.9976
2026-01-09T11:00:00Z,2026-01-09T12:00:00+0100,87.4979
2026-01-09T12:00:00Z,2026-01-09T13:00:00+0100,77.0505
2026-01-09T13:00:00Z,2026-01-09T14:00:00+0100,64.6055
2026-01-09T14:00:00Z,2026-01-09T15:00:00+0100,62.5116
2026-01-09T15:00:00Z,2026-01-09T16:00:00+0100,82.2923
2026-01-09T16:00:00Z,2026-01-09T17:00:00+0100,97.2913
2026-01-09T17:00:00Z,2026-01-09T18:00:00+0100,85.8303
2026-01-09T18:00:00Z,2026-01-09T19:00:00+0100,76.3882
2026-01-09T19:00:00Z,2026-01-09T20:00:00+0100,57.9102
2026-01-09T20:00:00Z,2026-01-09T21:00:00+0100,46.2872
2026-01-09T21:00:00Z,2026-01-09T22:00:00+0100,38.3609
2026-01-09T22:00:00Z,2026-01-09T23:00:00+0100,32.217
2026-01-09T23:00:00Z,2026-01-10T00:00:00+0100,33.9407
2026-01-10T00:00:00Z,2026-01-10T01:00:00+0100,28.305
2026-01-10T01:00:00Z,2026-01-10T02:00:00+0100,24.4675
2026-01-10T02:00:00Z,2026-01-10T03:00:00+0100,22.2521
2026-01-10T03:00:00Z,2026-01-10T04:00:00+0100,19.8983
2026-01-10T04:00:00Z,2026-01-10T05:00:00+0100,22.1888
2026-01-10T05:00:00Z,2026-01-10T06:00:00+0100,35.6953
2026-01-10T06:00:00Z,2026-01-10T07:00:00+0100,56.7448
2026-01-10T07:00:00Z,2026-01-10T08:00:00+0100,83.2896
2026-01-10T08:00:00Z,2026-01-10T09:00:00+0100,102.9856
2026-01-10T09:00:00Z,2026-01-10T10:00:00+0100,111.1264
2026-01-10T10:00:00Z,2026-01-10T11:00:00+0100,122.0693
2026-01-10T11:00:00Z,2026-01-10T12:00:00+0100,122.2215
2026-01-10T12:00:00Z,2026-01-10T13:00:00+0100,126.2578
2026-01-10T13:00:00Z,2026-01-10T14:00:00+0100,128.5718
2026-01-10T14:00:00Z,2026-01-10T15:00:00+0100,132.3153
2026-01-10T15:00:00Z,2026-01-10T16:00:00+0100,145.9202
2026-01-10T16:00:00Z,2026-01-10T17:00:00+0100,154.8491
2026-01-10T17:00:00Z,2026-01-10T18:00:00+0100,158.4784
2026-01-10T18:00:00Z,2026-01-10T19:00:00+0100,139.3918
2026-01-10T19:00:00Z,2026-01-10T20:00:00+0100,124.7654
2026-01-10T20:00:00Z,2026-01-10T21:00:00+0100,122.5385
2026-01-10T21:00:00Z,2026-01-10T22:00:00+0100,117.9421
2026-01-10T22:00:00Z,2026-01-10T23:00:00+0100,112.8639
2026-01-10T23:00:00Z,2026-01-11T00:00:00+0100,114.9277
2026-01-11T00:00:00Z,2026-01-11T01:00:00+0100,108.4827
2026-01-11T01:00:00Z,2026-01-11T02:00:00+0100,106.0423
2026-01-11T02:00:00Z,2026-01-11T03:00:00+0100,105.2917
2026-01-11T03:00:00Z,2026-01-11T04:00:00+0100,103.285
2026-01-11T04:00:00Z,2026-01-11T05:00:00+0100,104.32
2026-01-11T05:00:00Z,2026-01-11T06:00:00+0100,112.8809
2026-01-11T06:00:00Z,2026-01-11T07:00:00+0100,111.4762
2026-01-11T07:00:00Z,2026-01-11T08:00:00+0100,113.7236
2026-01-11T08:00:00Z,2026-01-11T09:00:00+0100,119.1403
2026-01-11T09:00:00Z,2026-01-11T10:00:00+0100,119.5274
2026-01-11T10:00:00Z,2026-01-11T11:00:00+0100,110.8556
2026-01-11T11:00:00Z,2026-01-11T12:00:00+0100,109.2378
2026-01-11T12:00:00Z,2026-01-11T13:00:00+0100,108.0201
2026-01-11T13:00:00Z,2026-01-11T14:00:00+0100,113.2861
2026-01-11T14:00:00Z,2026-01-11T15:00:00+0100,124.8753
2026-01-11T15:00:00Z,2026-01-11T16:00:00+0100,131.7547
2026-01-11T16:00:00Z,2026-01-11T17:00:00+0100,145.6672
2026-01-11T17:00:00Z,2026-01-11T18:00:00+0100,146.6178
2026-01-11T18:00:00Z,2026-01-11T19:00:00+0100,140.2035
2026-01-11T19:00:00Z,2026-01-11T20:00:00+0100,126.1661
2026-01-11T20:00:00Z,2026-01-11T21:00:00+0100,108.7805
2026-01-11T21:00:00Z,2026-01-11T22:00:00+0100,103.0847
2026-01-11T22:00:00Z,2026-01-11T23:00:00+0100,95.8294
2026-01-11T23:00:00Z,2026-01-12T00:00:00+0100,87.5551
2026-01-12T00:00:00Z,2026-01-12T01:00:00+0100,79.914
2026-01-12T01:00:00Z,2026-01-12T02:00:00+0100,78.1827
2026-01-12T02:00:00Z,2026-01-12T03:00:00+0100,75.5189
2026-01-12T03:00:00Z,2026-01-12T04:00:00+0100,75.944
2026-01-12T04:00:00Z,2026-01-12T05:00:00+0100,92.728
2026-01-12T05:00:00Z,2026-01-12T06:00:00+0100,111.2334
2026-01-12T06:00:00Z,2026-01-12T07:00:00+0100,138.3448
2026-01-12T07:00:00Z,2026-01-12T08:00:00+0100,157.9756
2026-01-12T08:00:00Z,2026-01-12T09:00:00+0100,150.8817
2026-01-12T09:00:00Z,2026-01-12T10:00:00+0100,149.4565
2026-01-12T10:00:00Z,2026-01-12T11:00:00+0100,149.5784
2026-01-12T11:00:00Z,2026-01-12T12:00:00+0100,148.6834
2026-01-12T12:00:00Z,2026-01-12T13:00:00+0100,146.9189
2026-01-12T13:00:00Z,2026-01-12T14:00:00+0100,146.3495
2026-01-12T14:00:00Z,2026-01-12T15:00:00+0100,147.5244
2026-01-12T15:00:00Z,2026-01-12T16:00:00+0100,141.6112
2026-01-12T16:00:00Z,2026-01-12T17:00:00+0100,141.6769
2026-01-12T17:00:00Z,2026-01-12T18:00:00+0100,137.7892
2026-01-12T18:00:00Z,2026-01-12T19:00:00+0100,124.9167
2026-01-12T19:00:00Z,2026-01-12T20:00:00+0100,113.6159
2026-01-12T20:00:00Z,2026-01-12T21:00:00+0100,104.4208
2026-01-12T21:00:00Z,2026-01-12T22:00:00+0100,99.5201
2026-01-12T22:00:00Z,2026-01-12T23:00:00+0100,82.4876
2026-01-12T23:00:00Z,2026-01-13T00:00:00+0100,97.3567
2026-01-13T00:00:00Z,2026-01-13T01:00:00+0100,95.2056
2026-01-13T01:00:00Z,2026-01-13T02:00:00+0100,91.8217
2026-01-13T02:00:00Z,2026-01-13T03:00:00+0100,92.5941
2026-01-13T03:00:00Z,2026-01-13T04:00:00+0100,98.1885
2026-01-13T04:00:00Z,2026-01-13T05:00:00+0100,111.0454
2026-01-13T05:00:00Z,2026-01-13T06:00:00+0100,129.7909
2026-01-13T06:00:00Z,2026-01-13T07:00:00+0100,153.7466
2026-01-13T07:00:00Z,2026-01-13T08:00:00+0100,177.8214
2026-01-13T08:00:00Z,2026-01-13T09:00:00+0100,173.6964
2026-01-13T09:00:00Z,2026-01-13T10:00:00+0100,161.9817
2026-01-13T10:00:00Z,2026-01-13T11:00:00+0100,158.486
2026-01-13T11:00:00Z,2026-01-13T12:00:00+0100,152.417
2026-01-13T12:00:00Z,2026-01-13T13:00:00+0100,143.974
2026-01-13T13:00:00Z,2026-01-13T14:00:00+0100,143.1042
2026-01-13T14:00:00Z,2026-01-13T15:00:00+0100,151.4232
2026-01-13T15:00:00Z,2026-01-13T16:00:00+0100,156.8129
2026-01-13T16:00:00Z,2026-01-13T17:00:00+0100,163.7601
2026-01-13T17:00:00Z,2026-01-13T18:00:00+0100,154.1611
2026-01-13T18:00:00Z,2026-01-13T19:00:00+0100,142.3786
2026-01-13T19:00:00Z,2026-01-13T20:00:00+0100,116.9236
2026-01-13T20:00:00Z,2026-01-13T21:00:00+0100,102.5309
2026-01-13T21:00:00Z,2026-01-13T22:00:00+0100,96.6872
2026-01-13T22:00:00Z,2026-01-13T23:00:00+0100,81.8639
2026-01-13T23:00:00Z,2026-01-14T00:00:00+0100,80.6169
2026-01-14T00:00:00Z,2026-01-14T01:00:00+0100,74.0707
2026-01-14T01:00:00Z,2026-01-14T02:00:00+0100,74.844
2026-01-14T02:00:00Z,2026-01-14T03:00:00+0100,78.0671
2026-01-14T03:00:00Z,2026-01-14T04:00:00+0100,83.7266
2026-01-14T04:00:00Z,2026-01-14T05:00:00+0100,88.9124
2026-01-14T05:00:00Z,2026-01-14T06:00:00+0100,96.9304
2026-01-14T06:00:00Z,2026-01-14T07:00:00+0100,118.6557
2026-01-14T07:00:00Z,2026-01-14T08:00:00+0100,136.4493
2026-01-14T08:00:00Z,2026-01-14T09:00:00+0100,132.8438
2026-01-14T09:00:00Z,2026-01-14T10:00:00+0100,131.1904
2026-01-14T10:00:00Z,2026-01-14T11:00:00+0100,125.3461
2026-01-14T11:00:00Z,2026-01-14T12:00:00+0100,124.3977
2026-01-14T12:00:00Z,2026-01-14T13:00:00+0100,126.0615
2026-01-14T13:00:00Z,2026-01-14T14:00:00+0100,131.0499
2026-01-14T14:00:00Z,2026-01-14T15:00:00+0100,143.1274
2026-01-14T15:00:00Z,2026-01-14T16:00:00+0100,161.5802
2026-01-14T16:00:00Z,2026-01-14T17:00:00+0100,183.7877
2026-01-14T17:00:00Z,2026-01-14T18:00:00+0100,195.9697
2026-01-14T18:00:00Z,2026-01-14T19:00:00+0100,157.5055
2026-01-14T19:00:00Z,2026-01-14T20:00:00+0100,149.0872
2026-01-14T20:00:00Z,2026-01-14T21:00:00+0100,133.2893
2026-01-14T21:00:00Z,2026-01-14T22:00:00+0100,119.249
2026-01-14T22:00:00Z,2026-01-14T23:00:00+0100,113.261
2026-01-14T23:00:00Z,2026-01-15T00:00:00+0100,112.991
2026-01-15T00:00:00Z,2026-01-15T01:00:00+0100,104.1782
2026-01-15T01:00:00Z,2026-01-15T02:00:00+0100,99.6197
2026-01-15T02:00:00Z,2026-01-15T03:00:00+0100,96.3059
2026-01-15T03:00:00Z,2026-01-15T04:00:00+0100,98.1553
2026-01-15T04:00:00Z,2026-01-15T05:00:00+0100,101.6587
2026-01-15T05:00:00Z,2026-01-15T06:00:00+0100,107.0192
2026-01-15T06:00:00Z,2026-01-15T07:00:00+0100,128.2983
2026-01-15T07:00:00Z,2026-01-15T08:00:00+0100,145.919
2026-01-15T08:00:00Z,2026-01-15T09:00:00+0100,136.6033
2026-01-15T09:00:00Z,2026-01-15T10:00:00+0100,128.3118
2026-01-15T10:00:00Z,2026-01-15T11:00:00+0100,121.5158
2026-01-15T11:00:00Z,2026-01-15T12:00:00+0100,112.3532
2026-01-15T12:00:00Z,2026-01-15T13:00:00+0100,129.1692
2026-01-15T13:00:00Z,2026-01-15T14:00:00+0100,144.1263
2026-01-15T14:00:00Z,2026-01-15T15:00:00+0100,150.2076
2026-01-15T15:00:00Z,2026-01-15T16:00:00+0100,168.5652
2026-01-15T16:00:00Z,2026-01-15T17:00:00+0100,191.5949
2026-01-15T17:00:00Z,2026-01-15T18:00:00+0100,168.4212
2026-01-15T18:00:00Z,2026-01-15T19:00:00+0100,142.4319
2026-01-15T19:00:00Z,2026-01-15T20:00:00+0100,117.895
2026-01-15T20:00:00Z,2026-01-15T21:00:00+0100,105.0603
2026-01-15T21:00:00Z,2026-01-15T22:00:00+0100,96.3156
2026-01-15T22:00:00Z,2026-01-15T23:00:00+0100,87.276
2026-01-15T23:00:00Z,2026-01-16T00:00:00+0100,63.6811
2026-01-16T00:00:00Z,2026-01-16T01:00:00+0100,44.7575
2026-01-16T01:00:00Z,2026-01-16T02:00:00+0100,35.3979
2026-01-16T02:00:00Z,2026-01-16T03:00:00+0100,28.4656
2026-01-16T03:00:00Z,2026-01-16T04:00:00+0100,27.1833
2026-01-16T04:00:00Z,2026-01-16T05:00:00+0100,60.7204
2026-01-16T05:00:00Z,2026-01-16T06:00:00+0100,85.5974
2026-01-16T06:00:00Z,2026-01-16T07:00:00+0100,105.0783
2026-01-16T07:00:00Z,2026-01-16T08:00:00+0100,119.0193
2026-01-16T08:00:00Z,2026-01-16T09:00:00+0100,111.3372
2026-01-16T09:00:00Z,2026-01-16T10:00:00+0100,99.0382
2026-01-16T10:00:00Z,2026-01-16T11:00:00+0100,101.4375
2026-01-16T11:00:00Z,2026-01-16T12:00:00+0100,101.1684
2026-01-16T12:00:00Z,2026-01-16T13:00:00+0100,104.3315
2026-01-16T13:00:00Z,2026-01-16T14:00:00+0100,119.1171
2026-01-16T14:00:00Z,2026-01-16T15:00:00+0100,159.8063
2026-01-16T15:00:00Z,2026-01-16T16:00:00+0100,183.6322
2026-01-16T16:00:00Z,2026-01-16T17:00:00+0100,207.3518
2026-01-16T17:00:00Z,2026-01-16T18:00:00+0100,189.4003
2026-01-16T18:00:00Z,2026-01-16T19:00:00+0100,160.0324
2026-01-16T19:00:00Z,2026-01-16T20:00:00+0100,132.2437
2026-01-16T20:00:00Z,2026-01-16T21:00:00+0100,115.1609
2026-01-16T21:00:00Z,2026-01-16T22:00:00+0100,109.8277
2026-01-16T22:00:00Z,2026-01-16T23:00:00+0100,110.5906
2026-01-16T23:00:00Z,2026-01-17T00:00:00+0100,114.4771
2026-01-17T00:00:00Z,2026-01-17T01:00:00+0100,108.4134
2026-01-17T01:00:00Z,2026-01-17T02:00:00+0100,108.9991
2026-01-17T02:00:00Z,2026-01-17T03:00:00+0100,105.4757
2026-01-17T03:00:00Z,2026-01-17T04:00:00+0100,103.1014
2026-01-17T04:00:00Z,2026-01-17T05:00:00+0100,107.0374
2026-01-17T05:00:00Z,2026-01-17T06:00:00+0100,109.2677
2026-01-17T06:00:00Z,2026-01-17T07:00:00+0100,110.5408
2026-01-17T07:00:00Z,2026-01-17T08:00:00+0100,113.542
2026-01-17T08:00:00Z,2026-01-17T09:00:00+0100,115.5329
2026-01-17T09:00:00Z,2026-01-17T10:00:00+0100,111.6041
2026-01-17T10:00:00Z,2026-01-17T11:00:00+0100,108.8661
2026-01-17T11:00:00Z,2026-01-17T12:00:00+0100,105.8292
2026-01-17T12:00:00Z,2026-01-17T13:00:00+0100,104.0931
2026-01-17T13:00:00Z,2026-01-17T14:00:00+0100,108.2542
2026-01-17T14:00:00Z,2026-01-17T15:00:00+0100,116.3741
2026-01-17T15:00:00Z,2026-01-17T16:00:00+0100,135.0522
2026-01-17T16:00:00Z,2026-01-17T17:00:00+0100,152.524
2026-01-17T17:00:00Z,2026-01-17T18:00:00+0100,152.0819
2026-01-17T18:00:00Z,2026-01-17T19:00:00+0100,146.5377
2026-01-17T19:00:00Z,2026-01-17T20:00:00+0100,131.9328
2026-01-17T20:00:00Z,2026-01-17T21:00:00+0100,123.048
2026-01-17T21:00:00Z,2026-01-17T22:00:00+0100,122.0138
2026-01-17T22:00:00Z,2026-01-17T23:00:00+0100,106.2432
2026-01-17T23:00:00Z,2026-01-18T00:00:00+0100,106.5261
2026-01-18T00:00:00Z,2026-01-18T01:00:00+0100,104.7951
2026-01-18T01:00:00Z,2026-01-18T02:00:00+0100,102.162
2026-01-18T02:00:00Z,2026-01-18T03:00:00+0100,99.3629
2026-01-18T03:00:00Z,2026-01-18T04:00:00+0100,98.6159
2026-01-18T04:00:00Z,2026-01-18T05:00:00+0100,102.5462
2026-01-18T05:00:00Z,2026-01-18T06:00:00+0100,100.3265
2026-01-18T06:00:00Z,2026-01-18T07:00:00+0100,106.4198
2026-01-18T07:00:00Z,2026-01-18T08:00:00+0100,111.9082
2026-01-18T08:00:00Z,2026-01-18T09:00:00+0100,111.0664
2026-01-18T09:00:00Z,2026-01-18T10:00:00+0100,100.8729
2026-01-18T10:00:00Z,2026-01-18T11:00:00+0100,103.1389
2026-01-18T11:00:00Z,2026-01-18T12:00:00+0100,102.614
2026-01-18T12:00:00Z,2026-01-18T13:00:00+0100,99.754
2026-01-18T13:00:00Z,2026-01-18T14:00:00+0100,104.9179
2026-01-18T14:00:00Z,2026-01-18T15:00:00+0100,121.4583
2026-01-18T15:00:00Z,2026-01-18T16:00:00+0100,132.2374
2026-01-18T16:00:00Z,2026-01-18T17:00:00+0100,138.2357
2026-01-18T17:00:00Z,2026-01-18T18:00:00+0100,138.3822
2026-01-18T18:00:00Z,2026-01-18T19:00:00+0100,137.6673
2026-01-18T19:00:00Z,2026-01-18T20:00:00+0100,126.9395
2026-01-18T20:00:00Z,2026-01-18T21:00:00+0100,115.3056
2026-01-18T21:00:00Z,2026-01-18T22:00:00+0100,116.5579
2026-01-18T22:00:00Z,2026-01-18T23:00:00+0100,109.7944
2026-01-18T23:00:00Z,2026-01-19T00:00:00+0100,106.7156
2026-01-19T00:00:00Z,2026-01-19T01:00:00+0100,106.0995
2026-01-19T01:00:00Z,2026-01-19T02:00:00+0100,104.5053
2026-01-19T02:00:00Z,2026-01-19T03:00:00+0100,105.1972
2026-01-19T03:00:00Z,2026-01-19T04:00:00+0100,105.8578
2026-01-19T04:00:00Z,2026-01-19T05:00:00+0100,114.3162
2026-01-19T05:00:00Z,2026-01-19T06:00:00+0100,129.1895
2026-01-19T06:00:00Z,2026-01-19T07:00:00+0100,155.4064
2026-01-19T07:00:00Z,2026-01-19T08:00:00+0100,163.3924
2026-01-19T08:00:00Z,2026-01-19T09:00:00+0100,145.471
2026-01-19T09:00:00Z,2026-01-19T10:00:00+0100,128.4787
2026-01-19T10:00:00Z,2026-01-19T11:00:00+0100,120.1876
2026-01-19T11:00:00Z,2026-01-19T12:00:00+0100,114.7418
2026-01-19T12:00:00Z,2026-01-19T13:00:00+0100,116.916
2026-01-19T13:00:00Z,2026-01-19T14:00:00+0100,122.1634
2026-01-19T14:00:00Z,2026-01-19T15:00:00+0100,129.4741
2026-01-19T15:00:00Z,2026-01-19T16:00:00+0100,134.1122
2026-01-19T16:00:00Z,2026-01-19T17:00:00+0100,161.5308
2026-01-19T17:00:00Z,2026-01-19T18:00:00+0100,168.7635
2026-01-19T18:00:00Z,2026-01-19T19:00:00+0100,155.4239
2026-01-19T19:00:00Z,2026-01-19T20:00:00+0100,141.0252
2026-01-19T20:00:00Z,2026-01-19T21:00:00+0100,128.8402
2026-01-19T21:00:00Z,2026-01-19T22:00:00+0100,122.5362
2026-01-19T22:00:00Z,2026-01-19T23:00:00+0100,117.5404
2026-01-19T23:00:00Z,2026-01-20T00:00:00+0100,113.5951
2026-01-20T00:00:00Z,2026-01-20T01:00:00+0100,111.7245
2026-01-20T01:00:00Z,2026-01-20T02:00:00+0100,110.405
2026-01-20T02:00:00Z,2026-01-20T03:00:00+0100,109.6433
2026-01-20T03:00:00Z,2026-01-20T04:00:00+0100,110.2156
2026-01-20T04:00:00Z,2026-01-20T05:00:00+0100,114.8516
2026-01-20T05:00:00Z,2026-01-20T06:00:00+0100,133.9661
2026-01-20T06:00:00Z,2026-01-20T07:00:00+0100,206.1674
2026-01-20T07:00:00Z,2026-01-20T08:00:00+0100,224.4485
2026-01-20T08:00:00Z,2026-01-20T09:00:00+0100,177.806
2026-01-20T09:00:00Z,2026-01-20T10:00:00+0100,140.2984
2026-01-20T10:00:00Z,2026-01-20T11:00:00+0100,129.0992
2026-01-20T11:00:00Z,2026-01-20T12:00:00+0100,126.6757
2026-01-20T12:00:00Z,2026-01-20T13:00:00+0100,128.6786
2026-01-20T13:00:00Z,2026-01-20T14:00:00+0100,138.3727
2026-01-20T14:00:00Z,2026-01-20T15:00:00+0100,185.0202
2026-01-20T15:00:00Z,2026-01-20T16:00:00+0100,241.9385
2026-01-20T16:00:00Z,2026-01-20T17:00:00+0100,261.5387
2026-01-20T17:00:00Z,2026-01-20T18:00:00+0100,243.1533
2026-01-20T18:00:00Z,2026-01-20T19:00:00+0100,209.4612
2026-01-20T19:00:00Z,2026-01-20T20:00:00+0100,190.8363
2026-01-20T20:00:00Z,2026-01-20T21:00:00+0100,149.401
2026-01-20T21:00:00Z,2026-01-20T22:00:00+0100,142.8571
2026-01-20T22:00:00Z,2026-01-20T23:00:00+0100,126.3378
2026-01-20T23:00:00Z,2026-01-21T00:00:00+0100,127.3729
2026-01-21T00:00:00Z,2026-01-21T01:00:00+0100,126.7471
2026-01-21T01:00:00Z,2026-01-21T02:00:00+0100,121.3157
2026-01-21T02:00:00Z,2026-01-21T03:00:00+0100,120.5584
2026-01-21T03:00:00Z,2026-01-21T04:00:00+0100,122.0903
2026-01-21T04:00:00Z,2026-01-21T05:00:00+0100,129.0632
2026-01-21T05:00:00Z,2026-01-21T06:00:00+0100,171.7342
2026-01-21T06:00:00Z,2026-01-21T07:00:00+0100,202.4579
2026-01-21T07:00:00Z,2026-01-21T08:00:00+0100,209.719
2026-01-21T08:00:00Z,2026-01-21T09:00:00+0100,169.8755
2026-01-21T09:00:00Z,2026-01-21T10:00:00+0100,131.0337
2026-01-21T10:00:00Z,2026-01-21T11:00:00+0100,111.4767
2026-01-21T11:00:00Z,2026-01-21T12:00:00+0100,105.5256
2026-01-21T12:00:00Z,2026-01-21T13:00:00+0100,105.8949
2026-01-21T13:00:00Z,2026-01-21T14:00:00+0100,128.7336
2026-01-21T14:00:00Z,2026-01-21T15:00:00+0100,156.2075
2026-01-21T15:00:00Z,2026-01-21T16:00:00+0100,176.5494
2026-01-21T16:00:00Z,2026-01-21T17:00:00+0100,178.9954
2026-01-21T17:00:00Z,2026-01-21T18:00:00+0100,165.9435
2026-01-21T18:00:00Z,2026-01-21T19:00:00+0100,157.6839
2026-01-21T19:00:00Z,2026-01-21T20:00:00+0100,132.377
2026-01-21T20:00:00Z,2026-01-21T21:00:00+0100,124.6268
2026-01-21T21:00:00Z,2026-01-21T22:00:00+0100,111.8496
2026-01-21T22:00:00Z,2026-01-21T23:00:00+0100,102.4314
2026-01-21T23:00:00Z,2026-01-22T00:00:00+0100,95.5881
2026-01-22T00:00:00Z,2026-01-22T01:00:00+0100,92.5504
2026-01-22T01:00:00Z,2026-01-22T02:00:00+0100,91.4943
2026-01-22T02:00:00Z,2026-01-22T03:00:00+0100,89.4398
2026-01-22T03:00:00Z,2026-01-22T04:00:00+0100,89.8495
2026-01-22T04:00:00Z,2026-01-22T05:00:00+0100,99.0518
2026-01-22T05:00:00Z,2026-01-22T06:00:00+0100,131.5761
2026-01-22T06:00:00Z,2026-01-22T07:00:00+0100,159.4106
2026-01-22T07:00:00Z,2026-01-22T08:00:00+0100,164.9235
2026-01-22T08:00:00Z,2026-01-22T09:00:00+0100,137.4246
2026-01-22T09:00:00Z,2026-01-22T10:00:00+0100,107.8169
2026-01-22T10:00:00Z,2026-01-22T11:00:00+0100,92.3335
2026-01-22T11:00:00Z,2026-01-22T12:00:00+0100,93.8831
2026-01-22T12:00:00Z,2026-01-22T13:00:00+0100,88.5903
2026-01-22T13:00:00Z,2026-01-22T14:00:00+0100,104.2737
2026-01-22T14:00:00Z,2026-01-22T15:00:00+0100,125.6557
2026-01-22T15:00:00Z,2026-01-22T16:00:00+0100,152.5659
2026-01-22T16:00:00Z,2026-01-22T17:00:00+0100,163.6006
2026-01-22T17:00:00Z,2026-01-22T18:00:00+0100,157.4623
2026-01-22T18:00:00Z,2026-01-22T19:00:00+0100,147.4218
2026-01-22T19:00:00Z,2026-01-22T20:00:00+0100,130.6557
2026-01-22T20:00:00Z,2026-01-22T21:00:00+0100,126.4314
2026-01-22T21:00:00Z,2026-01-22T22:00:00+0100,112.5868
2026-01-22T22:00:00Z,2026-01-22T23:00:00+0100,104.2654
2026-01-22T23:00:00Z,2026-01-23T00:00:00+0100,102.0739
2026-01-23T00:00:00Z,2026-01-23T01:00:00+0100,102.6777
2026-01-23T01:00:00Z,2026-01-23T02:00:00+0100,101.4264
2026-01-23T02:00:00Z,2026-01-23T03:00:00+0100,100.335
2026-01-23T03:00:00Z,2026-01-23T04:00:00+0100,96.314
2026-01-23T04:00:00Z,2026-01-23T05:00:00+0100,95.1577
2026-01-23T05:00:00Z,2026-01-23T06:00:00+0100,107.8742
2026-01-23T06:00:00Z,2026-01-23T07:00:00+0100,131.8948
2026-01-23T07:00:00Z,2026-01-23T08:00:00+0100,144.875
2026-01-23T08:00:00Z,2026-01-23T09:00:00+0100,129.2819
2026-01-23T09:00:00Z,2026-01-23T10:00:00+0100,101.4014
2026-01-23T10:00:00Z,2026-01-23T11:00:00+0100,91.8332
2026-01-23T11:00:00Z,2026-01-23T12:00:00+0100,87.1636
2026-01-23T12:00:00Z,2026-01-23T13:00:00+0100,85.5017
2026-01-23T13:00:00Z,2026-01-23T14:00:00+0100,92.2255
2026-01-23T14:00:00Z,2026-01-23T15:00:00+0100,103.6237
2026-01-23T15:00:00Z,2026-01-23T16:00:00+0100,119.8664
2026-01-23T16:00:00Z,2026-01-23T17:00:00+0100,130.1197
2026-01-23T17:00:00Z,2026-01-23T18:00:00+0100,126.4545
2026-01-23T18:00:00Z,2026-01-23T19:00:00+0100,115.2982
2026-01-23T19:00:00Z,2026-01-23T20:00:00+0100,99.9711
2026-01-23T20:00:00Z,2026-01-23T21:00:00+0100,94.4199
2026-01-23T21:00:00Z,2026-01-23T22:00:00+0100,93.0253
2026-01-23T22:00:00Z,2026-01-23T23:00:00+0100,87.2007
2026-01-23T23:00:00Z,2026-01-24T00:00:00+0100,91.0332
2026-01-24T00:00:00Z,2026-01-24T01:00:00+0100,87.0095
2026-01-24T01:00:00Z,2026-01-24T02:00:00+0100,85.2481
2026-01-24T02:00:00Z,2026-01-24T03:00:00+0100,86.3774
2026-01-24T03:00:00Z,2026-01-24T04:00:00+0100,91.6966
2026-01-24T04:00:00Z,2026-01-24T05:00:00+0100,94.8792
2026-01-24T05:00:00Z,2026-01-24T06:00:00+0100,97.6084
2026-01-24T06:00:00Z,2026-01-24T07:00:00+0100,104.6507
2026-01-24T07:00:00Z,2026-01-24T08:00:00+0100,117.0857
2026-01-24T08:00:00Z,2026-01-24T09:00:00+0100,119.5835
2026-01-24T09:00:00Z,2026-01-24T10:00:00+0100,113.7425
2026-01-24T10:00:00Z,2026-01-24T11:00:00+0100,103.3676
2026-01-24T11:00:00Z,2026-01-24T12:00:00+0100,100.9735
2026-01-24T12:00:00Z,2026-01-24T13:00:00+0100,97.7866
2026-01-24T13:00:00Z,2026-01-24T14:00:00+0100,98.8322
2026-01-24T14:00:00Z,2026-01-24T15:00:00+0100,111.1203
2026-01-24T15:00:00Z,2026-01-24T16:00:00+0100,124.027
2026-01-24T16:00:00Z,2026-01-24T17:00:00+0100,137.163
2026-01-24T17:00:00Z,2026-01-24T18:00:00+0100,134.0128
2026-01-24T18:00:00Z,2026-01-24T19:00:00+0100,132.4491
2026-01-24T19:00:00Z,2026-01-24T20:00:00+0100,121.0197
2026-01-24T20:00:00Z,2026-01-24T21:00:00+0100,112.6854
2026-01-24T21:00:00Z,2026-01-24T22:00:00+0100,113.3445
2026-01-24T22:00:00Z,2026-01-24T23:00:00+0100,104.8578
2026-01-24T23:00:00Z,2026-01-25T00:00:00+0100,104.9119
2026-01-25T00:00:00Z,2026-01-25T01:00:00+0100,101.8387
2026-01-25T01:00:00Z,2026-01-25T02:00:00+0100,100.0476
2026-01-25T02:00:00Z,2026-01-25T03:00:00+0100,97.0434
2026-01-25T03:00:00Z,2026-01-25T04:00:00+0100,96.7644
2026-01-25T04:00:00Z,2026-01-25T05:00:00+0100,97.3603
2026-01-25T05:00:00Z,2026-01-25T06:00:00+0100,101.863
2026-01-25T06:00:00Z,2026-01-25T07:00:00+0100,106.6488
2026-01-25T07:00:00Z,2026-01-25T08:00:00+0100,117.8392
2026-01-25T08:00:00Z,2026-01-25T09:00:00+0100,122.6116
2026-01-25T09:00:00Z,2026-01-25T10:00:00+0100,120.3627
2026-01-25T10:00:00Z,2026-01-25T11:00:00+0100,112.2778
2026-01-25T11:00:00Z,2026-01-25T12:00:00+0100,115.597
2026-01-25T12:00:00Z,2026-01-25T13:00:00+0100,109.2872
2026-01-25T13:00:00Z,2026-01-25T14:00:00+0100,108.8755
2026-01-25T14:00:00Z,2026-01-25T15:00:00+0100,118.7308
2026-01-25T15:00:00Z,2026-01-25T16:00:00+0100,122.9524
2026-01-25T16:00:00Z,2026-01-25T17:00:00+0100,139.1926
2026-01-25T17:00:00Z,2026-01-25T18:00:00+0100,139.1254
2026-01-25T18:00:00Z,2026-01-25T19:00:00+0100,136.2705
2026-01-25T19:00:00Z,2026-01-25T20:00:00+0100,123.3957
2026-01-25T20:00:00Z,2026-01-25T21:00:00+0100,121.4673
2026-01-25T21:00:00Z,2026-01-25T22:00:00+0100,119.4477
2026-01-25T22:00:00Z,2026-01-25T23:00:00+0100,108.2982
2026-01-25T23:00:00Z,2026-01-26T00:00:00+0100,103.627
2026-01-26T00:00:00Z,2026-01-26T01:00:00+0100,98.2159
2026-01-26T01:00:00Z,2026-01-26T02:00:00+0100,93.798
2026-01-26T02:00:00Z,2026-01-26T03:00:00+0100,91.2552
2026-01-26T03:00:00Z,2026-01-26T04:00:00+0100,94.2638
2026-01-26T04:00:00Z,2026-01-26T05:00:00+0100,107.4305
2026-01-26T05:00:00Z,2026-01-26T06:00:00+0100,136.2687
2026-01-26T06:00:00Z,2026-01-26T07:00:00+0100,167.2419
2026-01-26T07:00:00Z,2026-01-26T08:00:00+0100,175.1111
2026-01-26T08:00:00Z,2026-01-26T09:00:00+0100,165.1211
2026-01-26T09:00:00Z,2026-01-26T10:00:00+0100,153.1089
2026-01-26T10:00:00Z,2026-01-26T11:00:00+0100,148.0719
2026-01-26T11:00:00Z,2026-01-26T12:00:00+0100,146.8182
2026-01-26T12:00:00Z,2026-01-26T13:00:00+0100,138.319
2026-01-26T13:00:00Z,2026-01-26T14:00:00+0100,138.8503
2026-01-26T14:00:00Z,2026-01-26T15:00:00+0100,149.4508
2026-01-26T15:00:00Z,2026-01-26T16:00:00+0100,157.9445
2026-01-26T16:00:00Z,2026-01-26T17:00:00+0100,172.2913
2026-01-26T17:00:00Z,2026-01-26T18:00:00+0100,181.2408
2026-01-26T18:00:00Z,2026-01-26T19:00:00+0100,169.2577
2026-01-26T19:00:00Z,2026-01-26T20:00:00+0100,154.011
2026-01-26T20:00:00Z,2026-01-26T21:00:00+0100,136.9864
2026-01-26T21:00:00Z,2026-01-26T22:00:00+0100,126.7266
2026-01-26T22:00:00Z,2026-01-26T23:00:00+0100,121.1754
2026-01-26T23:00:00Z,2026-01-27T00:00:00+0100,119.2886
2026-01-27T00:00:00Z,2026-01-27T01:00:00+0100,118.3728
2026-01-27T01:00:00Z,2026-01-27T02:00:00+0100,117.3125
2026-01-27T02:00:00Z,2026-01-27T03:00:00+0100,115.5164
2026-01-27T03:00:00Z,2026-01-27T04:00:00+0100,114.3598
2026-01-27T04:00:00Z,2026-01-27T05:00:00+0100,124.1675
2026-01-27T05:00:00Z,2026-01-27T06:00:00+0100,157.459
2026-01-27T06:00:00Z,2026-01-27T07:00:00+0100,188.5505
2026-01-27T07:00:00Z,2026-01-27T08:00:00+0100,218.6989
2026-01-27T08:00:00Z,2026-01-27T09:00:00+0100,185.2054
2026-01-27T09:00:00Z,2026-01-27T10:00:00+0100,167.6122
2026-01-27T10:00:00Z,2026-01-27T11:00:00+0100,162.368
2026-01-27T11:00:00Z,2026-01-27T12:00:00+0100,147.6499
2026-01-27T12:00:00Z,2026-01-27T13:00:00+0100,143.6528
2026-01-27T13:00:00Z,2026-01-27T14:00:00+0100,130.7922
2026-01-27T14:00:00Z,2026-01-27T15:00:00+0100,145.3998
2026-01-27T15:00:00Z,2026-01-27T16:00:00+0100,151.6715
2026-01-27T16:00:00Z,2026-01-27T17:00:00+0100,158.8251
2026-01-27T17:00:00Z,2026-01-27T18:00:00+0100,158.781
2026-01-27T18:00:00Z,2026-01-27T19:00:00+0100,156.7963
2026-01-27T19:00:00Z,2026-01-27T20:00:00+0100,135.6864
2026-01-27T20:00:00Z,2026-01-27T21:00:00+0100,125.3901
2026-01-27T21:00:00Z,2026-01-27T22:00:00+0100,120.1758
2026-01-27T22:00:00Z,2026-01-27T23:00:00+0100,101.7397
2026-01-27T23:00:00Z,2026-01-28T00:00:00+0100,107.6135
2026-01-28T00:00:00Z,2026-01-28T01:00:00+0100,101.2563
2026-01-28T01:00:00Z,2026-01-28T02:00:00+0100,98.7085
2026-01-28T02:00:00Z,2026-01-28T03:00:00+0100,97.6732
2026-01-28T03:00:00Z,2026-01-28T04:00:00+0100,98.1095
2026-01-28T04:00:00Z,2026-01-28T05:00:00+0100,107.7116
2026-01-28T05:00:00Z,2026-01-28T06:00:00+0100,128.7342
2026-01-28T06:00:00Z,2026-01-28T07:00:00+0100,159.5413
2026-01-28T07:00:00Z,2026-01-28T08:00:00+0100,179.6615
2026-01-28T08:00:00Z,2026-01-28T09:00:00+0100,166.5519
2026-01-28T09:00:00Z,2026-01-28T10:00:00+0100,159.2477
2026-01-28T10:00:00Z,2026-01-28T11:00:00+0100,154.4733
2026-01-28T11:00:00Z,2026-01-28T12:00:00+0100,145.7604
2026-01-28T12:00:00Z,2026-01-28T13:00:00+0100,139.871
2026-01-28T13:00:00Z,2026-01-28T14:00:00+0100,135.829
2026-01-28T14:00:00Z,2026-01-28T15:00:00+0100,140.2897
2026-01-28T15:00:00Z,2026-01-28T16:00:00+0100,146.4549
2026-01-28T16:00:00Z,2026-01-28T17:00:00+0100,158.3167
2026-01-28T17:00:00Z,2026-01-28T18:00:00+0100,154.1924
2026-01-28T18:00:00Z,2026-01-28T19:00:00+0100,146.5833
2026-01-28T19:00:00Z,2026-01-28T20:00:00+0100,130.9569
2026-01-28T20:00:00Z,2026-01-28T21:00:00+0100,120.38
2026-01-28T21:00:00Z,2026-01-28T22:00:00+0100,118.3569
2026-01-28T22:00:00Z,2026-01-28T23:00:00+0100,100.5081
2026-01-28T23:00:00Z,2026-01-29T00:00:00+0100,101.526
2026-01-29T00:00:00Z,2026-01-29T01:00:00+0100,102.3258
2026-01-29T01:00:00Z,2026-01-29T02:00:00+0100,102.0529
2026-01-29T02:00:00Z,2026-01-29T03:00:00+0100,100.9349
2026-01-29T03:00:00Z,2026-01-29T04:00:00+0100,103.7142
2026-01-29T04:00:00Z,2026-01-29T05:00:00+0100,109.3705
2026-01-29T05:00:00Z,2026-01-29T06:00:00+0100,123.5523
2026-01-29T06:00:00Z,2026-01-29T07:00:00+0100,154.2058
2026-01-29T07:00:00Z,2026-01-29T08:00:00+0100,163.1997
2026-01-29T08:00:00Z,2026-01-29T09:00:00+0100,170.9206
2026-01-29T09:00:00Z,2026-01-29T10:00:00+0100,165.0959
2026-01-29T10:00:00Z,2026-01-29T11:00:00+0100,167.0705
2026-01-29T11:00:00Z,2026-01-29T12:00:00+0100,163.7564
2026-01-29T12:00:00Z,2026-01-29T13:00:00+0100,155.9668
2026-01-29T13:00:00Z,2026-01-29T14:00:00+0100,155.891
2026-01-29T14:00:00Z,2026-01-29T15:00:00+0100,155.2584
2026-01-29T15:00:00Z,2026-01-29T16:00:00+0100,161.6329
2026-01-29T16:00:00Z,2026-01-29T17:00:00+0100,176.6981
2026-01-29T17:00:00Z,2026-01-29T18:00:00+0100,169.5582
2026-01-29T18:00:00Z,2026-01-29T19:00:00+0100,165.6383
2026-01-29T19:00:00Z,2026-01-29T20:00:00+0100,141.4814
2026-01-29T20:00:00Z,2026-01-29T21:00:00+0100,126.8136
2026-01-29T21:00:00Z,2026-01-29T22:00:00+0100,120.3474
2026-01-29T22:00:00Z,2026-01-29T23:00:00+0100,110.4438
2026-01-29T23:00:00Z,2026-01-30T00:00:00+0100,104.535
2026-01-30T00:00:00Z,2026-01-30T01:00:00+0100,105.5387
2026-01-30T01:00:00Z,2026-01-30T02:00:00+0100,104.1365
2026-01-30T02:00:00Z,2026-01-30T03:00:00+0100,102.7607
2026-01-30T03:00:00Z,2026-01-30T04:00:00+0100,103.2726
2026-01-30T04:00:00Z,2026-01-30T05:00:00+0100,107.5482
2026-01-30T05:00:00Z,2026-01-30T06:00:00+0100,124.7167
2026-01-30T06:00:00Z,2026-01-30T07:00:00+0100,148.6767
2026-01-30T07:00:00Z,2026-01-30T08:00:00+0100,161.9618
2026-01-30T08:00:00Z,2026-01-30T09:00:00+0100,161.0003
2026-01-30T09:00:00Z,2026-01-30T10:00:00+0100,152.6283
2026-01-30T10:00:00Z,2026-01-30T11:00:00+0100,146.0823
2026-01-30T11:00:00Z,2026-01-30T12:00:00+0100,140.3679
2026-01-30T12:00:00Z,2026-01-30T13:00:00+0100,134.9962
2026-01-30T13:00:00Z,2026-01-30T14:00:00+0100,133.5489
2026-01-30T14:00:00Z,2026-01-30T15:00:00+0100,132.4
2026-01-30T15:00:00Z,2026-01-30T16:00:00+0100,137.9702
2026-01-30T16:00:00Z,2026-01-30T17:00:00+0100,148.886
2026-01-30T17:00:00Z,2026-01-30T18:00:00+0100,145.6412
2026-01-30T18:00:00Z,2026-01-30T19:00:00+0100,132.356
2026-01-30T19:00:00Z,2026-01-30T20:00:00+0100,114.0395
2026-01-30T20:00:00Z,2026-01-30T21:00:00+0100,102.4104
2026-01-30T21:00:00Z,2026-01-30T22:00:00+0100,99.1165
2026-01-30T22:00:00Z,2026-01-30T23:00:00+0100,91.7193
2026-01-30T23:00:00Z,2026-01-31T00:00:00+0100,99.1983
2026-01-31T00:00:00Z,2026-01-31T01:00:00+0100,94.1561
2026-01-31T01:00:00Z,2026-01-31T02:00:00+0100,92.9712
2026-01-31T02:00:00Z,2026-01-31T03:00:00+0100,92.1493
2026-01-31T03:00:00Z,2026-01-31T04:00:00+0100,92.2604
2026-01-31T04:00:00Z,2026-01-31T05:00:00+0100,91.8537
2026-01-31T05:00:00Z,2026-01-31T06:00:00+0100,95.0504
2026-01-31T06:00:00Z,2026-01-31T07:00:00+0100,104.2476
2026-01-31T07:00:00Z,2026-01-31T08:00:00+0100,109.7421
2026-01-31T08:00:00Z,2026-01-31T09:00:00+0100,115.8029
2026-01-31T09:00:00Z,2026-01-31T10:00:00+0100,116.6896
2026-01-31T10:00:00Z,2026-01-31T11:00:00+0100,111.6029
2026-01-31T11:00:00Z,2026-01-31T12:00:00+0100,110.0862
2026-01-31T12:00:00Z,2026-01-31T13:00:00+0100,110.6996
2026-01-31T13:00:00Z,2026-01-31T14:00:00+0100,106.6699
2026-01-31T14:00:00Z,2026-01-31T15:00:00+0100,109.4512
2026-01-31T15:00:00Z,2026-01-31T16:00:00+0100,119.3014
2026-01-31T16:00:00Z,2026-01-31T17:00:00+0100,140.4852
2026-01-31T17:00:00Z,2026-01-31T18:00:00+0100,140.2598
2026-01-31T18:00:00Z,2026-01-31T19:00:00+0100,129.1681
2026-01-31T19:00:00Z,2026-01-31T20:00:00+0100,120.6398
2026-01-31T20:00:00Z,2026-01-31T21:00:00+0100,114.8667
2026-01-31T21:00:00Z,2026-01-31T22:00:00+0100,116.2566
2026-01-31T22:00:00Z,2026-01-31T23:00:00+0100,110.7092
2026-01-31T23:00:00Z,2026-02-01T00:00:00+0100,113.044
2026-02-01T00:00:00Z,2026-02-01T01:00:00+0100,109.0261
2026-02-01T01:00:00Z,2026-02-01T02:00:00+0100,108.4388
2026-02-01T02:00:00Z,2026-02-01T03:00:00+0100,108.7531
2026-02-01T03:00:00Z,2026-02-01T04:00:00+0100,106.6101
2026-02-01T04:00:00Z,2026-02-01T05:00:00+0100,108.5257
2026-02-01T05:00:00Z,2026-02-01T06:00:00+0100,111.4496
2026-02-01T06:00:00Z,2026-02-01T07:00:00+0100,115.6445
2026-02-01T07:00:00Z,2026-02-01T08:00:00+0100,123.0603
2026-02-01T08:00:00Z,2026-02-01T09:00:00+0100,124.6986
2026-02-01T09:00:00Z,2026-02-01T10:00:00+0100,120.232
2026-02-01T10:00:00Z,2026-02-01T11:00:00+0100,118.9171
2026-02-01T11:00:00Z,2026-02-01T12:00:00+0100,114.9683
2026-02-01T12:00:00Z,2026-02-01T13:00:00+0100,114.6656
2026-02-01T13:00:00Z,2026-02-01T14:00:00+0100,112.0538
2026-02-01T14:00:00Z,2026-02-01T15:00:00+0100,117.8022
2026-02-01T15:00:00Z,2026-02-01T16:00:00+0100,130.4545
2026-02-01T16:00:00Z,2026-02-01T17:00:00+0100,146.247
2026-02-01T17:00:00Z,2026-02-01T18:00:00+0100,147.8496
2026-02-01T18:00:00Z,2026-02-01T19:00:00+0100,141.3746
2026-02-01T19:00:00Z,2026-02-01T20:00:00+0100,131.0046
2026-02-01T20:00:00Z,2026-02-01T21:00:00+0100,119.1946
2026-02-01T21:00:00Z,2026-02-01T22:00:00+0100,118.2307
2026-02-01T22:00:00Z,2026-02-01T23:00:00+0100,108.6532
2026-02-01T23:00:00Z,2026-02-02T00:00:00+0100,91.9035
2026-02-02T00:00:00Z,2026-02-02T01:00:00+0100,84.8937
2026-02-02T01:00:00Z,2026-02-02T02:00:00+0100,82.9998
2026-02-02T02:00:00Z,2026-02-02T03:00:00+0100,79.9628
2026-02-02T03:00:00Z,2026-02-02T04:00:00+0100,79.1909
2026-02-02T04:00:00Z,2026-02-02T05:00:00+0100,96.9769
2026-02-02T05:00:00Z,2026-02-02T06:00:00+0100,108.4952
2026-02-02T06:00:00Z,2026-02-02T07:00:00+0100,146.0022
2026-02-02T07:00:00Z,2026-02-02T08:00:00+0100,155.8749
2026-02-02T08:00:00Z,2026-02-02T09:00:00+0100,138.7554
2026-02-02T09:00:00Z,2026-02-02T10:00:00+0100,124.7901
2026-02-02T10:00:00Z,2026-02-02T11:00:00+0100,110.5941
2026-02-02T11:00:00Z,2026-02-02T12:00:00+0100,104.331
2026-02-02T12:00:00Z,2026-02-02T13:00:00+0100,99.6534
2026-02-02T13:00:00Z,2026-02-02T14:00:00+0100,100.5358
2026-02-02T14:00:00Z,2026-02-02T15:00:00+0100,108.5695
2026-02-02T15:00:00Z,2026-02-02T16:00:00+0100,119.8531
2026-02-02T16:00:00Z,2026-02-02T17:00:00+0100,143.4083
2026-02-02T17:00:00Z,2026-02-02T18:00:00+0100,145.611
2026-02-02T18:00:00Z,2026-02-02T19:00:00+0100,131.6455
2026-02-02T19:00:00Z,2026-02-02T20:00:00+0100,111.312
2026-02-02T20:00:00Z,2026-02-02T21:00:00+0100,97.6191
2026-02-02T21:00:00Z,2026-02-02T22:00:00+0100,92.5284
2026-02-02T22:00:00Z,2026-02-02T23:00:00+0100,81.4186
2026-02-02T23:00:00Z,2026-02-03T00:00:00+0100,84.3155
2026-02-03T00:00:00Z,2026-02-03T01:00:00+0100,75.7084
2026-02-03T01:00:00Z,2026-02-03T02:00:00+0100,69.6754
2026-02-03T02:00:00Z,2026-02-03T03:00:00+0100,67.0986
2026-02-03T03:00:00Z,2026-02-03T04:00:00+0100,65.6952
2026-02-03T04:00:00Z,2026-02-03T05:00:00+0100,78.9514
2026-02-03T05:00:00Z,2026-02-03T06:00:00+0100,94.6811
2026-02-03T06:00:00Z,2026-02-03T07:00:00+0100,113.7203
2026-02-03T07:00:00Z,2026-02-03T08:00:00+0100,120.8245
2026-02-03T08:00:00Z,2026-02-03T09:00:00+0100,108.4305
2026-02-03T09:00:00Z,2026-02-03T10:00:00+0100,102.8219
2026-02-03T10:00:00Z,2026-02-03T11:00:00+0100,91.0545
2026-02-03T11:00:00Z,2026-02-03T12:00:00+0100,92.4531
2026-02-03T12:00:00Z,2026-02-03T13:00:00+0100,86.1637
2026-02-03T13:00:00Z,2026-02-03T14:00:00+0100,88.6247
2026-02-03T14:00:00Z,2026-02-03T15:00:00+0100,99.9411
2026-02-03T15:00:00Z,2026-02-03T16:00:00+0100,100.8033
2026-02-03T16:00:00Z,2026-02-03T17:00:00+0100,120.9748
2026-02-03T17:00:00Z,2026-02-03T18:00:00+0100,124.1205
2026-02-03T18:00:00Z,2026-02-03T19:00:00+0100,116.095
2026-02-03T19:00:00Z,2026-02-03T20:00:00+0100,103.3074
2026-02-03T20:00:00Z,2026-02-03T21:00:00+0100,98.458
2026-02-03T21:00:00Z,2026-02-03T22:00:00+0100,93.2454
2026-02-03T22:00:00Z,2026-02-03T23:00:00+0100,84.3476
2026-02-03T23:00:00Z,2026-02-04T00:00:00+0100,87.8641
2026-02-04T00:00:00Z,2026-02-04T01:00:00+0100,87.5098
2026-02-04T01:00:00Z,2026-02-04T02:00:00+0100,86.2115
2026-02-04T02:00:00Z,2026-02-04T03:00:00+0100,85.1203
2026-02-04T03:00:00Z,2026-02-04T04:00:00+0100,91.641
2026-02-04T04:00:00Z,2026-02-04T05:00:00+0100,99.3119
2026-02-04T05:00:00Z,2026-02-04T06:00:00+0100,113.2528
2026-02-04T06:00:00Z,2026-02-04T07:00:00+0100,136.9689
2026-02-04T07:00:00Z,2026-02-04T08:00:00+0100,154.6528
2026-02-04T08:00:00Z,2026-02-04T09:00:00+0100,148.8945
2026-02-04T09:00:00Z,2026-02-04T10:00:00+0100,131.4325
2026-02-04T10:00:00Z,2026-02-04T11:00:00+0100,119.4997
2026-02-04T11:00:00Z,2026-02-04T12:00:00+0100,110.1433
2026-02-04T12:00:00Z,2026-02-04T13:00:00+0100,106.1263
2026-02-04T13:00:00Z,2026-02-04T14:00:00+0100,115.6811
2026-02-04T14:00:00Z,2026-02-04T15:00:00+0100,126.7954
2026-02-04T15:00:00Z,2026-02-04T16:00:00+0100,126.5233
2026-02-04T16:00:00Z,2026-02-04T17:00:00+0100,138.1346
2026-02-04T17:00:00Z,2026-02-04T18:00:00+0100,134.672
2026-02-04T18:00:00Z,2026-02-04T19:00:00+0100,127.241
2026-02-04T19:00:00Z,2026-02-04T20:00:00+0100,107.6593
2026-02-04T20:00:00Z,2026-02-04T21:00:00+0100,101.7086
2026-02-04T21:00:00Z,2026-02-04T22:00:00+0100,97.8866
2026-02-04T22:00:00Z,2026-02-04T23:00:00+0100,92.578
2026-02-04T23:00:00Z,2026-02-05T00:00:00+0100,93.8994
2026-02-05T00:00:00Z,2026-02-05T01:00:00+0100,92.5848
2026-02-05T01:00:00Z,2026-02-05T02:00:00+0100,92.1449
2026-02-05T02:00:00Z,2026-02-05T03:00:00+0100,93.4722
2026-02-05T03:00:00Z,2026-02-05T04:00:00+0100,91.5686
2026-02-05T04:00:00Z,2026-02-05T05:00:00+0100,99.8888
2026-02-05T05:00:00Z,2026-02-05T06:00:00+0100,115.9302
2026-02-05T06:00:00Z,2026-02-05T07:00:00+0100,141.9195
2026-02-05T07:00:00Z,2026-02-05T08:00:00+0100,151.3121
2026-02-05T08:00:00Z,2026-02-05T09:00:00+0100,151.4861
2026-02-05T09:00:00Z,2026-02-05T10:00:00+0100,143.862
2026-02-05T10:00:00Z,2026-02-05T11:00:00+0100,140.0077
2026-02-05T11:00:00Z,2026-02-05T12:00:00+0100,132.6455
2026-02-05T12:00:00Z,2026-02-05T13:00:00+0100,127.5359
2026-02-05T13:00:00Z,2026-02-05T14:00:00+0100,127.1541
2026-02-05T14:00:00Z,2026-02-05T15:00:00+0100,127.9309
2026-02-05T15:00:00Z,2026-02-05T16:00:00+0100,137.4857
2026-02-05T16:00:00Z,2026-02-05T17:00:00+0100,154.1484
2026-02-05T17:00:00Z,2026-02-05T18:00:00+0100,150.7624
2026-02-05T18:00:00Z,2026-02-05T19:00:00+0100,135.9007
2026-02-05T19:00:00Z,2026-02-05T20:00:00+0100,115.0158
2026-02-05T20:00:00Z,2026-02-05T21:00:00+0100,107.8035
2026-02-05T21:00:00Z,2026-02-05T22:00:00+0100,105.7963
2026-02-05T22:00:00Z,2026-02-05T23:00:00+0100,98.9568
2026-02-05T23:00:00Z,2026-02-06T00:00:00+0100,99.1376
2026-02-06T00:00:00Z,2026-02-06T01:00:00+0100,100.2407
2026-02-06T01:00:00Z,2026-02-06T02:00:00+0100,100.6877
2026-02-06T02:00:00Z,2026-02-06T03:00:00+0100,100.7658
2026-02-06T03:00:00Z,2026-02-06T04:00:00+0100,102.7441
2026-02-06T04:00:00Z,2026-02-06T05:00:00+0100,104.4731
2026-02-06T05:00:00Z,2026-02-06T06:00:00+0100,122.323
2026-02-06T06:00:00Z,2026-02-06T07:00:00+0100,148.8097
2026-02-06T07:00:00Z,2026-02-06T08:00:00+0100,167.5567
2026-02-06T08:00:00Z,2026-02-06T09:00:00+0100,149.3824
2026-02-06T09:00:00Z,2026-02-06T10:00:00+0100,141.3662
2026-02-06T10:00:00Z,2026-02-06T11:00:00+0100,143.1352
2026-02-06T11:00:00Z,2026-02-06T12:00:00+0100,138.8258
2026-02-06T12:00:00Z,2026-02-06T13:00:00+0100,132.6631
2026-02-06T13:00:00Z,2026-02-06T14:00:00+0100,127.7342
2026-02-06T14:00:00Z,2026-02-06T15:00:00+0100,136.6097
2026-02-06T15:00:00Z,2026-02-06T16:00:00+0100,145.0084
2026-02-06T16:00:00Z,2026-02-06T17:00:00+0100,175.4192
2026-02-06T17:00:00Z,2026-02-06T18:00:00+0100,164.3631
2026-02-06T18:00:00Z,2026-02-06T19:00:00+0100,156.6782
2026-02-06T19:00:00Z,2026-02-06T20:00:00+0100,135.984
2026-02-06T20:00:00Z,2026-02-06T21:00:00+0100,120.0287
2026-02-06T21:00:00Z,2026-02-06T22:00:00+0100,115.7064
2026-02-06T22:00:00Z,2026-02-06T23:00:00+0100,108.7589
2026-02-06T23:00:00Z,2026-02-07T00:00:00+0100,113.6206
2026-02-07T00:00:00Z,2026-02-07T01:00:00+0100,110.1888
2026-02-07T01:00:00Z,2026-02-07T02:00:00+0100,106.5602
2026-02-07T02:00:00Z,2026-02-07T03:00:00+0100,103.6575
2026-02-07T03:00:00Z,2026-02-07T04:00:00+0100,104.2258
2026-02-07T04:00:00Z,2026-02-07T05:00:00+0100,105.9715
2026-02-07T05:00:00Z,2026-02-07T06:00:00+0100,114.6996
2026-02-07T06:00:00Z,2026-02-07T07:00:00+0100,123.8261
2026-02-07T07:00:00Z,2026-02-07T08:00:00+0100,132.6941
2026-02-07T08:00:00Z,2026-02-07T09:00:00+0100,135.3502
2026-02-07T09:00:00Z,2026-02-07T10:00:00+0100,131.4899
2026-02-07T10:00:00Z,2026-02-07T11:00:00+0100,130.4848
2026-02-07T11:00:00Z,2026-02-07T12:00:00+0100,122.6514
2026-02-07T12:00:00Z,2026-02-07T13:00:00+0100,119.5253
2026-02-07T13:00:00Z,2026-02-07T14:00:00+0100,115.3272
2026-02-07T14:00:00Z,2026-02-07T15:00:00+0100,121.2875
2026-02-07T15:00:00Z,2026-02-07T16:00:00+0100,124.739
2026-02-07T16:00:00Z,2026-02-07T17:00:00+0100,138.6232
2026-02-07T17:00:00Z,2026-02-07T18:00:00+0100,137.0317
2026-02-07T18:00:00Z,2026-02-07T19:00:00+0100,132.0568
2026-02-07T19:00:00Z,2026-02-07T20:00:00+0100,119.1075
2026-02-07T20:00:00Z,2026-02-07T21:00:00+0100,114.7099
2026-02-07T21:00:00Z,2026-02-07T22:00:00+0100,113.7121
2026-02-07T22:00:00Z,2026-02-07T23:00:00+0100,110.1028
2026-02-07T23:00:00Z,2026-02-08T00:00:00+0100,108.8503
2026-02-08T00:00:00Z,2026-02-08T01:00:00+0100,104.4905
2026-02-08T01:00:00Z,2026-02-08T02:00:00+0100,101.1982
2026-02-08T02:00:00Z,2026-02-08T03:00:00+0100,98.8467
2026-02-08T03:00:00Z,2026-02-08T04:00:00+0100,97.2657
2026-02-08T04:00:00Z,2026-02-08T05:00:00+0100,98.5562
2026-02-08T05:00:00Z,2026-02-08T06:00:00+0100,102.5472
2026-02-08T06:00:00Z,2026-02-08T07:00:00+0100,111.7851
2026-02-08T07:00:00Z,2026-02-08T08:00:00+0100,125.6714
2026-02-08T08:00:00Z,2026-02-08T09:00:00+0100,120.5313
2026-02-08T09:00:00Z,2026-02-08T10:00:00+0100,126.9045
2026-02-08T10:00:00Z,2026-02-08T11:00:00+0100,123.502
2026-02-08T11:00:00Z,2026-02-08T12:00:00+0100,112.9283
2026-02-08T12:00:00Z,2026-02-08T13:00:00+0100,108.4437
2026-02-08T13:00:00Z,2026-02-08T14:00:00+0100,109.0424
2026-02-08T14:00:00Z,2026-02-08T15:00:00+0100,121.1186
2026-02-08T15:00:00Z,2026-02-08T16:00:00+0100,116.7654
2026-02-08T16:00:00Z,2026-02-08T17:00:00+0100,135.5314
2026-02-08T17:00:00Z,2026-02-08T18:00:00+0100,139.9145
2026-02-08T18:00:00Z,2026-02-08T19:00:00+0100,136.0601
2026-02-08T19:00:00Z,2026-02-08T20:00:00+0100,122.9438
2026-02-08T20:00:00Z,2026-02-08T21:00:00+0100,120.0365
2026-02-08T21:00:00Z,2026-02-08T22:00:00+0100,120.1323
2026-02-08T22:00:00Z,2026-02-08T23:00:00+0100,116.8617
2026-02-08T23:00:00Z,2026-02-09T00:00:00+0100,105.9256
2026-02-09T00:00:00Z,2026-02-09T01:00:00+0100,103.8025
2026-02-09T01:00:00Z,2026-02-09T02:00:00+0100,102.3577
2026-02-09T02:00:00Z,2026-02-09T03:00:00+0100,99.3621
2026-02-09T03:00:00Z,2026-02-09T04:00:00+0100,103.928
2026-02-09T04:00:00Z,2026-02-09T05:00:00+0100,112.8348
2026-02-09T05:00:00Z,2026-02-09T06:00:00+0100,137.8813
2026-02-09T06:00:00Z,2026-02-09T07:00:00+0100,160.2217
2026-02-09T07:00:00Z,2026-02-09T08:00:00+0100,181.5967
2026-02-09T08:00:00Z,2026-02-09T09:00:00+0100,171.8476
2026-02-09T09:00:00Z,2026-02-09T10:00:00+0100,150.0589
2026-02-09T10:00:00Z,2026-02-09T11:00:00+0100,141.5036
2026-02-09T11:00:00Z,2026-02-09T12:00:00+0100,137.9514
2026-02-09T12:00:00Z,2026-02-09T13:00:00+0100,132.3776
2026-02-09T13:00:00Z,2026-02-09T14:00:00+0100,131.9402
2026-02-09T14:00:00Z,2026-02-09T15:00:00+0100,142.7425
2026-02-09T15:00:00Z,2026-02-09T16:00:00+0100,172.6417
2026-02-09T16:00:00Z,2026-02-09T17:00:00+0100,216.0889
2026-02-09T17:00:00Z,2026-02-09T18:00:00+0100,217.4135
2026-02-09T18:00:00Z,2026-02-09T19:00:00+0100,186.0698
2026-02-09T19:00:00Z,2026-02-09T20:00:00+0100,147.8508
2026-02-09T20:00:00Z,2026-02-09T21:00:00+0100,135.8407
2026-02-09T21:00:00Z,2026-02-09T22:00:00+0100,122.5532
2026-02-09T22:00:00Z,2026-02-09T23:00:00+0100,113.8029
2026-02-09T23:00:00Z,2026-02-10T00:00:00+0100,106.5569
2026-02-10T00:00:00Z,2026-02-10T01:00:00+0100,106.0136
2026-02-10T01:00:00Z,2026-02-10T02:00:00+0100,104.4975
2026-02-10T02:00:00Z,2026-02-10T03:00:00+0100,103.6621
2026-02-10T03:00:00Z,2026-02-10T04:00:00+0100,103.4491
2026-02-10T04:00:00Z,2026-02-10T05:00:00+0100,109.6643
2026-02-10T05:00:00Z,2026-02-10T06:00:00+0100,127.3859
2026-02-10T06:00:00Z,2026-02-10T07:00:00+0100,166.158
2026-02-10T07:00:00Z,2026-02-10T08:00:00+0100,180.0291
2026-02-10T08:00:00Z,2026-02-10T09:00:00+0100,162.2875
2026-02-10T09:00:00Z,2026-02-10T10:00:00+0100,146.7746
2026-02-10T10:00:00Z,2026-02-10T11:00:00+0100,132.1967
2026-02-10T11:00:00Z,2026-02-10T12:00:00+0100,126.9651
2026-02-10T12:00:00Z,2026-02-10T13:00:00+0100,123.3158
2026-02-10T13:00:00Z,2026-02-10T14:00:00+0100,130.1248
2026-02-10T14:00:00Z,2026-02-10T15:00:00+0100,138.8046
2026-02-10T15:00:00Z,2026-02-10T16:00:00+0100,158.4397
2026-02-10T16:00:00Z,2026-02-10T17:00:00+0100,174.9587
2026-02-10T17:00:00Z,2026-02-10T18:00:00+0100,170.4023
2026-02-10T18:00:00Z,2026-02-10T19:00:00+0100,156.0416
2026-02-10T19:00:00Z,2026-02-10T20:00:00+0100,138.6299
2026-02-10T20:00:00Z,2026-02-10T21:00:00+0100,125.8146
2026-02-10T21:00:00Z,2026-02-10T22:00:00+0100,123.4644
2026-02-10T22:00:00Z,2026-02-10T23:00:00+0100,111.9062
2026-02-10T23:00:00Z,2026-02-11T00:00:00+0100,110.8822
2026-02-11T00:00:00Z,2026-02-11T01:00:00+0100,107.3114
2026-02-11T01:00:00Z,2026-02-11T02:00:00+0100,106.6062
2026-02-11T02:00:00Z,2026-02-11T03:00:00+0100,105.2378
2026-02-11T03:00:00Z,2026-02-11T04:00:00+0100,106.084
2026-02-11T04:00:00Z,2026-02-11T05:00:00+0100,110.1536
2026-02-11T05:00:00Z,2026-02-11T06:00:00+0100,127.3974
2026-02-11T06:00:00Z,2026-02-11T07:00:00+0100,149.2753
2026-02-11T07:00:00Z,2026-02-11T08:00:00+0100,174.0593
2026-02-11T08:00:00Z,2026-02-11T09:00:00+0100,158.0932
2026-02-11T09:00:00Z,2026-02-11T10:00:00+0100,151.833
2026-02-11T10:00:00Z,2026-02-11T11:00:00+0100,144.7666
2026-02-11T11:00:00Z,2026-02-11T12:00:00+0100,141.1934
2026-02-11T12:00:00Z,2026-02-11T13:00:00+0100,127.0397
2026-02-11T13:00:00Z,2026-02-11T14:00:00+0100,134.6719
2026-02-11T14:00:00Z,2026-02-11T15:00:00+0100,141.724
2026-02-11T15:00:00Z,2026-02-11T16:00:00+0100,147.1831
2026-02-11T16:00:00Z,2026-02-11T17:00:00+0100,168.104
2026-02-11T17:00:00Z,2026-02-11T18:00:00+0100,163.8121
2026-02-11T18:00:00Z,2026-02-11T19:00:00+0100,145.867
2026-02-11T19:00:00Z,2026-02-11T20:00:00+0100,134.8017
2026-02-11T20:00:00Z,2026-02-11T21:00:00+0100,115.7179
2026-02-11T21:00:00Z,2026-02-11T22:00:00+0100,108.0971
2026-02-11T22:00:00Z,2026-02-11T23:00:00+0100,103.6452
2026-02-11T23:00:00Z,2026-02-12T00:00:00+0100,98.2461
2026-02-12T00:00:00Z,2026-02-12T01:00:00+0100,95.123
2026-02-12T01:00:00Z,2026-02-12T02:00:00+0100,93.0599
2026-02-12T02:00:00Z,2026-02-12T03:00:00+0100,91.1185
2026-02-12T03:00:00Z,2026-02-12T04:00:00+0100,91.0085
2026-02-12T04:00:00Z,2026-02-12T05:00:00+0100,97.6547
2026-02-12T05:00:00Z,2026-02-12T06:00:00+0100,111.0901
2026-02-12T06:00:00Z,2026-02-12T07:00:00+0100,136.5138
2026-02-12T07:00:00Z,2026-02-12T08:00:00+0100,150.8168
2026-02-12T08:00:00Z,2026-02-12T09:00:00+0100,142.2249
2026-02-12T09:00:00Z,2026-02-12T10:00:00+0100,138.0406
2026-02-12T10:00:00Z,2026-02-12T11:00:00+0100,135.1628
2026-02-12T11:00:00Z,2026-02-12T12:00:00+0100,129.274
2026-02-12T12:00:00Z,2026-02-12T13:00:00+0100,125.7082
2026-02-12T13:00:00Z,2026-02-12T14:00:00+0100,127.6032
2026-02-12T14:00:00Z,2026-02-12T15:00:00+0100,127.6881
2026-02-12T15:00:00Z,2026-02-12T16:00:00+0100,129.3035
2026-02-12T16:00:00Z,2026-02-12T17:00:00+0100,139.5426
2026-02-12T17:00:00Z,2026-02-12T18:00:00+0100,137.0212
2026-02-12T18:00:00Z,2026-02-12T19:00:00+0100,126.671
2026-02-12T19:00:00Z,2026-02-12T20:00:00+0100,116.7672
2026-02-12T20:00:00Z,2026-02-12T21:00:00+0100,109.0002
2026-02-12T21:00:00Z,2026-02-12T22:00:00+0100,104.2929
2026-02-12T22:00:00Z,2026-02-12T23:00:00+0100,94.9904
2026-02-12T23:00:00Z,2026-02-13T00:00:00+0100,86.5438
2026-02-13T00:00:00Z,2026-02-13T01:00:00+0100,81.6023
2026-02-13T01:00:00Z,2026-02-13T02:00:00+0100,83.1432
2026-02-13T02:00:00Z,2026-02-13T03:00:00+0100,81.6743
2026-02-13T03:00:00Z,2026-02-13T04:00:00+0100,83.5105
2026-02-13T04:00:00Z,2026-02-13T05:00:00+0100,92.5814
2026-02-13T05:00:00Z,2026-02-13T06:00:00+0100,107.9673
2026-02-13T06:00:00Z,2026-02-13T07:00:00+0100,131.8549
2026-02-13T07:00:00Z,2026-02-13T08:00:00+0100,147.9806
2026-02-13T08:00:00Z,2026-02-13T09:00:00+0100,143.3801
2026-02-13T09:00:00Z,2026-02-13T10:00:00+0100,136.9525
2026-02-13T10:00:00Z,2026-02-13T11:00:00+0100,133.9397
2026-02-13T11:00:00Z,2026-02-13T12:00:00+0100,130.5229
2026-02-13T12:00:00Z,2026-02-13T13:00:00+0100,126.4384
2026-02-13T13:00:00Z,2026-02-13T14:00:00+0100,128.969
2026-02-13T14:00:00Z,2026-02-13T15:00:00+0100,136.0138
2026-02-13T15:00:00Z,2026-02-13T16:00:00+0100,141.7373
2026-02-13T16:00:00Z,2026-02-13T17:00:00+0100,159.8027
2026-02-13T17:00:00Z,2026-02-13T18:00:00+0100,165.4068
2026-02-13T18:00:00Z,2026-02-13T19:00:00+0100,151.7811
2026-02-13T19:00:00Z,2026-02-13T20:00:00+0100,133.6614
2026-02-13T20:00:00Z,2026-02-13T21:00:00+0100,127.3128
2026-02-13T21:00:00Z,2026-02-13T22:00:00+0100,119.5919
2026-02-13T22:00:00Z,2026-02-13T23:00:00+0100,110.3553
2026-02-13T23:00:00Z,2026-02-14T00:00:00+0100,112.823
2026-02-14T00:00:00Z,2026-02-14T01:00:00+0100,109.1011
2026-02-14T01:00:00Z,2026-02-14T02:00:00+0100,105.9455
2026-02-14T02:00:00Z,2026-02-14T03:00:00+0100,102.9139
2026-02-14T03:00:00Z,2026-02-14T04:00:00+0100,101.1174
2026-02-14T04:00:00Z,2026-02-14T05:00:00+0100,101.5202
2026-02-14T05:00:00Z,2026-02-14T06:00:00+0100,109.4652
2026-02-14T06:00:00Z,2026-02-14T07:00:00+0100,119.1555
2026-02-14T07:00:00Z,2026-02-14T08:00:00+0100,124.1279
2026-02-14T08:00:00Z,2026-02-14T09:00:00+0100,125.1435
2026-02-14T09:00:00Z,2026-02-14T10:00:00+0100,122.9036
2026-02-14T10:00:00Z,2026-02-14T11:00:00+0100,122.4579
2026-02-14T11:00:00Z,2026-02-14T12:00:00+0100,116.4468
2026-02-14T12:00:00Z,2026-02-14T13:00:00+0100,113.5912
2026-02-14T13:00:00Z,2026-02-14T14:00:00+0100,116.3863
2026-02-14T14:00:00Z,2026-02-14T15:00:00+0100,119.2972
2026-02-14T15:00:00Z,2026-02-14T16:00:00+0100,123.9205
2026-02-14T16:00:00Z,2026-02-14T17:00:00+0100,135.4478
2026-02-14T17:00:00Z,2026-02-14T18:00:00+0100,149.171
2026-02-14T18:00:00Z,2026-02-14T19:00:00+0100,146.1436
2026-02-14T19:00:00Z,2026-02-14T20:00:00+0100,137.6154
2026-02-14T20:00:00Z,2026-02-14T21:00:00+0100,130.6019
2026-02-14T21:00:00Z,2026-02-14T22:00:00+0100,127.9529
2026-02-14T22:00:00Z,2026-02-14T23:00:00+0100,116.5843
2026-02-14T23:00:00Z,2026-02-15T00:00:00+0100,119.277
2026-02-15T00:00:00Z,2026-02-15T01:00:00+0100,116.3503
2026-02-15T01:00:00Z,2026-02-15T02:00:00+0100,113.6807
2026-02-15T02:00:00Z,2026-02-15T03:00:00+0100,111.9391
2026-02-15T03:00:00Z,2026-02-15T04:00:00+0100,108.2979
2026-02-15T04:00:00Z,2026-02-15T05:00:00+0100,109.485
2026-02-15T05:00:00Z,2026-02-15T06:00:00+0100,110.8814
2026-02-15T06:00:00Z,2026-02-15T07:00:00+0100,114.0564
2026-02-15T07:00:00Z,2026-02-15T08:00:00+0100,119.8221
2026-02-15T08:00:00Z,2026-02-15T09:00:00+0100,115.7249
2026-02-15T09:00:00Z,2026-02-15T10:00:00+0100,102.6379
2026-02-15T10:00:00Z,2026-02-15T11:00:00+0100,93.0111
2026-02-15T11:00:00Z,2026-02-15T12:00:00+0100,87.0484
2026-02-15T12:00:00Z,2026-02-15T13:00:00+0100,84.7655
2026-02-15T13:00:00Z,2026-02-15T14:00:00+0100,83.1796
2026-02-15T14:00:00Z,2026-02-15T15:00:00+0100,93.4257
2026-02-15T15:00:00Z,2026-02-15T16:00:00+0100,104.0657
2026-02-15T16:00:00Z,2026-02-15T17:00:00+0100,120.5411
2026-02-15T17:00:00Z,2026-02-15T18:00:00+0100,116.247
2026-02-15T18:00:00Z,2026-02-15T19:00:00+0100,104.8196
2026-02-15T19:00:00Z,2026-02-15T20:00:00+0100,97.2524
2026-02-15T20:00:00Z,2026-02-15T21:00:00+0100,85.5419
2026-02-15T21:00:00Z,2026-02-15T22:00:00+0100,79.4445
2026-02-15T22:00:00Z,2026-02-15T23:00:00+0100,57.6601
2026-02-15T23:00:00Z,2026-02-16T00:00:00+0100,38.2802
2026-02-16T00:00:00Z,2026-02-16T01:00:00+0100,35.7022
2026-02-16T01:00:00Z,2026-02-16T02:00:00+0100,35.3965
2026-02-16T02:00:00Z,2026-02-16T03:00:00+0100,35.7232
2026-02-16T03:00:00Z,2026-02-16T04:00:00+0100,38.6388
2026-02-16T04:00:00Z,2026-02-16T05:00:00+0100,60.5656
2026-02-16T05:00:00Z,2026-02-16T06:00:00+0100,86.1503
2026-02-16T06:00:00Z,2026-02-16T07:00:00+0100,106.842
2026-02-16T07:00:00Z,2026-02-16T08:00:00+0100,117.7849
2026-02-16T08:00:00Z,2026-02-16T09:00:00+0100,111.3009
2026-02-16T09:00:00Z,2026-02-16T10:00:00+0100,104.6652
2026-02-16T10:00:00Z,2026-02-16T11:00:00+0100,103.2594
2026-02-16T11:00:00Z,2026-02-16T12:00:00+0100,100.6299
2026-02-16T12:00:00Z,2026-02-16T13:00:00+0100,99.7685
2026-02-16T13:00:00Z,2026-02-16T14:00:00+0100,106.7643
2026-02-16T14:00:00Z,2026-02-16T15:00:00+0100,122.7161
2026-02-16T15:00:00Z,2026-02-16T16:00:00+0100,142.2186
2026-02-16T16:00:00Z,2026-02-16T17:00:00+0100,167.1672
2026-02-16T17:00:00Z,2026-02-16T18:00:00+0100,159.4804
2026-02-16T18:00:00Z,2026-02-16T19:00:00+0100,147.9223
2026-02-16T19:00:00Z,2026-02-16T20:00:00+0100,128.6105
2026-02-16T20:00:00Z,2026-02-16T21:00:00+0100,119.7868
2026-02-16T21:00:00Z,2026-02-16T22:00:00+0100,109.3945
2026-02-16T22:00:00Z,2026-02-16T23:00:00+0100,101.3323
2026-02-16T23:00:00Z,2026-02-17T00:00:00+0100,105.6376
2026-02-17T00:00:00Z,2026-02-17T01:00:00+0100,103.8751
2026-02-17T01:00:00Z,2026-02-17T02:00:00+0100,101.8774
2026-02-17T02:00:00Z,2026-02-17T03:00:00+0100,100.6433
2026-02-17T03:00:00Z,2026-02-17T04:00:00+0100,101.6005
2026-02-17T04:00:00Z,2026-02-17T05:00:00+0100,106.2255
2026-02-17T05:00:00Z,2026-02-17T06:00:00+0100,118.0043
2026-02-17T06:00:00Z,2026-02-17T07:00:00+0100,147.682
2026-02-17T07:00:00Z,2026-02-17T08:00:00+0100,155.2754
2026-02-17T08:00:00Z,2026-02-17T09:00:00+0100,142.703
2026-02-17T09:00:00Z,2026-02-17T10:00:00+0100,134.5086
2026-02-17T10:00:00Z,2026-02-17T11:00:00+0100,129.1517
2026-02-17T11:00:00Z,2026-02-17T12:00:00+0100,116.0911
2026-02-17T12:00:00Z,2026-02-17T13:00:00+0100,114.2237
2026-02-17T13:00:00Z,2026-02-17T14:00:00+0100,112.531
2026-02-17T14:00:00Z,2026-02-17T15:00:00+0100,120.8368
2026-02-17T15:00:00Z,2026-02-17T16:00:00+0100,120.5221
2026-02-17T16:00:00Z,2026-02-17T17:00:00+0100,132.4558
2026-02-17T17:00:00Z,2026-02-17T18:00:00+0100,138.6978
2026-02-17T18:00:00Z,2026-02-17T19:00:00+0100,122.9468
2026-02-17T19:00:00Z,2026-02-17T20:00:00+0100,110.2855
2026-02-17T20:00:00Z,2026-02-17T21:00:00+0100,102.3644
2026-02-17T21:00:00Z,2026-02-17T22:00:00+0100,98.222
2026-02-17T22:00:00Z,2026-02-17T23:00:00+0100,90.4359
2026-02-17T23:00:00Z,2026-02-18T00:00:00+0100,90.79
2026-02-18T00:00:00Z,2026-02-18T01:00:00+0100,89.676
2026-02-18T01:00:00Z,2026-02-18T02:00:00+0100,91.4067
2026-02-18T02:00:00Z,2026-02-18T03:00:00+0100,94.3686
2026-02-18T03:00:00Z,2026-02-18T04:00:00+0100,97.3149
2026-02-18T04:00:00Z,2026-02-18T05:00:00+0100,102.8105
2026-02-18T05:00:00Z,2026-02-18T06:00:00+0100,122.7092
2026-02-18T06:00:00Z,2026-02-18T07:00:00+0100,151.7488
2026-02-18T07:00:00Z,2026-02-18T08:00:00+0100,175.3616
2026-02-18T08:00:00Z,2026-02-18T09:00:00+0100,160.1141
2026-02-18T09:00:00Z,2026-02-18T10:00:00+0100,128.2923
2026-02-18T10:00:00Z,2026-02-18T11:00:00+0100,124.5809
2026-02-18T11:00:00Z,2026-02-18T12:00:00+0100,107.8311
2026-02-18T12:00:00Z,2026-02-18T13:00:00+0100,103.4401
2026-02-18T13:00:00Z,2026-02-18T14:00:00+0100,103.0465
2026-02-18T14:00:00Z,2026-02-18T15:00:00+0100,115.962
2026-02-18T15:00:00Z,2026-02-18T16:00:00+0100,118.8559
2026-02-18T16:00:00Z,2026-02-18T17:00:00+0100,127.6755
2026-02-18T17:00:00Z,2026-02-18T18:00:00+0100,128.2782
2026-02-18T18:00:00Z,2026-02-18T19:00:00+0100,123.1282
2026-02-18T19:00:00Z,2026-02-18T20:00:00+0100,110.0483
2026-02-18T20:00:00Z,2026-02-18T21:00:00+0100,104.8744
2026-02-18T21:00:00Z,2026-02-18T22:00:00+0100,98.0783
2026-02-18T22:00:00Z,2026-02-18T23:00:00+0100,93.9166
2026-02-18T23:00:00Z,2026-02-19T00:00:00+0100,87.9948
2026-02-19T00:00:00Z,2026-02-19T01:00:00+0100,85.4145
2026-02-19T01:00:00Z,2026-02-19T02:00:00+0100,82.1946
2026-02-19T02:00:00Z,2026-02-19T03:00:00+0100,81.9112
2026-02-19T03:00:00Z,2026-02-19T04:00:00+0100,80.2967
2026-02-19T04:00:00Z,2026-02-19T05:00:00+0100,87.1683
2026-02-19T05:00:00Z,2026-02-19T06:00:00+0100,96.9359
2026-02-19T06:00:00Z,2026-02-19T07:00:00+0100,127.5475
2026-02-19T07:00:00Z,2026-02-19T08:00:00+0100,144.3395
2026-02-19T08:00:00Z,2026-02-19T09:00:00+0100,122.1381
2026-02-19T09:00:00Z,2026-02-19T10:00:00+0100,111.4521
2026-02-19T10:00:00Z,2026-02-19T11:00:00+0100,102.7192
2026-02-19T11:00:00Z,2026-02-19T12:00:00+0100,100.1239
2026-02-19T12:00:00Z,2026-02-19T13:00:00+0100,96.6954
2026-02-19T13:00:00Z,2026-02-19T14:00:00+0100,97.0237
2026-02-19T14:00:00Z,2026-02-19T15:00:00+0100,101.0075
2026-02-19T15:00:00Z,2026-02-19T16:00:00+0100,108.374
2026-02-19T16:00:00Z,2026-02-19T17:00:00+0100,124.3477
2026-02-19T17:00:00Z,2026-02-19T18:00:00+0100,127.9338
2026-02-19T18:00:00Z,2026-02-19T19:00:00+0100,115.8494
2026-02-19T19:00:00Z,2026-02-19T20:00:00+0100,102.8539
2026-02-19T20:00:00Z,2026-02-19T21:00:00+0100,96.9115
2026-02-19T21:00:00Z,2026-02-19T22:00:00+0100,96.6774
2026-02-19T22:00:00Z,2026-02-19T23:00:00+0100,93.9648
2026-02-19T23:00:00Z,2026-02-20T00:00:00+0100,94.6184
2026-02-20T00:00:00Z,2026-02-20T01:00:00+0100,91.0641
2026-02-20T01:00:00Z,2026-02-20T02:00:00+0100,92.426
2026-02-20T02:00:00Z,2026-02-20T03:00:00+0100,93.9835
2026-02-20T03:00:00Z,2026-02-20T04:00:00+0100,96.2845
2026-02-20T04:00:00Z,2026-02-20T05:00:00+0100,98.0369
2026-02-20T05:00:00Z,2026-02-20T06:00:00+0100,109.0418
2026-02-20T06:00:00Z,2026-02-20T07:00:00+0100,145.4374
2026-02-20T07:00:00Z,2026-02-20T08:00:00+0100,148.6505
2026-02-20T08:00:00Z,2026-02-20T09:00:00+0100,111.1662
2026-02-20T09:00:00Z,2026-02-20T10:00:00+0100,102.8599
2026-02-20T10:00:00Z,2026-02-20T11:00:00+0100,96.3304
2026-02-20T11:00:00Z,2026-02-20T12:00:00+0100,91.4548
2026-02-20T12:00:00Z,2026-02-20T13:00:00+0100,87.4723
2026-02-20T13:00:00Z,2026-02-20T14:00:00+0100,89.5476
2026-02-20T14:00:00Z,2026-02-20T15:00:00+0100,96.4858
2026-02-20T15:00:00Z,2026-02-20T16:00:00+0100,104.1902
2026-02-20T16:00:00Z,2026-02-20T17:00:00+0100,117.503
2026-02-20T17:00:00Z,2026-02-20T18:00:00+0100,106.1989
2026-02-20T18:00:00Z,2026-02-20T19:00:00+0100,103.574
2026-02-20T19:00:00Z,2026-02-20T20:00:00+0100,92.7057
2026-02-20T20:00:00Z,2026-02-20T21:00:00+0100,76.9025
2026-02-20T21:00:00Z,2026-02-20T22:00:00+0100,67.0698
2026-02-20T22:00:00Z,2026-02-20T23:00:00+0100,42.2161
2026-02-20T23:00:00Z,2026-02-21T00:00:00+0100,46.0567
2026-02-21T00:00:00Z,2026-02-21T01:00:00+0100,43.2435
2026-02-21T01:00:00Z,2026-02-21T02:00:00+0100,33.5292
2026-02-21T02:00:00Z,2026-02-21T03:00:00+0100,30.1537
2026-02-21T03:00:00Z,2026-02-21T04:00:00+0100,28.091
2026-02-21T04:00:00Z,2026-02-21T05:00:00+0100,31.6199
2026-02-21T05:00:00Z,2026-02-21T06:00:00+0100,36.0784
2026-02-21T06:00:00Z,2026-02-21T07:00:00+0100,49.7663
2026-02-21T07:00:00Z,2026-02-21T08:00:00+0100,65.9402
2026-02-21T08:00:00Z,2026-02-21T09:00:00+0100,71.4319
2026-02-21T09:00:00Z,2026-02-21T10:00:00+0100,67.3005
2026-02-21T10:00:00Z,2026-02-21T11:00:00+0100,53.7492
2026-02-21T11:00:00Z,2026-02-21T12:00:00+0100,49.4038
2026-02-21T12:00:00Z,2026-02-21T13:00:00+0100,38.9152
2026-02-21T13:00:00Z,2026-02-21T14:00:00+0100,42.5922
2026-02-21T14:00:00Z,2026-02-21T15:00:00+0100,71.2347
2026-02-21T15:00:00Z,2026-02-21T16:00:00+0100,87.0038
2026-02-21T16:00:00Z,2026-02-21T17:00:00+0100,101.3915
2026-02-21T17:00:00Z,2026-02-21T18:00:00+0100,103.8598
2026-02-21T18:00:00Z,2026-02-21T19:00:00+0100,101.9106
2026-02-21T19:00:00Z,2026-02-21T20:00:00+0100,97.1411
2026-02-21T20:00:00Z,2026-02-21T21:00:00+0100,87.7571
2026-02-21T21:00:00Z,2026-02-21T22:00:00+0100,90.6814
2026-02-21T22:00:00Z,2026-02-21T23:00:00+0100,83.571
2026-02-21T23:00:00Z,2026-02-22T00:00:00+0100,66.7563
2026-02-22T00:00:00Z,2026-02-22T01:00:00+0100,60.9697
2026-02-22T01:00:00Z,2026-02-22T02:00:00+0100,51.9351
2026-02-22T02:00:00Z,2026-02-22T03:00:00+0100,44.3296
2026-02-22T03:00:00Z,2026-02-22T04:00:00+0100,42.1446
2026-02-22T04:00:00Z,2026-02-22T05:00:00+0100,37.0924
2026-02-22T05:00:00Z,2026-02-22T06:00:00+0100,37.8831
2026-02-22T06:00:00Z,2026-02-22T07:00:00+0100,43.6547
2026-02-22T07:00:00Z,2026-02-22T08:00:00+0100,53.876
2026-02-22T08:00:00Z,2026-02-22T09:00:00+0100,63.9906
2026-02-22T09:00:00Z,2026-02-22T10:00:00+0100,53.9158
2026-02-22T10:00:00Z,2026-02-22T11:00:00+0100,47.5839
2026-02-22T11:00:00Z,2026-02-22T12:00:00+0100,37.5655
2026-02-22T12:00:00Z,2026-02-22T13:00:00+0100,25.1554
2026-02-22T13:00:00Z,2026-02-22T14:00:00+0100,23.0751
2026-02-22T14:00:00Z,2026-02-22T15:00:00+0100,35.0292
2026-02-22T15:00:00Z,2026-02-22T16:00:00+0100,41.2613
2026-02-22T16:00:00Z,2026-02-22T17:00:00+0100,65.34
2026-02-22T17:00:00Z,2026-02-22T18:00:00+0100,75.8892
2026-02-22T18:00:00Z,2026-02-22T19:00:00+0100,71.2391
2026-02-22T19:00:00Z,2026-02-22T20:00:00+0100,66.6419
2026-02-22T20:00:00Z,2026-02-22T21:00:00+0100,56.2526
2026-02-22T21:00:00Z,2026-02-22T22:00:00+0100,54.3133
2026-02-22T22:00:00Z,2026-02-22T23:00:00+0100,43.4074
2026-02-22T23:00:00Z,2026-02-23T00:00:00+0100,38.7412
2026-02-23T00:00:00Z,2026-02-23T01:00:00+0100,35.8115
2026-02-23T01:00:00Z,2026-02-23T02:00:00+0100,32.0584
2026-02-23T02:00:00Z,2026-02-23T03:00:00+0100,30.9168
2026-02-23T03:00:00Z,2026-02-23T04:00:00+0100,30.54
2026-02-23T04:00:00Z,2026-02-23T05:00:00+0100,55.6334
2026-02-23T05:00:00Z,2026-02-23T06:00:00+0100,72.78
2026-02-23T06:00:00Z,2026-02-23T07:00:00+0100,87.3772
2026-02-23T07:00:00Z,2026-02-23T08:00:00+0100,83.0282
2026-02-23T08:00:00Z,2026-02-23T09:00:00+0100,72.8564
2026-02-23T09:00:00Z,2026-02-23T10:00:00+0100,56.9196
2026-02-23T10:00:00Z,2026-02-23T11:00:00+0100,28.6181
2026-02-23T11:00:00Z,2026-02-23T12:00:00+0100,15.9243
2026-02-23T12:00:00Z,2026-02-23T13:00:00+0100,13.0265
2026-02-23T13:00:00Z,2026-02-23T14:00:00+0100,11.269
2026-02-23T14:00:00Z,2026-02-23T15:00:00+0100,36.666
2026-02-23T15:00:00Z,2026-02-23T16:00:00+0100,64.7545
2026-02-23T16:00:00Z,2026-02-23T17:00:00+0100,79.6252
2026-02-23T17:00:00Z,2026-02-23T18:00:00+0100,93.6418
2026-02-23T18:00:00Z,2026-02-23T19:00:00+0100,90.1375
2026-02-23T19:00:00Z,2026-02-23T20:00:00+0100,82.5832
2026-02-23T20:00:00Z,2026-02-23T21:00:00+0100,76.1936
2026-02-23T21:00:00Z,2026-02-23T22:00:00+0100,77.6347
2026-02-23T22:00:00Z,2026-02-23T23:00:00+0100,75.2256
2026-02-23T23:00:00Z,2026-02-24T00:00:00+0100,81.104
2026-02-24T00:00:00Z,2026-02-24T01:00:00+0100,79.5258
2026-02-24T01:00:00Z,2026-02-24T02:00:00+0100,79.9837
2026-02-24T02:00:00Z,2026-02-24T03:00:00+0100,87.5651
2026-02-24T03:00:00Z,2026-02-24T04:00:00+0100,89.9614
2026-02-24T04:00:00Z,2026-02-24T05:00:00+0100,99.0256
2026-02-24T05:00:00Z,2026-02-24T06:00:00+0100,114.9732
2026-02-24T06:00:00Z,2026-02-24T07:00:00+0100,137.9545
2026-02-24T07:00:00Z,2026-02-24T08:00:00+0100,144.2718
2026-02-24T08:00:00Z,2026-02-24T09:00:00+0100,136.7867
2026-02-24T09:00:00Z,2026-02-24T10:00:00+0100,128.5258
2026-02-24T10:00:00Z,2026-02-24T11:00:00+0100,118.9486
2026-02-24T11:00:00Z,2026-02-24T12:00:00+0100,108.0295
2026-02-24T12:00:00Z,2026-02-24T13:00:00+0100,108.0514
2026-02-24T13:00:00Z,2026-02-24T14:00:00+0100,102.6819
2026-02-24T14:00:00Z,2026-02-24T15:00:00+0100,109.4886
2026-02-24T15:00:00Z,2026-02-24T16:00:00+0100,121.1375
2026-02-24T16:00:00Z,2026-02-24T17:00:00+0100,157.3725
2026-02-24T17:00:00Z,2026-02-24T18:00:00+0100,176.3131
2026-02-24T18:00:00Z,2026-02-24T19:00:00+0100,154.3689
2026-02-24T19:00:00Z,2026-02-24T20:00:00+0100,130.3954
2026-02-24T20:00:00Z,2026-02-24T21:00:00+0100,121.0937
2026-02-24T21:00:00Z,2026-02-24T22:00:00+0100,112.1433
2026-02-24T22:00:00Z,2026-02-24T23:00:00+0100,99.866
2026-02-24T23:00:00Z,2026-02-25T00:00:00+0100,104.434
2026-02-25T00:00:00Z,2026-02-25T01:00:00+0100,103.8299
2026-02-25T01:00:00Z,2026-02-25T02:00:00+0100,101.0237
2026-02-25T02:00:00Z,2026-02-25T03:00:00+0100,100.0783
2026-02-25T03:00:00Z,2026-02-25T04:00:00+0100,102.4208
2026-02-25T04:00:00Z,2026-02-25T05:00:00+0100,110.7304
2026-02-25T05:00:00Z,2026-02-25T06:00:00+0100,130.4802
2026-02-25T06:00:00Z,2026-02-25T07:00:00+0100,152.5638
2026-02-25T07:00:00Z,2026-02-25T08:00:00+0100,148.3013
2026-02-25T08:00:00Z,2026-02-25T09:00:00+0100,125.3098
2026-02-25T09:00:00Z,2026-02-25T10:00:00+0100,108.0402
2026-02-25T10:00:00Z,2026-02-25T11:00:00+0100,97.7783
2026-02-25T11:00:00Z,2026-02-25T12:00:00+0100,85.3659
2026-02-25T12:00:00Z,2026-02-25T13:00:00+0100,77.5314
2026-02-25T13:00:00Z,2026-02-25T14:00:00+0100,81.1206
2026-02-25T14:00:00Z,2026-02-25T15:00:00+0100,93.0292
2026-02-25T15:00:00Z,2026-02-25T16:00:00+0100,112.4315
2026-02-25T16:00:00Z,2026-02-25T17:00:00+0100,148.9379
2026-02-25T17:00:00Z,2026-02-25T18:00:00+0100,146.384
2026-02-25T18:00:00Z,2026-02-25T19:00:00+0100,126.5801
2026-02-25T19:00:00Z,2026-02-25T20:00:00+0100,110.474
2026-02-25T20:00:00Z,2026-02-25T21:00:00+0100,100.3586
2026-02-25T21:00:00Z,2026-02-25T22:00:00+0100,98.6439
2026-02-25T22:00:00Z,2026-02-25T23:00:00+0100,90.3172
2026-02-25T23:00:00Z,2026-02-26T00:00:00+0100,85.8359
2026-02-26T00:00:00Z,2026-02-26T01:00:00+0100,78.4857
2026-02-26T01:00:00Z,2026-02-26T02:00:00+0100,77.2981
2026-02-26T02:00:00Z,2026-02-26T03:00:00+0100,75.7261
2026-02-26T03:00:00Z,2026-02-26T04:00:00+0100,74.6469
2026-02-26T04:00:00Z,2026-02-26T05:00:00+0100,86.3077
2026-02-26T05:00:00Z,2026-02-26T06:00:00+0100,97.3787
2026-02-26T06:00:00Z,2026-02-26T07:00:00+0100,117.7731
2026-02-26T07:00:00Z,2026-02-26T08:00:00+0100,110.0662
2026-02-26T08:00:00Z,2026-02-26T09:00:00+0100,88.9294
2026-02-26T09:00:00Z,2026-02-26T10:00:00+0100,70.3381
2026-02-26T10:00:00Z,2026-02-26T11:00:00+0100,62.8107
2026-02-26T11:00:00Z,2026-02-26T12:00:00+0100,52.4405
2026-02-26T12:00:00Z,2026-02-26T13:00:00+0100,50.9364
2026-02-26T13:00:00Z,2026-02-26T14:00:00+0100,60.8871
2026-02-26T14:00:00Z,2026-02-26T15:00:00+0100,79.238
2026-02-26T15:00:00Z,2026-02-26T16:00:00+0100,103.4448
2026-02-26T16:00:00Z,2026-02-26T17:00:00+0100,138.2861
2026-02-26T17:00:00Z,2026-02-26T18:00:00+0100,138.404
2026-02-26T18:00:00Z,2026-02-26T19:00:00+0100,123.5561
2026-02-26T19:00:00Z,2026-02-26T20:00:00+0100,101.6743
2026-02-26T20:00:00Z,2026-02-26T21:00:00+0100,91.3433
2026-02-26T21:00:00Z,2026-02-26T22:00:00+0100,88.5432
2026-02-26T22:00:00Z,2026-02-26T23:00:00+0100,78.3081
2026-02-26T23:00:00Z,2026-02-27T00:00:00+0100,68.0758
2026-02-27T00:00:00Z,2026-02-27T01:00:00+0100,65.7867
2026-02-27T01:00:00Z,2026-02-27T02:00:00+0100,66.599
2026-02-27T02:00:00Z,2026-02-27T03:00:00+0100,63.9608
2026-02-27T03:00:00Z,2026-02-27T04:00:00+0100,62.7825
2026-02-27T04:00:00Z,2026-02-27T05:00:00+0100,72.0489
2026-02-27T05:00:00Z,2026-02-27T06:00:00+0100,85.9219
2026-02-27T06:00:00Z,2026-02-27T07:00:00+0100,98.9647
2026-02-27T07:00:00Z,2026-02-27T08:00:00+0100,86.2059
2026-02-27T08:00:00Z,2026-02-27T09:00:00+0100,60.4081
2026-02-27T09:00:00Z,2026-02-27T10:00:00+0100,34.8022
2026-02-27T10:00:00Z,2026-02-27T11:00:00+0100,11.5955
2026-02-27T11:00:00Z,2026-02-27T12:00:00+0100,-7.4423
2026-02-27T12:00:00Z,2026-02-27T13:00:00+0100,-9.5471
2026-02-27T13:00:00Z,2026-02-27T14:00:00+0100,15.3105
2026-02-27T14:00:00Z,2026-02-27T15:00:00+0100,51.7655
2026-02-27T15:00:00Z,2026-02-27T16:00:00+0100,83.6266
2026-02-27T16:00:00Z,2026-02-27T17:00:00+0100,106.6238
2026-02-27T17:00:00Z,2026-02-27T18:00:00+0100,108.2588
2026-02-27T18:00:00Z,2026-02-27T19:00:00+0100,101.2887
2026-02-27T19:00:00Z,2026-02-27T20:00:00+0100,90.9041
2026-02-27T20:00:00Z,2026-02-27T21:00:00+0100,83.5951
2026-02-27T21:00:00Z,2026-02-27T22:00:00+0100,81.3907
2026-02-27T22:00:00Z,2026-02-27T23:00:00+0100,72.2816
2026-02-27T23:00:00Z,2026-02-28T00:00:00+0100,72.4495
2026-02-28T00:00:00Z,2026-02-28T01:00:00+0100,69.2428
2026-02-28T01:00:00Z,2026-02-28T02:00:00+0100,65.1224
2026-02-28T02:00:00Z,2026-02-28T03:00:00+0100,62.9933
2026-02-28T03:00:00Z,2026-02-28T04:00:00+0100,56.6371
2026-02-28T04:00:00Z,2026-02-28T05:00:00+0100,63.4671
2026-02-28T05:00:00Z,2026-02-28T06:00:00+0100,66.7529
2026-02-28T06:00:00Z,2026-02-28T07:00:00+0100,70.5903
2026-02-28T07:00:00Z,2026-02-28T08:00:00+0100,60.6768
2026-02-28T08:00:00Z,2026-02-28T09:00:00+0100,43.2513
2026-02-28T09:00:00Z,2026-02-28T10:00:00+0100,20.3086
2026-02-28T10:00:00Z,2026-02-28T11:00:00+0100,6.8529
2026-02-28T11:00:00Z,2026-02-28T12:00:00+0100,-3.1751
2026-02-28T12:00:00Z,2026-02-28T13:00:00+0100,1.139
2026-02-28T13:00:00Z,2026-02-28T14:00:00+0100,6.4336
2026-02-28T14:00:00Z,2026-02-28T15:00:00+0100,25.1943
2026-02-28T15:00:00Z,2026-02-28T16:00:00+0100,55.7224
2026-02-28T16:00:00Z,2026-02-28T17:00:00+0100,77.9599
2026-02-28T17:00:00Z,2026-02-28T18:00:00+0100,83.6147
2026-02-28T18:00:00Z,2026-02-28T19:00:00+0100,79.4152
2026-02-28T19:00:00Z,2026-02-28T20:00:00+0100,68.3954
2026-02-28T20:00:00Z,2026-02-28T21:00:00+0100,57.3066
2026-02-28T21:00:00Z,2026-02-28T22:00:00+0100,54.6593
2026-02-28T22:00:00Z,2026-02-28T23:00:00+0100,51.5675
2026-02-28T23:00:00Z,2026-03-01T00:00:00+0100,33.5615
2026-03-01T00:00:00Z,2026-03-01T01:00:00+0100,34.7958
2026-03-01T01:00:00Z,2026-03-01T02:00:00+0100,46.8482
2026-03-01T02:00:00Z,2026-03-01T03:00:00+0100,49.9206
2026-03-01T03:00:00Z,2026-03-01T04:00:00+0100,56.3138
2026-03-01T04:00:00Z,2026-03-01T05:00:00+0100,62.6796
2026-03-01T05:00:00Z,2026-03-01T06:00:00+0100,67.1781
2026-03-01T06:00:00Z,2026-03-01T07:00:00+0100,70.1005
2026-03-01T07:00:00Z,2026-03-01T08:00:00+0100,62.352
2026-03-01T08:00:00Z,2026-03-01T09:00:00+0100,53.3266
2026-03-01T09:00:00Z,2026-03-01T10:00:00+0100,42.8626
2026-03-01T10:00:00Z,2026-03-01T11:00:00+0100,32.2514
2026-03-01T11:00:00Z,2026-03-01T12:00:00+0100,21.8711
2026-03-01T12:00:00Z,2026-03-01T13:00:00+0100,20.7666
2026-03-01T13:00:00Z,2026-03-01T14:00:00+0100,28.2133
2026-03-01T14:00:00Z,2026-03-01T15:00:00+0100,43.8122
2026-03-01T15:00:00Z,2026-03-01T16:00:00+0100,73.2825
2026-03-01T16:00:00Z,2026-03-01T17:00:00+0100,108.331
2026-03-01T17:00:00Z,2026-03-01T18:00:00+0100,117.87
2026-03-01T18:00:00Z,2026-03-01T19:00:00+0100,109.783
2026-03-01T19:00:00Z,2026-03-01T20:00:00+0100,89.0229
2026-03-01T20:00:00Z,2026-03-01T21:00:00+0100,83.5417
2026-03-01T21:00:00Z,2026-03-01T22:00:00+0100,81.9807
2026-03-01T22:00:00Z,2026-03-01T23:00:00+0100,75.8342
2026-03-01T23:00:00Z,2026-03-02T00:00:00+0100,63.0632
2026-03-02T00:00:00Z,2026-03-02T01:00:00+0100,59.8658
2026-03-02T01:00:00Z,2026-03-02T02:00:00+0100,62.0681
2026-03-02T02:00:00Z,2026-03-02T03:00:00+0100,63.5529
2026-03-02T03:00:00Z,2026-03-02T04:00:00+0100,70.3397
2026-03-02T04:00:00Z,2026-03-02T05:00:00+0100,81.5224
2026-03-02T05:00:00Z,2026-03-02T06:00:00+0100,102.5838
2026-03-02T06:00:00Z,2026-03-02T07:00:00+0100,123.8241
2026-03-02T07:00:00Z,2026-03-02T08:00:00+0100,106.8148
2026-03-02T08:00:00Z,2026-03-02T09:00:00+0100,86.1601
2026-03-02T09:00:00Z,2026-03-02T10:00:00+0100,67.7141
2026-03-02T10:00:00Z,2026-03-02T11:00:00+0100,47.3158
2026-03-02T11:00:00Z,2026-03-02T12:00:00+0100,18.8734
2026-03-02T12:00:00Z,2026-03-02T13:00:00+0100,13.7927
2026-03-02T13:00:00Z,2026-03-02T14:00:00+0100,41.047
2026-03-02T14:00:00Z,2026-03-02T15:00:00+0100,72.2961
2026-03-02T15:00:00Z,2026-03-02T16:00:00+0100,104.0637
2026-03-02T16:00:00Z,2026-03-02T17:00:00+0100,150.1223
2026-03-02T17:00:00Z,2026-03-02T18:00:00+0100,167.9826
2026-03-02T18:00:00Z,2026-03-02T19:00:00+0100,145.1194
2026-03-02T19:00:00Z,2026-03-02T20:00:00+0100,117.1337
2026-03-02T20:00:00Z,2026-03-02T21:00:00+0100,102.4614
2026-03-02T21:00:00Z,2026-03-02T22:00:00+0100,94.7669
2026-03-02T22:00:00Z,2026-03-02T23:00:00+0100,87.7664
2026-03-02T23:00:00Z,2026-03-03T00:00:00+0100,81.9333
2026-03-03T00:00:00Z,2026-03-03T01:00:00+0100,82.4541
2026-03-03T01:00:00Z,2026-03-03T02:00:00+0100,82.9344
2026-03-03T02:00:00Z,2026-03-03T03:00:00+0100,83.8547
2026-03-03T03:00:00Z,2026-03-03T04:00:00+0100,87.2589
2026-03-03T04:00:00Z,2026-03-03T05:00:00+0100,100.1961
2026-03-03T05:00:00Z,2026-03-03T06:00:00+0100,129.1664
2026-03-03T06:00:00Z,2026-03-03T07:00:00+0100,151.6268
2026-03-03T07:00:00Z,2026-03-03T08:00:00+0100,129.8442
2026-03-03T08:00:00Z,2026-03-03T09:00:00+0100,114.4136
2026-03-03T09:00:00Z,2026-03-03T10:00:00+0100,88.6075
2026-03-03T10:00:00Z,2026-03-03T11:00:00+0100,55.9457
2026-03-03T11:00:00Z,2026-03-03T12:00:00+0100,31.4654
2026-03-03T12:00:00Z,2026-03-03T13:00:00+0100,31.3348
2026-03-03T13:00:00Z,2026-03-03T14:00:00+0100,61.2561
2026-03-03T14:00:00Z,2026-03-03T15:00:00+0100,86.7952
2026-03-03T15:00:00Z,2026-03-03T16:00:00+0100,115.3657
2026-03-03T16:00:00Z,2026-03-03T17:00:00+0100,159.1048
2026-03-03T17:00:00Z,2026-03-03T18:00:00+0100,177.4954
2026-03-03T18:00:00Z,2026-03-03T19:00:00+0100,172.1836
2026-03-03T19:00:00Z,2026-03-03T20:00:00+0100,149.8168
2026-03-03T20:00:00Z,2026-03-03T21:00:00+0100,135.8504
2026-03-03T21:00:00Z,2026-03-03T22:00:00+0100,118.9238
2026-03-03T22:00:00Z,2026-03-03T23:00:00+0100,110.4491
2026-03-03T23:00:00Z,2026-03-04T00:00:00+0100,105.7369
2026-03-04T00:00:00Z,2026-03-04T01:00:00+0100,102.8315
2026-03-04T01:00:00Z,2026-03-04T02:00:00+0100,102.3287
2026-03-04T02:00:00Z,2026-03-04T03:00:00+0100,103.2623
2026-03-04T03:00:00Z,2026-03-04T04:00:00+0100,108.1234
2026-03-04T04:00:00Z,2026-03-04T05:00:00+0100,117.9547
2026-03-04T05:00:00Z,2026-03-04T06:00:00+0100,157.7556
2026-03-04T06:00:00Z,2026-03-04T07:00:00+0100,169.2312
2026-03-04T07:00:00Z,2026-03-04T08:00:00+0100,158.7329
2026-03-04T08:00:00Z,2026-03-04T09:00:00+0100,113.7654
2026-03-04T09:00:00Z,2026-03-04T10:00:00+0100,85.7258
2026-03-04T10:00:00Z,2026-03-04T11:00:00+0100,68.1962
2026-03-04T11:00:00Z,2026-03-04T12:00:00+0100,25.8259
2026-03-04T12:00:00Z,2026-03-04T13:00:00+0100,17.81
2026-03-04T13:00:00Z,2026-03-04T14:00:00+0100,48.8152
2026-03-04T14:00:00Z,2026-03-04T15:00:00+0100,82.382
2026-03-04T15:00:00Z,2026-03-04T16:00:00+0100,116.6147
2026-03-04T16:00:00Z,2026-03-04T17:00:00+0100,170.4195
2026-03-04T17:00:00Z,2026-03-04T18:00:00+0100,198.5438
2026-03-04T18:00:00Z,2026-03-04T19:00:00+0100,166.39
2026-03-04T19:00:00Z,2026-03-04T20:00:00+0100,146.5982
2026-03-04T20:00:00Z,2026-03-04T21:00:00+0100,129.7182
2026-03-04T21:00:00Z,2026-03-04T22:00:00+0100,117.4581
2026-03-04T22:00:00Z,2026-03-04T23:00:00+0100,102.0451
2026-03-04T23:00:00Z,2026-03-05T00:00:00+0100,111.7973
2026-03-05T00:00:00Z,2026-03-05T01:00:00+0100,108.2504
2026-03-05T01:00:00Z,2026-03-05T02:00:00+0100,103.2543
2026-03-05T02:00:00Z,2026-03-05T03:00:00+0100,103.9637
2026-03-05T03:00:00Z,2026-03-05T04:00:00+0100,107.1303
2026-03-05T04:00:00Z,2026-03-05T05:00:00+0100,117.5585
2026-03-05T05:00:00Z,2026-03-05T06:00:00+0100,158.1388
2026-03-05T06:00:00Z,2026-03-05T07:00:00+0100,172.2849
2026-03-05T07:00:00Z,2026-03-05T08:00:00+0100,146.0461
2026-03-05T08:00:00Z,2026-03-05T09:00:00+0100,99.3199
2026-03-05T09:00:00Z,2026-03-05T10:00:00+0100,57.3527
2026-03-05T10:00:00Z,2026-03-05T11:00:00+0100,0.1162
2026-03-05T11:00:00Z,2026-03-05T12:00:00+0100,-15.0351
2026-03-05T12:00:00Z,2026-03-05T13:00:00+0100,-18.249
2026-03-05T13:00:00Z,2026-03-05T14:00:00+0100,-1.687
2026-03-05T14:00:00Z,2026-03-05T15:00:00+0100,67.9709
2026-03-05T15:00:00Z,2026-03-05T16:00:00+0100,107.396
2026-03-05T16:00:00Z,2026-03-05T17:00:00+0100,159.2094
2026-03-05T17:00:00Z,2026-03-05T18:00:00+0100,183.6877
2026-03-05T18:00:00Z,2026-03-05T19:00:00+0100,165.214
2026-03-05T19:00:00Z,2026-03-05T20:00:00+0100,133.3737
2026-03-05T20:00:00Z,2026-03-05T21:00:00+0100,117.2532
2026-03-05T21:00:00Z,2026-03-05T22:00:00+0100,111.9442
2026-03-05T22:00:00Z,2026-03-05T23:00:00+0100,106.1866
2026-03-05T23:00:00Z,2026-03-06T00:00:00+0100,100.3306
2026-03-06T00:00:00Z,2026-03-06T01:00:00+0100,99.4525
2026-03-06T01:00:00Z,2026-03-06T02:00:00+0100,99.5075
2026-03-06T02:00:00Z,2026-03-06T03:00:00+0100,97.1051
2026-03-06T03:00:00Z,2026-03-06T04:00:00+0100,104.02
2026-03-06T04:00:00Z,2026-03-06T05:00:00+0100,119.9891
2026-03-06T05:00:00Z,2026-03-06T06:00:00+0100,157.2154
2026-03-06T06:00:00Z,2026-03-06T07:00:00+0100,170.1436
2026-03-06T07:00:00Z,2026-03-06T08:00:00+0100,141.9999
2026-03-06T08:00:00Z,2026-03-06T09:00:00+0100,96.3954
2026-03-06T09:00:00Z,2026-03-06T10:00:00+0100,61.0609
2026-03-06T10:00:00Z,2026-03-06T11:00:00+0100,17.3762
2026-03-06T11:00:00Z,2026-03-06T12:00:00+0100,8.3628
2026-03-06T12:00:00Z,2026-03-06T13:00:00+0100,9.9493
2026-03-06T13:00:00Z,2026-03-06T14:00:00+0100,25.6151
2026-03-06T14:00:00Z,2026-03-06T15:00:00+0100,77.0048
2026-03-06T15:00:00Z,2026-03-06T16:00:00+0100,117.13
2026-03-06T16:00:00Z,2026-03-06T17:00:00+0100,177.1328
2026-03-06T17:00:00Z,2026-03-06T18:00:00+0100,216.2434
2026-03-06T18:00:00Z,2026-03-06T19:00:00+0100,181.6096
2026-03-06T19:00:00Z,2026-03-06T20:00:00+0100,149.6328
2026-03-06T20:00:00Z,2026-03-06T21:00:00+0100,138.8961
2026-03-06T21:00:00Z,2026-03-06T22:00:00+0100,131.6136
2026-03-06T22:00:00Z,2026-03-06T23:00:00+0100,117.9149
2026-03-06T23:00:00Z,2026-03-07T00:00:00+0100,106.3711
2026-03-07T00:00:00Z,2026-03-07T01:00:00+0100,106.1577
2026-03-07T01:00:00Z,2026-03-07T02:00:00+0100,105.2805
2026-03-07T02:00:00Z,2026-03-07T03:00:00+0100,106.0919
2026-03-07T03:00:00Z,2026-03-07T04:00:00+0100,104.7307
2026-03-07T04:00:00Z,2026-03-07T05:00:00+0100,110.1828
2026-03-07T05:00:00Z,2026-03-07T06:00:00+0100,134.1177
2026-03-07T06:00:00Z,2026-03-07T07:00:00+0100,136.4573
2026-03-07T07:00:00Z,2026-03-07T08:00:00+0100,121.0478
2026-03-07T08:00:00Z,2026-03-07T09:00:00+0100,98.3112
2026-03-07T09:00:00Z,2026-03-07T10:00:00+0100,45.0651
2026-03-07T10:00:00Z,2026-03-07T11:00:00+0100,13.3952
2026-03-07T11:00:00Z,2026-03-07T12:00:00+0100,-4.2093
2026-03-07T12:00:00Z,2026-03-07T13:00:00+0100,-7.3322
2026-03-07T13:00:00Z,2026-03-07T14:00:00+0100,12.9955
2026-03-07T14:00:00Z,2026-03-07T15:00:00+0100,80.1552
2026-03-07T15:00:00Z,2026-03-07T16:00:00+0100,126.9904
2026-03-07T16:00:00Z,2026-03-07T17:00:00+0100,178.9925
2026-03-07T17:00:00Z,2026-03-07T18:00:00+0100,219.7186
2026-03-07T18:00:00Z,2026-03-07T19:00:00+0100,203.7068
2026-03-07T19:00:00Z,2026-03-07T20:00:00+0100,183.1894
2026-03-07T20:00:00Z,2026-03-07T21:00:00+0100,160.2728
2026-03-07T21:00:00Z,2026-03-07T22:00:00+0100,147.4283
2026-03-07T22:00:00Z,2026-03-07T23:00:00+0100,140.0475
2026-03-07T23:00:00Z,2026-03-08T00:00:00+0100,144.6776
2026-03-08T00:00:00Z,2026-03-08T01:00:00+0100,137.9602
2026-03-08T01:00:00Z,2026-03-08T02:00:00+0100,134.8009
2026-03-08T02:00:00Z,2026-03-08T03:00:00+0100,131.938
2026-03-08T03:00:00Z,2026-03-08T04:00:00+0100,131.2374
2026-03-08T04:00:00Z,2026-03-08T05:00:00+0100,138.0788
2026-03-08T05:00:00Z,2026-03-08T06:00:00+0100,149.0983
2026-03-08T06:00:00Z,2026-03-08T07:00:00+0100,143.7411
2026-03-08T07:00:00Z,2026-03-08T08:00:00+0100,122.4655
2026-03-08T08:00:00Z,2026-03-08T09:00:00+0100,88.7109
2026-03-08T09:00:00Z,2026-03-08T10:00:00+0100,41.7659
2026-03-08T10:00:00Z,2026-03-08T11:00:00+0100,-6.4184
2026-03-08T11:00:00Z,2026-03-08T12:00:00+0100,-3.4394
2026-03-08T12:00:00Z,2026-03-08T13:00:00+0100,-20.5073
2026-03-08T13:00:00Z,2026-03-08T14:00:00+0100,-13.0854
2026-03-08T14:00:00Z,2026-03-08T15:00:00+0100,57.0681
2026-03-08T15:00:00Z,2026-03-08T16:00:00+0100,117.3181
2026-03-08T16:00:00Z,2026-03-08T17:00:00+0100,150.8205
2026-03-08T17:00:00Z,2026-03-08T18:00:00+0100,172.7094
2026-03-08T18:00:00Z,2026-03-08T19:00:00+0100,180.0067
2026-03-08T19:00:00Z,2026-03-08T20:00:00+0100,150.4004
2026-03-08T20:00:00Z,2026-03-08T21:00:00+0100,139.9286
2026-03-08T21:00:00Z,2026-03-08T22:00:00+0100,136.635
2026-03-08T22:00:00Z,2026-03-08T23:00:00+0100,129.6318
2026-03-08T23:00:00Z,2026-03-09T00:00:00+0100,121.4823
2026-03-09T00:00:00Z,2026-03-09T01:00:00+0100,115.6999
2026-03-09T01:00:00Z,2026-03-09T02:00:00+0100,120.7458
2026-03-09T02:00:00Z,2026-03-09T03:00:00+0100,122.0093
2026-03-09T03:00:00Z,2026-03-09T04:00:00+0100,125.5968
2026-03-09T04:00:00Z,2026-03-09T05:00:00+0100,136.8123
2026-03-09T05:00:00Z,2026-03-09T06:00:00+0100,177.1757
2026-03-09T06:00:00Z,2026-03-09T07:00:00+0100,186.9888
2026-03-09T07:00:00Z,2026-03-09T08:00:00+0100,164.4938
2026-03-09T08:00:00Z,2026-03-09T09:00:00+0100,119.7718
2026-03-09T09:00:00Z,2026-03-09T10:00:00+0100,71.0556
2026-03-09T10:00:00Z,2026-03-09T11:00:00+0100,26.2927
2026-03-09T11:00:00Z,2026-03-09T12:00:00+0100,17.9061
2026-03-09T12:00:00Z,2026-03-09T13:00:00+0100,21.5296
2026-03-09T13:00:00Z,2026-03-09T14:00:00+0100,59.5033
2026-03-09T14:00:00Z,2026-03-09T15:00:00+0100,110.2762
2026-03-09T15:00:00Z,2026-03-09T16:00:00+0100,162.201
2026-03-09T16:00:00Z,2026-03-09T17:00:00+0100,216.9534
2026-03-09T17:00:00Z,2026-03-09T18:00:00+0100,321.3016
2026-03-09T18:00:00Z,2026-03-09T19:00:00+0100,310.3314
2026-03-09T19:00:00Z,2026-03-09T20:00:00+0100,223.9607
2026-03-09T20:00:00Z,2026-03-09T21:00:00+0100,177.9243
2026-03-09T21:00:00Z,2026-03-09T22:00:00+0100,157.4753
2026-03-09T22:00:00Z,2026-03-09T23:00:00+0100,141.3922
2026-03-09T23:00:00Z,2026-03-10T00:00:00+0100,134.5622
2026-03-10T00:00:00Z,2026-03-10T01:00:00+0100,130.2799
2026-03-10T01:00:00Z,2026-03-10T02:00:00+0100,131.2273
2026-03-10T02:00:00Z,2026-03-10T03:00:00+0100,129.3972
2026-03-10T03:00:00Z,2026-03-10T04:00:00+0100,132.189
2026-03-10T04:00:00Z,2026-03-10T05:00:00+0100,164.0973
2026-03-10T05:00:00Z,2026-03-10T06:00:00+0100,193.2657
2026-03-10T06:00:00Z,2026-03-10T07:00:00+0100,210.4082
2026-03-10T07:00:00Z,2026-03-10T08:00:00+0100,178.4018
2026-03-10T08:00:00Z,2026-03-10T09:00:00+0100,133.2662
2026-03-10T09:00:00Z,2026-03-10T10:00:00+0100,85.6893
2026-03-10T10:00:00Z,2026-03-10T11:00:00+0100,52.7006
2026-03-10T11:00:00Z,2026-03-10T12:00:00+0100,35.5109
2026-03-10T12:00:00Z,2026-03-10T13:00:00+0100,49.1175
2026-03-10T13:00:00Z,2026-03-10T14:00:00+0100,74.2079
2026-03-10T14:00:00Z,2026-03-10T15:00:00+0100,105.9192
2026-03-10T15:00:00Z,2026-03-10T16:00:00+0100,142.4247
2026-03-10T16:00:00Z,2026-03-10T17:00:00+0100,181.2504
2026-03-10T17:00:00Z,2026-03-10T18:00:00+0100,207.7937
2026-03-10T18:00:00Z,2026-03-10T19:00:00+0100,192.6332
2026-03-10T19:00:00Z,2026-03-10T20:00:00+0100,173.0481
2026-03-10T20:00:00Z,2026-03-10T21:00:00+0100,145.6606
2026-03-10T21:00:00Z,2026-03-10T22:00:00+0100,135.8571
2026-03-10T22:00:00Z,2026-03-10T23:00:00+0100,121.4157
2026-03-10T23:00:00Z,2026-03-11T00:00:00+0100,105.2223
2026-03-11T00:00:00Z,2026-03-11T01:00:00+0100,91.6887
2026-03-11T01:00:00Z,2026-03-11T02:00:00+0100,79.0618
2026-03-11T02:00:00Z,2026-03-11T03:00:00+0100,68.6997
2026-03-11T03:00:00Z,2026-03-11T04:00:00+0100,65.5372
2026-03-11T04:00:00Z,2026-03-11T05:00:00+0100,74.502
2026-03-11T05:00:00Z,2026-03-11T06:00:00+0100,92.899
2026-03-11T06:00:00Z,2026-03-11T07:00:00+0100,115.3622
2026-03-11T07:00:00Z,2026-03-11T08:00:00+0100,88.2468
2026-03-11T08:00:00Z,2026-03-11T09:00:00+0100,43.0325
2026-03-11T09:00:00Z,2026-03-11T10:00:00+0100,5.3892
2026-03-11T10:00:00Z,2026-03-11T11:00:00+0100,-0.7744
2026-03-11T11:00:00Z,2026-03-11T12:00:00+0100,-6.2595
2026-03-11T12:00:00Z,2026-03-11T13:00:00+0100,-6.0262
2026-03-11T13:00:00Z,2026-03-11T14:00:00+0100,13.6255
2026-03-11T14:00:00Z,2026-03-11T15:00:00+0100,48.3703
2026-03-11T15:00:00Z,2026-03-11T16:00:00+0100,88.2812
2026-03-11T16:00:00Z,2026-03-11T17:00:00+0100,134.0905
2026-03-11T17:00:00Z,2026-03-11T18:00:00+0100,166.1701
2026-03-11T18:00:00Z,2026-03-11T19:00:00+0100,154.2907
2026-03-11T19:00:00Z,2026-03-11T20:00:00+0100,136.5985
2026-03-11T20:00:00Z,2026-03-11T21:00:00+0100,123.0435
2026-03-11T21:00:00Z,2026-03-11T22:00:00+0100,110.3939
2026-03-11T22:00:00Z,2026-03-11T23:00:00+0100,102.4237
2026-03-11T23:00:00Z,2026-03-12T00:00:00+0100,89.4286
2026-03-12T00:00:00Z,2026-03-12T01:00:00+0100,81.8921
2026-03-12T01:00:00Z,2026-03-12T02:00:00+0100,80.507
2026-03-12T02:00:00Z,2026-03-12T03:00:00+0100,78.8434
2026-03-12T03:00:00Z,2026-03-12T04:00:00+0100,76.793
2026-03-12T04:00:00Z,2026-03-12T05:00:00+0100,95.7479
2026-03-12T05:00:00Z,2026-03-12T06:00:00+0100,132.9203
2026-03-12T06:00:00Z,2026-03-12T07:00:00+0100,141.5559
2026-03-12T07:00:00Z,2026-03-12T08:00:00+0100,120.038
2026-03-12T08:00:00Z,2026-03-12T09:00:00+0100,67.2825
2026-03-12T09:00:00Z,2026-03-12T10:00:00+0100,17.4253
2026-03-12T10:00:00Z,2026-03-12T11:00:00+0100,-6.449
2026-03-12T11:00:00Z,2026-03-12T12:00:00+0100,-25.8638
2026-03-12T12:00:00Z,2026-03-12T13:00:00+0100,-26.9493
2026-03-12T13:00:00Z,2026-03-12T14:00:00+0100,-24.9674
2026-03-12T14:00:00Z,2026-03-12T15:00:00+0100,-10.5558
2026-03-12T15:00:00Z,2026-03-12T16:00:00+0100,31.5589
2026-03-12T16:00:00Z,2026-03-12T17:00:00+0100,87.9937
2026-03-12T17:00:00Z,2026-03-12T18:00:00+0100,109.6223
2026-03-12T18:00:00Z,2026-03-12T19:00:00+0100,97.0834
2026-03-12T19:00:00Z,2026-03-12T20:00:00+0100,76.0711
2026-03-12T20:00:00Z,2026-03-12T21:00:00+0100,59.9127
2026-03-12T21:00:00Z,2026-03-12T22:00:00+0100,39.4512
2026-03-12T22:00:00Z,2026-03-12T23:00:00+0100,11.9325
2026-03-12T23:00:00Z,2026-03-13T00:00:00+0100,6.9738
2026-03-13T00:00:00Z,2026-03-13T01:00:00+0100,2.0788
2026-03-13T01:00:00Z,2026-03-13T02:00:00+0100,1.414
2026-03-13T02:00:00Z,2026-03-13T03:00:00+0100,0.9991
2026-03-13T03:00:00Z,2026-03-13T04:00:00+0100,1.6167
2026-03-13T04:00:00Z,2026-03-13T05:00:00+0100,8.7448
2026-03-13T05:00:00Z,2026-03-13T06:00:00+0100,37.6581
2026-03-13T06:00:00Z,2026-03-13T07:00:00+0100,35.3391
2026-03-13T07:00:00Z,2026-03-13T08:00:00+0100,7.3956
2026-03-13T08:00:00Z,2026-03-13T09:00:00+0100,0.7213
2026-03-13T09:00:00Z,2026-03-13T10:00:00+0100,-16.9905
2026-03-13T10:00:00Z,2026-03-13T11:00:00+0100,-27.4615
2026-03-13T11:00:00Z,2026-03-13T12:00:00+0100,-28.9128
2026-03-13T12:00:00Z,2026-03-13T13:00:00+0100,-26.7757
2026-03-13T13:00:00Z,2026-03-13T14:00:00+0100,-7.8859
2026-03-13T14:00:00Z,2026-03-13T15:00:00+0100,26.0511
2026-03-13T15:00:00Z,2026-03-13T16:00:00+0100,76.125
2026-03-13T16:00:00Z,2026-03-13T17:00:00+0100,135.9549
2026-03-13T17:00:00Z,2026-03-13T18:00:00+0100,161.7851
2026-03-13T18:00:00Z,2026-03-13T19:00:00+0100,169.3925
2026-03-13T19:00:00Z,2026-03-13T20:00:00+0100,151.018
2026-03-13T20:00:00Z,2026-03-13T21:00:00+0100,135.5878
2026-03-13T21:00:00Z,2026-03-13T22:00:00+0100,131.1131
2026-03-13T22:00:00Z,2026-03-13T23:00:00+0100,112.8415
2026-03-13T23:00:00Z,2026-03-14T00:00:00+0100,119.1215
2026-03-14T00:00:00Z,2026-03-14T01:00:00+0100,113.491
2026-03-14T01:00:00Z,2026-03-14T02:00:00+0100,108.063
2026-03-14T02:00:00Z,2026-03-14T03:00:00+0100,108.3127
2026-03-14T03:00:00Z,2026-03-14T04:00:00+0100,111.8569
2026-03-14T04:00:00Z,2026-03-14T05:00:00+0100,111.6578
2026-03-14T05:00:00Z,2026-03-14T06:00:00+0100,117.9445
2026-03-14T06:00:00Z,2026-03-14T07:00:00+0100,129.1932
2026-03-14T07:00:00Z,2026-03-14T08:00:00+0100,127.9404
2026-03-14T08:00:00Z,2026-03-14T09:00:00+0100,121.1984
2026-03-14T09:00:00Z,2026-03-14T10:00:00+0100,109.6331
2026-03-14T10:00:00Z,2026-03-14T11:00:00+0100,104.4873
2026-03-14T11:00:00Z,2026-03-14T12:00:00+0100,105.1001
2026-03-14T12:00:00Z,2026-03-14T13:00:00+0100,98.7088
2026-03-14T13:00:00Z,2026-03-14T14:00:00+0100,103.0627
2026-03-14T14:00:00Z,2026-03-14T15:00:00+0100,104.4808
2026-03-14T15:00:00Z,2026-03-14T16:00:00+0100,128.1305
2026-03-14T16:00:00Z,2026-03-14T17:00:00+0100,161.2083
2026-03-14T17:00:00Z,2026-03-14T18:00:00+0100,191.2563
2026-03-14T18:00:00Z,2026-03-14T19:00:00+0100,189.4038
2026-03-14T19:00:00Z,2026-03-14T20:00:00+0100,167.2481
2026-03-14T20:00:00Z,2026-03-14T21:00:00+0100,153.76
2026-03-14T21:00:00Z,2026-03-14T22:00:00+0100,148.0988
2026-03-14T22:00:00Z,2026-03-14T23:00:00+0100,139.5742
2026-03-14T23:00:00Z,2026-03-15T00:00:00+0100,141.0423
2026-03-15T00:00:00Z,2026-03-15T01:00:00+0100,136.4398
2026-03-15T01:00:00Z,2026-03-15T02:00:00+0100,132.6622
2026-03-15T02:00:00Z,2026-03-15T03:00:00+0100,128.545
2026-03-15T03:00:00Z,2026-03-15T04:00:00+0100,128.7047
2026-03-15T04:00:00Z,2026-03-15T05:00:00+0100,128.545
2026-03-15T05:00:00Z,2026-03-15T06:00:00+0100,132.4192
2026-03-15T06:00:00Z,2026-03-15T07:00:00+0100,135.9005
2026-03-15T07:00:00Z,2026-03-15T08:00:00+0100,135.3626
2026-03-15T08:00:00Z,2026-03-15T09:00:00+0100,123.7395
2026-03-15T09:00:00Z,2026-03-15T10:00:00+0100,116.5098
2026-03-15T10:00:00Z,2026-03-15T11:00:00+0100,110.7413
2026-03-15T11:00:00Z,2026-03-15T12:00:00+0100,97.2055
2026-03-15T12:00:00Z,2026-03-15T13:00:00+0100,75.3345
2026-03-15T13:00:00Z,2026-03-15T14:00:00+0100,75.0419
2026-03-15T14:00:00Z,2026-03-15T15:00:00+0100,92.8653
2026-03-15T15:00:00Z,2026-03-15T16:00:00+0100,119.9056
2026-03-15T16:00:00Z,2026-03-15T17:00:00+0100,144.7675
2026-03-15T17:00:00Z,2026-03-15T18:00:00+0100,165.611
2026-03-15T18:00:00Z,2026-03-15T19:00:00+0100,163.9266
2026-03-15T19:00:00Z,2026-03-15T20:00:00+0100,129.0305
2026-03-15T20:00:00Z,2026-03-15T21:00:00+0100,110.0644
2026-03-15T21:00:00Z,2026-03-15T22:00:00+0100,94.254
2026-03-15T22:00:00Z,2026-03-15T23:00:00+0100,74.824
2026-03-15T23:00:00Z,2026-03-16T00:00:00+0100,42.6703
2026-03-16T00:00:00Z,2026-03-16T01:00:00+0100,18.6443
2026-03-16T01:00:00Z,2026-03-16T02:00:00+0100,7.8377
2026-03-16T02:00:00Z,2026-03-16T03:00:00+0100,5.0794
2026-03-16T03:00:00Z,2026-03-16T04:00:00+0100,5.6033
2026-03-16T04:00:00Z,2026-03-16T05:00:00+0100,46.133
2026-03-16T05:00:00Z,2026-03-16T06:00:00+0100,83.6348
2026-03-16T06:00:00Z,2026-03-16T07:00:00+0100,104.1338
2026-03-16T07:00:00Z,2026-03-16T08:00:00+0100,100.6408
2026-03-16T08:00:00Z,2026-03-16T09:00:00+0100,77.0324
2026-03-16T09:00:00Z,2026-03-16T10:00:00+0100,47.4452
2026-03-16T10:00:00Z,2026-03-16T11:00:00+0100,30.0389
2026-03-16T11:00:00Z,2026-03-16T12:00:00+0100,25.5147
2026-03-16T12:00:00Z,2026-03-16T13:00:00+0100,20.4955
2026-03-16T13:00:00Z,2026-03-16T14:00:00+0100,27.852
2026-03-16T14:00:00Z,2026-03-16T15:00:00+0100,62.5965
2026-03-16T15:00:00Z,2026-03-16T16:00:00+0100,106.7624
2026-03-16T16:00:00Z,2026-03-16T17:00:00+0100,165.3215
2026-03-16T17:00:00Z,2026-03-16T18:00:00+0100,203.8626
2026-03-16T18:00:00Z,2026-03-16T19:00:00+0100,196.68
2026-03-16T19:00:00Z,2026-03-16T20:00:00+0100,176.8314
2026-03-16T20:00:00Z,2026-03-16T21:00:00+0100,152.188
2026-03-16T21:00:00Z,2026-03-16T22:00:00+0100,141.2824
2026-03-16T22:00:00Z,2026-03-16T23:00:00+0100,119.4817
2026-03-16T23:00:00Z,2026-03-17T00:00:00+0100,129.5442
2026-03-17T00:00:00Z,2026-03-17T01:00:00+0100,112.9609
2026-03-17T01:00:00Z,2026-03-17T02:00:00+0100,111.6089
2026-03-17T02:00:00Z,2026-03-17T03:00:00+0100,111.4751
2026-03-17T03:00:00Z,2026-03-17T04:00:00+0100,119.6557
2026-03-17T04:00:00Z,2026-03-17T05:00:00+0100,135.3948
2026-03-17T05:00:00Z,2026-03-17T06:00:00+0100,166.9341
2026-03-17T06:00:00Z,2026-03-17T07:00:00+0100,175.1326
2026-03-17T07:00:00Z,2026-03-17T08:00:00+0100,167.2399
2026-03-17T08:00:00Z,2026-03-17T09:00:00+0100,131.0145
2026-03-17T09:00:00Z,2026-03-17T10:00:00+0100,106.5335
2026-03-17T10:00:00Z,2026-03-17T11:00:00+0100,96.0278
2026-03-17T11:00:00Z,2026-03-17T12:00:00+0100,86.8085
2026-03-17T12:00:00Z,2026-03-17T13:00:00+0100,86.399
2026-03-17T13:00:00Z,2026-03-17T14:00:00+0100,91.7008
2026-03-17T14:00:00Z,2026-03-17T15:00:00+0100,110.2074
2026-03-17T15:00:00Z,2026-03-17T16:00:00+0100,128.4436
2026-03-17T16:00:00Z,2026-03-17T17:00:00+0100,149.7907
2026-03-17T17:00:00Z,2026-03-17T18:00:00+0100,181.5644
2026-03-17T18:00:00Z,2026-03-17T19:00:00+0100,167.8403
2026-03-17T19:00:00Z,2026-03-17T20:00:00+0100,139.8823
2026-03-17T20:00:00Z,2026-03-17T21:00:00+0100,113.1357
2026-03-17T21:00:00Z,2026-03-17T22:00:00+0100,103.3947
2026-03-17T22:00:00Z,2026-03-17T23:00:00+0100,90.9655
2026-03-17T23:00:00Z,2026-03-18T00:00:00+0100,82.3829
2026-03-18T00:00:00Z,2026-03-18T01:00:00+0100,77.2738
2026-03-18T01:00:00Z,2026-03-18T02:00:00+0100,71.503
2026-03-18T02:00:00Z,2026-03-18T03:00:00+0100,71.8187
2026-03-18T03:00:00Z,2026-03-18T04:00:00+0100,73.1754
2026-03-18T04:00:00Z,2026-03-18T05:00:00+0100,88.9079
2026-03-18T05:00:00Z,2026-03-18T06:00:00+0100,109.9616
2026-03-18T06:00:00Z,2026-03-18T07:00:00+0100,119.7223
2026-03-18T07:00:00Z,2026-03-18T08:00:00+0100,94.8544
2026-03-18T08:00:00Z,2026-03-18T09:00:00+0100,44.2503
2026-03-18T09:00:00Z,2026-03-18T10:00:00+0100,0.243
2026-03-18T10:00:00Z,2026-03-18T11:00:00+0100,-14.5332
2026-03-18T11:00:00Z,2026-03-18T12:00:00+0100,-29.0494
2026-03-18T12:00:00Z,2026-03-18T13:00:00+0100,-28.1433
2026-03-18T13:00:00Z,2026-03-18T14:00:00+0100,-10.4783
2026-03-18T14:00:00Z,2026-03-18T15:00:00+0100,32.5215
2026-03-18T15:00:00Z,2026-03-18T16:00:00+0100,86.6015
2026-03-18T16:00:00Z,2026-03-18T17:00:00+0100,130.2097
2026-03-18T17:00:00Z,2026-03-18T18:00:00+0100,168.6003
2026-03-18T18:00:00Z,2026-03-18T19:00:00+0100,153.8318
2026-03-18T19:00:00Z,2026-03-18T20:00:00+0100,131.8554
2026-03-18T20:00:00Z,2026-03-18T21:00:00+0100,111.013
2026-03-18T21:00:00Z,2026-03-18T22:00:00+0100,105.1913
2026-03-18T22:00:00Z,2026-03-18T23:00:00+0100,91.0697
2026-03-18T23:00:00Z,2026-03-19T00:00:00+0100,90.2736
2026-03-19T00:00:00Z,2026-03-19T01:00:00+0100,83.623
2026-03-19T01:00:00Z,2026-03-19T02:00:00+0100,81.9229
2026-03-19T02:00:00Z,2026-03-19T03:00:00+0100,83.194
2026-03-19T03:00:00Z,2026-03-19T04:00:00+0100,90.5871
2026-03-19T04:00:00Z,2026-03-19T05:00:00+0100,103.8855
2026-03-19T05:00:00Z,2026-03-19T06:00:00+0100,134.8641
2026-03-19T06:00:00Z,2026-03-19T07:00:00+0100,150.5536
2026-03-19T07:00:00Z,2026-03-19T08:00:00+0100,124.468
2026-03-19T08:00:00Z,2026-03-19T09:00:00+0100,74.9728
2026-03-19T09:00:00Z,2026-03-19T10:00:00+0100,18.641
2026-03-19T10:00:00Z,2026-03-19T11:00:00+0100,-1.7818
2026-03-19T11:00:00Z,2026-03-19T12:00:00+0100,-7.0262
2026-03-19T12:00:00Z,2026-03-19T13:00:00+0100,-5.0867
2026-03-19T13:00:00Z,2026-03-19T14:00:00+0100,6.1309
2026-03-19T14:00:00Z,2026-03-19T15:00:00+0100,62.9213
2026-03-19T15:00:00Z,2026-03-19T16:00:00+0100,104.1176
2026-03-19T16:00:00Z,2026-03-19T17:00:00+0100,151.8298
2026-03-19T17:00:00Z,2026-03-19T18:00:00+0100,177.7469
2026-03-19T18:00:00Z,2026-03-19T19:00:00+0100,161.3289
2026-03-19T19:00:00Z,2026-03-19T20:00:00+0100,144.7452
2026-03-19T20:00:00Z,2026-03-19T21:00:00+0100,134.6027
2026-03-19T21:00:00Z,2026-03-19T22:00:00+0100,131.1927
2026-03-19T22:00:00Z,2026-03-19T23:00:00+0100,113.7871
2026-03-19T23:00:00Z,2026-03-20T00:00:00+0100,103.5591
2026-03-20T00:00:00Z,2026-03-20T01:00:00+0100,100.3287
2026-03-20T01:00:00Z,2026-03-20T02:00:00+0100,101.5421
2026-03-20T02:00:00Z,2026-03-20T03:00:00+0100,105.3616
2026-03-20T03:00:00Z,2026-03-20T04:00:00+0100,106.8221
2026-03-20T04:00:00Z,2026-03-20T05:00:00+0100,120.2094
2026-03-20T05:00:00Z,2026-03-20T06:00:00+0100,156.5334
2026-03-20T06:00:00Z,2026-03-20T07:00:00+0100,157.35
2026-03-20T07:00:00Z,2026-03-20T08:00:00+0100,140.0647
2026-03-20T08:00:00Z,2026-03-20T09:00:00+0100,100.4195
2026-03-20T09:00:00Z,2026-03-20T10:00:00+0100,63.9469
2026-03-20T10:00:00Z,2026-03-20T11:00:00+0100,35.4002
2026-03-20T11:00:00Z,2026-03-20T12:00:00+0100,22.9866
2026-03-20T12:00:00Z,2026-03-20T13:00:00+0100,31.3851
2026-03-20T13:00:00Z,2026-03-20T14:00:00+0100,46.281
2026-03-20T14:00:00Z,2026-03-20T15:00:00+0100,82.0177
2026-03-20T15:00:00Z,2026-03-20T16:00:00+0100,104.3739
2026-03-20T16:00:00Z,2026-03-20T17:00:00+0100,149.4681
2026-03-20T17:00:00Z,2026-03-20T18:00:00+0100,202.1976
2026-03-20T18:00:00Z,2026-03-20T19:00:00+0100,189.5686
2026-03-20T19:00:00Z,2026-03-20T20:00:00+0100,160.7654
2026-03-20T20:00:00Z,2026-03-20T21:00:00+0100,148.4599
2026-03-20T21:00:00Z,2026-03-20T22:00:00+0100,143.1446
2026-03-20T22:00:00Z,2026-03-20T23:00:00+0100,129.8725
2026-03-20T23:00:00Z,2026-03-21T00:00:00+0100,142.5656
2026-03-21T00:00:00Z,2026-03-21T01:00:00+0100,139.6204
2026-03-21T01:00:00Z,2026-03-21T02:00:00+0100,139.1585
2026-03-21T02:00:00Z,2026-03-21T03:00:00+0100,136.1394
2026-03-21T03:00:00Z,2026-03-21T04:00:00+0100,136.4222
2026-03-21T04:00:00Z,2026-03-21T05:00:00+0100,149.518
2026-03-21T05:00:00Z,2026-03-21T06:00:00+0100,164.8271
2026-03-21T06:00:00Z,2026-03-21T07:00:00+0100,154.8541
2026-03-21T07:00:00Z,2026-03-21T08:00:00+0100,138.789
2026-03-21T08:00:00Z,2026-03-21T09:00:00+0100,111.0371
2026-03-21T09:00:00Z,2026-03-21T10:00:00+0100,72.3551
2026-03-21T10:00:00Z,2026-03-21T11:00:00+0100,50.2239
2026-03-21T11:00:00Z,2026-03-21T12:00:00+0100,44.4027
2026-03-21T12:00:00Z,2026-03-21T13:00:00+0100,39.6067
2026-03-21T13:00:00Z,2026-03-21T14:00:00+0100,60.1373
2026-03-21T14:00:00Z,2026-03-21T15:00:00+0100,81.3676
2026-03-21T15:00:00Z,2026-03-21T16:00:00+0100,106.1081
2026-03-21T16:00:00Z,2026-03-21T17:00:00+0100,130.918
2026-03-21T17:00:00Z,2026-03-21T18:00:00+0100,163.9435
2026-03-21T18:00:00Z,2026-03-21T19:00:00+0100,169.1875
2026-03-21T19:00:00Z,2026-03-21T20:00:00+0100,141.3662
2026-03-21T20:00:00Z,2026-03-21T21:00:00+0100,127.8509
2026-03-21T21:00:00Z,2026-03-21T22:00:00+0100,119.813
2026-03-21T22:00:00Z,2026-03-21T23:00:00+0100,111.9165
2026-03-21T23:00:00Z,2026-03-22T00:00:00+0100,96.6168
2026-03-22T00:00:00Z,2026-03-22T01:00:00+0100,94.3171
2026-03-22T01:00:00Z,2026-03-22T02:00:00+0100,92.8622
2026-03-22T02:00:00Z,2026-03-22T03:00:00+0100,88.3794
2026-03-22T03:00:00Z,2026-03-22T04:00:00+0100,90.8961
2026-03-22T04:00:00Z,2026-03-22T05:00:00+0100,99.4303
2026-03-22T05:00:00Z,2026-03-22T06:00:00+0100,100.053
2026-03-22T06:00:00Z,2026-03-22T07:00:00+0100,87.8762
2026-03-22T07:00:00Z,2026-03-22T08:00:00+0100,64.6967
2026-03-22T08:00:00Z,2026-03-22T09:00:00+0100,9.4045
2026-03-22T09:00:00Z,2026-03-22T10:00:00+0100,-50.0486
2026-03-22T10:00:00Z,2026-03-22T11:00:00+0100,-67.6687
2026-03-22T11:00:00Z,2026-03-22T12:00:00+0100,-79.1547
2026-03-22T12:00:00Z,2026-03-22T13:00:00+0100,-109.2472
2026-03-22T13:00:00Z,2026-03-22T14:00:00+0100,-59.4121
2026-03-22T14:00:00Z,2026-03-22T15:00:00+0100,6.5248
2026-03-22T15:00:00Z,2026-03-22T16:00:00+0100,88.9703
2026-03-22T16:00:00Z,2026-03-22T17:00:00+0100,148.0879
2026-03-22T17:00:00Z,2026-03-22T18:00:00+0100,181.8271
2026-03-22T18:00:00Z,2026-03-22T19:00:00+0100,193.7818
2026-03-22T19:00:00Z,2026-03-22T20:00:00+0100,178.981
2026-03-22T20:00:00Z,2026-03-22T21:00:00+0100,163.0448
2026-03-22T21:00:00Z,2026-03-22T22:00:00+0100,160.1343
2026-03-22T22:00:00Z,2026-03-22T23:00:00+0100,162.2678
2026-03-22T23:00:00Z,2026-03-23T00:00:00+0100,137.7846
2026-03-23T00:00:00Z,2026-03-23T01:00:00+0100,127.3177
2026-03-23T01:00:00Z,2026-03-23T02:00:00+0100,119.9128
2026-03-23T02:00:00Z,2026-03-23T03:00:00+0100,131.5557
2026-03-23T03:00:00Z,2026-03-23T04:00:00+0100,134.6014
2026-03-23T04:00:00Z,2026-03-23T05:00:00+0100,162.0917
2026-03-23T05:00:00Z,2026-03-23T06:00:00+0100,210.0404
2026-03-23T06:00:00Z,2026-03-23T07:00:00+0100,189.3085
2026-03-23T07:00:00Z,2026-03-23T08:00:00+0100,144.857
2026-03-23T08:00:00Z,2026-03-23T09:00:00+0100,79.5994
2026-03-23T09:00:00Z,2026-03-23T10:00:00+0100,9.0611
2026-03-23T10:00:00Z,2026-03-23T11:00:00+0100,-0.6085
2026-03-23T11:00:00Z,2026-03-23T12:00:00+0100,2.7224
2026-03-23T12:00:00Z,2026-03-23T13:00:00+0100,13.7623
2026-03-23T13:00:00Z,2026-03-23T14:00:00+0100,41.5247
2026-03-23T14:00:00Z,2026-03-23T15:00:00+0100,104.5466
2026-03-23T15:00:00Z,2026-03-23T16:00:00+0100,137.9841
2026-03-23T16:00:00Z,2026-03-23T17:00:00+0100,188.4938
2026-03-23T17:00:00Z,2026-03-23T18:00:00+0100,245.0147
2026-03-23T18:00:00Z,2026-03-23T19:00:00+0100,254.1318
2026-03-23T19:00:00Z,2026-03-23T20:00:00+0100,230.5528
2026-03-23T20:00:00Z,2026-03-23T21:00:00+0100,196.5258
2026-03-23T21:00:00Z,2026-03-23T22:00:00+0100,165.6328
2026-03-23T22:00:00Z,2026-03-23T23:00:00+0100,161.0207
2026-03-23T23:00:00Z,2026-03-24T00:00:00+0100,140.6987
2026-03-24T00:00:00Z,2026-03-24T01:00:00+0100,128.6477
2026-03-24T01:00:00Z,2026-03-24T02:00:00+0100,124.7537
2026-03-24T02:00:00Z,2026-03-24T03:00:00+0100,117.3076
2026-03-24T03:00:00Z,2026-03-24T04:00:00+0100,115.4349
2026-03-24T04:00:00Z,2026-03-24T05:00:00+0100,115.6524
2026-03-24T05:00:00Z,2026-03-24T06:00:00+0100,139.3522
2026-03-24T06:00:00Z,2026-03-24T07:00:00+0100,116.6757
2026-03-24T07:00:00Z,2026-03-24T08:00:00+0100,88.3623
2026-03-24T08:00:00Z,2026-03-24T09:00:00+0100,48.0717
2026-03-24T09:00:00Z,2026-03-24T10:00:00+0100,2.9628
2026-03-24T10:00:00Z,2026-03-24T11:00:00+0100,-8.1544
2026-03-24T11:00:00Z,2026-03-24T12:00:00+0100,-14.2189
2026-03-24T12:00:00Z,2026-03-24T13:00:00+0100,-20.8486
2026-03-24T13:00:00Z,2026-03-24T14:00:00+0100,-23.1139
2026-03-24T14:00:00Z,2026-03-24T15:00:00+0100,1.9738
2026-03-24T15:00:00Z,2026-03-24T16:00:00+0100,41.7681
2026-03-24T16:00:00Z,2026-03-24T17:00:00+0100,88.5911
2026-03-24T17:00:00Z,2026-03-24T18:00:00+0100,113.922
2026-03-24T18:00:00Z,2026-03-24T19:00:00+0100,104.3617
2026-03-24T19:00:00Z,2026-03-24T20:00:00+0100,81.2636
2026-03-24T20:00:00Z,2026-03-24T21:00:00+0100,41.997
2026-03-24T21:00:00Z,2026-03-24T22:00:00+0100,4.5616
2026-03-24T22:00:00Z,2026-03-24T23:00:00+0100,-2.281
2026-03-24T23:00:00Z,2026-03-25T00:00:00+0100,-5.3407
2026-03-25T00:00:00Z,2026-03-25T01:00:00+0100,-7.4683
2026-03-25T01:00:00Z,2026-03-25T02:00:00+0100,-7.5372
2026-03-25T02:00:00Z,2026-03-25T03:00:00+0100,-14.0091
2026-03-25T03:00:00Z,2026-03-25T04:00:00+0100,-14.5295
2026-03-25T04:00:00Z,2026-03-25T05:00:00+0100,-16.4299
2026-03-25T05:00:00Z,2026-03-25T06:00:00+0100,0.793
2026-03-25T06:00:00Z,2026-03-25T07:00:00+0100,16.4362
2026-03-25T07:00:00Z,2026-03-25T08:00:00+0100,3.9424
2026-03-25T08:00:00Z,2026-03-25T09:00:00+0100,0.0747
2026-03-25T09:00:00Z,2026-03-25T10:00:00+0100,-9.6352
2026-03-25T10:00:00Z,2026-03-25T11:00:00+0100,-26.9961
2026-03-25T11:00:00Z,2026-03-25T12:00:00+0100,-23.5914
2026-03-25T12:00:00Z,2026-03-25T13:00:00+0100,-26.4136
2026-03-25T13:00:00Z,2026-03-25T14:00:00+0100,-24.2893
2026-03-25T14:00:00Z,2026-03-25T15:00:00+0100,-5.0647
2026-03-25T15:00:00Z,2026-03-25T16:00:00+0100,11.1831
2026-03-25T16:00:00Z,2026-03-25T17:00:00+0100,68.2759
2026-03-25T17:00:00Z,2026-03-25T18:00:00+0100,106.7778
2026-03-25T18:00:00Z,2026-03-25T19:00:00+0100,109.3932
2026-03-25T19:00:00Z,2026-03-25T20:00:00+0100,96.3409
2026-03-25T20:00:00Z,2026-03-25T21:00:00+0100,80.8057
2026-03-25T21:00:00Z,2026-03-25T22:00:00+0100,62.7885
2026-03-25T22:00:00Z,2026-03-25T23:00:00+0100,46.1056
2026-03-25T23:00:00Z,2026-03-26T00:00:00+0100,55.6172
2026-03-26T00:00:00Z,2026-03-26T01:00:00+0100,43.1427
2026-03-26T01:00:00Z,2026-03-26T02:00:00+0100,35.9225
2026-03-26T02:00:00Z,2026-03-26T03:00:00+0100,37.6175
2026-03-26T03:00:00Z,2026-03-26T04:00:00+0100,38.1253
2026-03-26T04:00:00Z,2026-03-26T05:00:00+0100,57.9291
2026-03-26T05:00:00Z,2026-03-26T06:00:00+0100,80.5451
2026-03-26T06:00:00Z,2026-03-26T07:00:00+0100,96.2439
2026-03-26T07:00:00Z,2026-03-26T08:00:00+0100,73.2519
2026-03-26T08:00:00Z,2026-03-26T09:00:00+0100,33.0423
2026-03-26T09:00:00Z,2026-03-26T10:00:00+0100,9.0596
2026-03-26T10:00:00Z,2026-03-26T11:00:00+0100,-3.2265
2026-03-26T11:00:00Z,2026-03-26T12:00:00+0100,-32.8629
2026-03-26T12:00:00Z,2026-03-26T13:00:00+0100,-28.2653
2026-03-26T13:00:00Z,2026-03-26T14:00:00+0100,-17.6969
2026-03-26T14:00:00Z,2026-03-26T15:00:00+0100,-0.743
2026-03-26T15:00:00Z,2026-03-26T16:00:00+0100,24.0643
2026-03-26T16:00:00Z,2026-03-26T17:00:00+0100,90.9961
2026-03-26T17:00:00Z,2026-03-26T18:00:00+0100,134.3278
2026-03-26T18:00:00Z,2026-03-26T19:00:00+0100,154.525
2026-03-26T19:00:00Z,2026-03-26T20:00:00+0100,138.3057
2026-03-26T20:00:00Z,2026-03-26T21:00:00+0100,124.1977
2026-03-26T21:00:00Z,2026-03-26T22:00:00+0100,117.016
2026-03-26T22:00:00Z,2026-03-26T23:00:00+0100,107.5263
2026-03-26T23:00:00Z,2026-03-27T00:00:00+0100,122.3289
2026-03-27T00:00:00Z,2026-03-27T01:00:00+0100,126.4699
2026-03-27T01:00:00Z,2026-03-27T02:00:00+0100,130.656
2026-03-27T02:00:00Z,2026-03-27T03:00:00+0100,135.3051
2026-03-27T03:00:00Z,2026-03-27T04:00:00+0100,139.7901
2026-03-27T04:00:00Z,2026-03-27T05:00:00+0100,154.6413
2026-03-27T05:00:00Z,2026-03-27T06:00:00+0100,185.9663
2026-03-27T06:00:00Z,2026-03-27T07:00:00+0100,186.8765
2026-03-27T07:00:00Z,2026-03-27T08:00:00+0100,149.5676
2026-03-27T08:00:00Z,2026-03-27T09:00:00+0100,101.553
2026-03-27T09:00:00Z,2026-03-27T10:00:00+0100,41.9932
2026-03-27T10:00:00Z,2026-03-27T11:00:00+0100,8.5461
2026-03-27T11:00:00Z,2026-03-27T12:00:00+0100,5.5971
2026-03-27T12:00:00Z,2026-03-27T13:00:00+0100,6.9095
2026-03-27T13:00:00Z,2026-03-27T14:00:00+0100,30.3201
2026-03-27T14:00:00Z,2026-03-27T15:00:00+0100,60.7302
2026-03-27T15:00:00Z,2026-03-27T16:00:00+0100,103.4727
2026-03-27T16:00:00Z,2026-03-27T17:00:00+0100,150.6447
2026-03-27T17:00:00Z,2026-03-27T18:00:00+0100,177.727
2026-03-27T18:00:00Z,2026-03-27T19:00:00+0100,182.5518
2026-03-27T19:00:00Z,2026-03-27T20:00:00+0100,153.0989
2026-03-27T20:00:00Z,2026-03-27T21:00:00+0100,138.0118
2026-03-27T21:00:00Z,2026-03-27T22:00:00+0100,126.0339
2026-03-27T22:00:00Z,2026-03-27T23:00:00+0100,112.8771
2026-03-27T23:00:00Z,2026-03-28T00:00:00+0100,113.2169
2026-03-28T00:00:00Z,2026-03-28T01:00:00+0100,103.5997
2026-03-28T01:00:00Z,2026-03-28T02:00:00+0100,98.6156
2026-03-28T02:00:00Z,2026-03-28T03:00:00+0100,95.5381
2026-03-28T03:00:00Z,2026-03-28T04:00:00+0100,92.8889
2026-03-28T04:00:00Z,2026-03-28T05:00:00+0100,97.119
2026-03-28T05:00:00Z,2026-03-28T06:00:00+0100,98.1787
2026-03-28T06:00:00Z,2026-03-28T07:00:00+0100,99.1564
2026-03-28T07:00:00Z,2026-03-28T08:00:00+0100,90.6886
2026-03-28T08:00:00Z,2026-03-28T09:00:00+0100,76.0442
2026-03-28T09:00:00Z,2026-03-28T10:00:00+0100,58.6216
2026-03-28T10:00:00Z,2026-03-28T11:00:00+0100,44.8648
2026-03-28T11:00:00Z,2026-03-28T12:00:00+0100,43.0487
2026-03-28T12:00:00Z,2026-03-28T13:00:00+0100,40.9446
2026-03-28T13:00:00Z,2026-03-28T14:00:00+0100,60.3383
2026-03-28T14:00:00Z,2026-03-28T15:00:00+0100,82.1486
2026-03-28T15:00:00Z,2026-03-28T16:00:00+0100,103.5859
2026-03-28T16:00:00Z,2026-03-28T17:00:00+0100,138.385
2026-03-28T17:00:00Z,2026-03-28T18:00:00+0100,170.7333
2026-03-28T18:00:00Z,2026-03-28T19:00:00+0100,166.9314
2026-03-28T19:00:00Z,2026-03-28T20:00:00+0100,150.1432
2026-03-28T20:00:00Z,2026-03-28T21:00:00+0100,127.3789
2026-03-28T21:00:00Z,2026-03-28T22:00:00+0100,119.0024
2026-03-28T22:00:00Z,2026-03-28T23:00:00+0100,98.7462
2026-03-28T23:00:00Z,2026-03-29T00:00:00+0100,93.7687
2026-03-29T00:00:00Z,2026-03-29T01:00:00+0100,87.169
2026-03-29T01:00:00Z,2026-03-29T03:00:00+0200,83.7026
2026-03-29T02:00:00Z,2026-03-29T04:00:00+0200,82.3729
2026-03-29T03:00:00Z,2026-03-29T05:00:00+0200,88.16
2026-03-29T04:00:00Z,2026-03-29T06:00:00+0200,92.9968
2026-03-29T05:00:00Z,2026-03-29T07:00:00+0200,103.4081
2026-03-29T06:00:00Z,2026-03-29T08:00:00+0200,99.6922
2026-03-29T07:00:00Z,2026-03-29T09:00:00+0200,86.1948
2026-03-29T08:00:00Z,2026-03-29T10:00:00+0200,65.5262
2026-03-29T09:00:00Z,2026-03-29T11:00:00+0200,36.2283
2026-03-29T10:00:00Z,2026-03-29T12:00:00+0200,7.3133
2026-03-29T11:00:00Z,2026-03-29T13:00:00+0200,-11.0373
2026-03-29T12:00:00Z,2026-03-29T14:00:00+0200,-28.1246
2026-03-29T13:00:00Z,2026-03-29T15:00:00+0200,-28.7356
2026-03-29T14:00:00Z,2026-03-29T16:00:00+0200,-10.4081
2026-03-29T15:00:00Z,2026-03-29T17:00:00+0200,35.8731
2026-03-29T16:00:00Z,2026-03-29T18:00:00+0200,98.3356
2026-03-29T17:00:00Z,2026-03-29T19:00:00+0200,123.1627
2026-03-29T18:00:00Z,2026-03-29T20:00:00+0200,108.1406
2026-03-29T19:00:00Z,2026-03-29T21:00:00+0200,81.3919
2026-03-29T20:00:00Z,2026-03-29T22:00:00+0200,58.053
2026-03-29T21:00:00Z,2026-03-29T23:00:00+0200,22.41
2026-03-29T22:00:00Z,2026-03-30T00:00:00+0200,8.4095
2026-03-29T23:00:00Z,2026-03-30T01:00:00+0200,5.0593
2026-03-30T00:00:00Z,2026-03-30T02:00:00+0200,1.8065
2026-03-30T01:00:00Z,2026-03-30T03:00:00+0200,-1.8948
2026-03-30T02:00:00Z,2026-03-30T04:00:00+0200,-3.8304
2026-03-30T03:00:00Z,2026-03-30T05:00:00+0200,1.7422
2026-03-30T04:00:00Z,2026-03-30T06:00:00+0200,50.3106
2026-03-30T05:00:00Z,2026-03-30T07:00:00+0200,81.4603
2026-03-30T06:00:00Z,2026-03-30T08:00:00+0200,97.1793
2026-03-30T07:00:00Z,2026-03-30T09:00:00+0200,94.1317
2026-03-30T08:00:00Z,2026-03-30T10:00:00+0200,68.6568
2026-03-30T09:00:00Z,2026-03-30T11:00:00+0200,48.1169
2026-03-30T10:00:00Z,2026-03-30T12:00:00+0200,17.6278
2026-03-30T11:00:00Z,2026-03-30T13:00:00+0200,10.239
2026-03-30T12:00:00Z,2026-03-30T14:00:00+0200,2.5919
2026-03-30T13:00:00Z,2026-03-30T15:00:00+0200,-0.5256
2026-03-30T14:00:00Z,2026-03-30T16:00:00+0200,25.09
2026-03-30T15:00:00Z,2026-03-30T17:00:00+0200,68.7774
2026-03-30T16:00:00Z,2026-03-30T18:00:00+0200,103.4593
2026-03-30T17:00:00Z,2026-03-30T19:00:00+0200,131.8017
2026-03-30T18:00:00Z,2026-03-30T20:00:00+0200,125.0684
2026-03-30T19:00:00Z,2026-03-30T21:00:00+0200,116.0306
2026-03-30T20:00:00Z,2026-03-30T22:00:00+0200,106.1147
2026-03-30T21:00:00Z,2026-03-30T23:00:00+0200,91.7273
2026-03-30T22:00:00Z,2026-03-31T00:00:00+0200,81.6171
2026-03-30T23:00:00Z,2026-03-31T01:00:00+0200,74.0584
2026-03-31T00:00:00Z,2026-03-31T02:00:00+0200,67.892
2026-03-31T01:00:00Z,2026-03-31T03:00:00+0200,64.7145
2026-03-31T02:00:00Z,2026-03-31T04:00:00+0200,59.4864
2026-03-31T03:00:00Z,2026-03-31T05:00:00+0200,70.1503
2026-03-31T04:00:00Z,2026-03-31T06:00:00+0200,94.8345
2026-03-31T05:00:00Z,2026-03-31T07:00:00+0200,116.4056
2026-03-31T06:00:00Z,2026-03-31T08:00:00+0200,115.8918
2026-03-31T07:00:00Z,2026-03-31T09:00:00+0200,96.0691
2026-03-31T08:00:00Z,2026-03-31T10:00:00+0200,65.8457
2026-03-31T09:00:00Z,2026-03-31T11:00:00+0200,43.9109
2026-03-31T10:00:00Z,2026-03-31T12:00:00+0200,20.8636
2026-03-31T11:00:00Z,2026-03-31T13:00:00+0200,9.9222
2026-03-31T12:00:00Z,2026-03-31T14:00:00+0200,4.2619
2026-03-31T13:00:00Z,2026-03-31T15:00:00+0200,8.2167
2026-03-31T14:00:00Z,2026-03-31T16:00:00+0200,29.9452
2026-03-31T15:00:00Z,2026-03-31T17:00:00+0200,70.1005
2026-03-31T16:00:00Z,2026-03-31T18:00:00+0200,104.4128
2026-03-31T17:00:00Z,2026-03-31T19:00:00+0200,132.2703
2026-03-31T18:00:00Z,2026-03-31T20:00:00+0200,131.8533
2026-03-31T19:00:00Z,2026-03-31T21:00:00+0200,116.0543
2026-03-31T20:00:00Z,2026-03-31T22:00:00+0200,113.7587
2026-03-31T21:00:00Z,2026-03-31T23:00:00+0200,103.6107
2026-03-31T22:00:00Z,2026-04-01T00:00:00+0200,105.5642
2026-03-31T23:00:00Z,2026-04-01T01:00:00+0200,99.9947
2026-04-01T00:00:00Z,2026-04-01T02:00:00+0200,100.2611
2026-04-01T01:00:00Z,2026-04-01T03:00:00+0200,101.5837
2026-04-01T02:00:00Z,2026-04-01T04:00:00+0200,108.8452
2026-04-01T03:00:00Z,2026-04-01T05:00:00+0200,119.8005
2026-04-01T04:00:00Z,2026-04-01T06:00:00+0200,164.3745
2026-04-01T05:00:00Z,2026-04-01T07:00:00+0200,189.6185
2026-04-01T06:00:00Z,2026-04-01T08:00:00+0200,166.026
2026-04-01T07:00:00Z,2026-04-01T09:00:00+0200,144.6705
2026-04-01T08:00:00Z,2026-04-01T10:00:00+0200,99.1606
2026-04-01T09:00:00Z,2026-04-01T11:00:00+0200,81.611
2026-04-01T10:00:00Z,2026-04-01T12:00:00+0200,64.1593
2026-04-01T11:00:00Z,2026-04-01T13:00:00+0200,40.9765
2026-04-01T12:00:00Z,2026-04-01T14:00:00+0200,17.8419
2026-04-01T13:00:00Z,2026-04-01T15:00:00+0200,39.0532
2026-04-01T14:00:00Z,2026-04-01T16:00:00+0200,70.4887
2026-04-01T15:00:00Z,2026-04-01T17:00:00+0200,100.01
2026-04-01T16:00:00Z,2026-04-01T18:00:00+0200,154.3316
2026-04-01T17:00:00Z,2026-04-01T19:00:00+0200,182.6389
2026-04-01T18:00:00Z,2026-04-01T20:00:00+0200,184.5012
2026-04-01T19:00:00Z,2026-04-01T21:00:00+0200,147.1494
2026-04-01T20:00:00Z,2026-04-01T22:00:00+0200,142.0266
2026-04-01T21:00:00Z,2026-04-01T23:00:00+0200,124.5012
2026-04-01T22:00:00Z,2026-04-02T00:00:00+0200,126.7204
2026-04-01T23:00:00Z,2026-04-02T01:00:00+0200,113.2373
2026-04-02T00:00:00Z,2026-04-02T02:00:00+0200,110.5193
2026-04-02T01:00:00Z,2026-04-02T03:00:00+0200,109.305
2026-04-02T02:00:00Z,2026-04-02T04:00:00+0200,114.1311
2026-04-02T03:00:00Z,2026-04-02T05:00:00+0200,124.0422
2026-04-02T04:00:00Z,2026-04-02T06:00:00+0200,152.4539
2026-04-02T05:00:00Z,2026-04-02T07:00:00+0200,170.5005
2026-04-02T06:00:00Z,2026-04-02T08:00:00+0200,158.4657
2026-04-02T07:00:00Z,2026-04-02T09:00:00+0200,124.6668
2026-04-02T08:00:00Z,2026-04-02T10:00:00+0200,90.1105
2026-04-02T09:00:00Z,2026-04-02T11:00:00+0200,49.5887
2026-04-02T10:00:00Z,2026-04-02T12:00:00+0200,24.3128
2026-04-02T11:00:00Z,2026-04-02T13:00:00+0200,21.6216
2026-04-02T12:00:00Z,2026-04-02T14:00:00+0200,31.0414
2026-04-02T13:00:00Z,2026-04-02T15:00:00+0200,57.6887
2026-04-02T14:00:00Z,2026-04-02T16:00:00+0200,87.546
2026-04-02T15:00:00Z,2026-04-02T17:00:00+0200,123.3171
2026-04-02T16:00:00Z,2026-04-02T18:00:00+0200,154.3816
2026-04-02T17:00:00Z,2026-04-02T19:00:00+0200,181.6614
2026-04-02T18:00:00Z,2026-04-02T20:00:00+0200,173.4294
2026-04-02T19:00:00Z,2026-04-02T21:00:00+0200,160.2657
2026-04-02T20:00:00Z,2026-04-02T22:00:00+0200,143.8006
2026-04-02T21:00:00Z,2026-04-02T23:00:00+0200,129.9218
2026-04-02T22:00:00Z,2026-04-03T00:00:00+0200,129.7758
2026-04-02T23:00:00Z,2026-04-03T01:00:00+0200,121.8149
2026-04-03T00:00:00Z,2026-04-03T02:00:00+0200,114.6501
2026-04-03T01:00:00Z,2026-04-03T03:00:00+0200,112.6411
2026-04-03T02:00:00Z,2026-04-03T04:00:00+0200,115.7735
2026-04-03T03:00:00Z,2026-04-03T05:00:00+0200,122.4149
2026-04-03T04:00:00Z,2026-04-03T06:00:00+0200,134.8394
2026-04-03T05:00:00Z,2026-04-03T07:00:00+0200,152.9472
2026-04-03T06:00:00Z,2026-04-03T08:00:00+0200,141.718
2026-04-03T07:00:00Z,2026-04-03T09:00:00+0200,117.2433
2026-04-03T08:00:00Z,2026-04-03T10:00:00+0200,76.2241
2026-04-03T09:00:00Z,2026-04-03T11:00:00+0200,29.5638
2026-04-03T10:00:00Z,2026-04-03T12:00:00+0200,13.7463
2026-04-03T11:00:00Z,2026-04-03T13:00:00+0200,-1.0516
2026-04-03T12:00:00Z,2026-04-03T14:00:00+0200,-8.2788
2026-04-03T13:00:00Z,2026-04-03T15:00:00+0200,-4.9441
2026-04-03T14:00:00Z,2026-04-03T16:00:00+0200,-1.5228
2026-04-03T15:00:00Z,2026-04-03T17:00:00+0200,31.6154
2026-04-03T16:00:00Z,2026-04-03T18:00:00+0200,84.9049
2026-04-03T17:00:00Z,2026-04-03T19:00:00+0200,102.4204
2026-04-03T18:00:00Z,2026-04-03T20:00:00+0200,92.3513
2026-04-03T19:00:00Z,2026-04-03T21:00:00+0200,68.4901
2026-04-03T20:00:00Z,2026-04-03T22:00:00+0200,50.7381
2026-04-03T21:00:00Z,2026-04-03T23:00:00+0200,22.186
2026-04-03T22:00:00Z,2026-04-04T00:00:00+0200,5.9462
2026-04-03T23:00:00Z,2026-04-04T01:00:00+0200,4.1908
2026-04-04T00:00:00Z,2026-04-04T02:00:00+0200,3.3577
2026-04-04T01:00:00Z,2026-04-04T03:00:00+0200,-1.563
2026-04-04T02:00:00Z,2026-04-04T04:00:00+0200,1.7405
2026-04-04T03:00:00Z,2026-04-04T05:00:00+0200,2.9233
2026-04-04T04:00:00Z,2026-04-04T06:00:00+0200,0.4057
2026-04-04T05:00:00Z,2026-04-04T07:00:00+0200,3.6036
2026-04-04T06:00:00Z,2026-04-04T08:00:00+0200,32.6986
2026-04-04T07:00:00Z,2026-04-04T09:00:00+0200,14.5952
2026-04-04T08:00:00Z,2026-04-04T10:00:00+0200,-3.2493
2026-04-04T09:00:00Z,2026-04-04T11:00:00+0200,2.6291
2026-04-04T10:00:00Z,2026-04-04T12:00:00+0200,-0.6434
2026-04-04T11:00:00Z,2026-04-04T13:00:00+0200,-6.3177
2026-04-04T12:00:00Z,2026-04-04T14:00:00+0200,-3.6948
2026-04-04T13:00:00Z,2026-04-04T15:00:00+0200,0.0856
2026-04-04T14:00:00Z,2026-04-04T16:00:00+0200,18.0795
2026-04-04T15:00:00Z,2026-04-04T17:00:00+0200,62.965
2026-04-04T16:00:00Z,2026-04-04T18:00:00+0200,121.9145
2026-04-04T17:00:00Z,2026-04-04T19:00:00+0200,164.6905
2026-04-04T18:00:00Z,2026-04-04T20:00:00+0200,154.6896
2026-04-04T19:00:00Z,2026-04-04T21:00:00+0200,121.8563
2026-04-04T20:00:00Z,2026-04-04T22:00:00+0200,93.0883
2026-04-04T21:00:00Z,2026-04-04T23:00:00+0200,64.4389
2026-04-04T22:00:00Z,2026-04-05T00:00:00+0200,4.5556
2026-04-04T23:00:00Z,2026-04-05T01:00:00+0200,-6.4547
2026-04-05T00:00:00Z,2026-04-05T02:00:00+0200,-13.8056
2026-04-05T01:00:00Z,2026-04-05T03:00:00+0200,-19.626
2026-04-05T02:00:00Z,2026-04-05T04:00:00+0200,-10.834
2026-04-05T03:00:00Z,2026-04-05T05:00:00+0200,-13.0702
2026-04-05T04:00:00Z,2026-04-05T06:00:00+0200,-12.1185
2026-04-05T05:00:00Z,2026-04-05T07:00:00+0200,-6.157
2026-04-05T06:00:00Z,2026-04-05T08:00:00+0200,-24.4486
2026-04-05T07:00:00Z,2026-04-05T09:00:00+0200,-54.1406
2026-04-05T08:00:00Z,2026-04-05T10:00:00+0200,-79.1902
2026-04-05T09:00:00Z,2026-04-05T11:00:00+0200,-76.0489
2026-04-05T10:00:00Z,2026-04-05T12:00:00+0200,-81.7116
2026-04-05T11:00:00Z,2026-04-05T13:00:00+0200,-93.5783
2026-04-05T12:00:00Z,2026-04-05T14:00:00+0200,-106.317
2026-04-05T13:00:00Z,2026-04-05T15:00:00+0200,-104.0316
2026-04-05T14:00:00Z,2026-04-05T16:00:00+0200,-72.2007
2026-04-05T15:00:00Z,2026-04-05T17:00:00+0200,-1.0492
2026-04-05T16:00:00Z,2026-04-05T18:00:00+0200,-0.3161
2026-04-05T17:00:00Z,2026-04-05T19:00:00+0200,13.0391
2026-04-05T18:00:00Z,2026-04-05T20:00:00+0200,28.7498
2026-04-05T19:00:00Z,2026-04-05T21:00:00+0200,19.7501
2026-04-05T20:00:00Z,2026-04-05T22:00:00+0200,16.3083
2026-04-05T21:00:00Z,2026-04-05T23:00:00+0200,1.9973
2026-04-05T22:00:00Z,2026-04-06T00:00:00+0200,10.9991
2026-04-05T23:00:00Z,2026-04-06T01:00:00+0200,7.1341
2026-04-06T00:00:00Z,2026-04-06T02:00:00+0200,2.5573
2026-04-06T01:00:00Z,2026-04-06T03:00:00+0200,3.2611
2026-04-06T02:00:00Z,2026-04-06T04:00:00+0200,2.3833
2026-04-06T03:00:00Z,2026-04-06T05:00:00+0200,7.8675
2026-04-06T04:00:00Z,2026-04-06T06:00:00+0200,17.6723
2026-04-06T05:00:00Z,2026-04-06T07:00:00+0200,19.7699
2026-04-06T06:00:00Z,2026-04-06T08:00:00+0200,11.9871
2026-04-06T07:00:00Z,2026-04-06T09:00:00+0200,-4.3712
2026-04-06T08:00:00Z,2026-04-06T10:00:00+0200,-36.5585
2026-04-06T09:00:00Z,2026-04-06T11:00:00+0200,-47.6643
2026-04-06T10:00:00Z,2026-04-06T12:00:00+0200,-77.1063
2026-04-06T11:00:00Z,2026-04-06T13:00:00+0200,-93.3825
2026-04-06T12:00:00Z,2026-04-06T14:00:00+0200,-106.6115
2026-04-06T13:00:00Z,2026-04-06T15:00:00+0200,-93.2574
2026-04-06T14:00:00Z,2026-04-06T16:00:00+0200,-46.3425
2026-04-06T15:00:00Z,2026-04-06T17:00:00+0200,-15.3837
2026-04-06T16:00:00Z,2026-04-06T18:00:00+0200,49.842
2026-04-06T17:00:00Z,2026-04-06T19:00:00+0200,106.7895
2026-04-06T18:00:00Z,2026-04-06T20:00:00+0200,118.4848
2026-04-06T19:00:00Z,2026-04-06T21:00:00+0200,115.157
2026-04-06T20:00:00Z,2026-04-06T22:00:00+0200,111.0681
2026-04-06T21:00:00Z,2026-04-06T23:00:00+0200,99.2627
2026-04-06T22:00:00Z,2026-04-07T00:00:00+0200,100.7304
2026-04-06T23:00:00Z,2026-04-07T01:00:00+0200,96.2378
2026-04-07T00:00:00Z,2026-04-07T02:00:00+0200,95.54
2026-04-07T01:00:00Z,2026-04-07T03:00:00+0200,95.726
2026-04-07T02:00:00Z,2026-04-07T04:00:00+0200,100.9213
2026-04-07T03:00:00Z,2026-04-07T05:00:00+0200,113.1579
2026-04-07T04:00:00Z,2026-04-07T06:00:00+0200,139.0289
2026-04-07T05:00:00Z,2026-04-07T07:00:00+0200,149.3182
2026-04-07T06:00:00Z,2026-04-07T08:00:00+0200,132.3914
2026-04-07T07:00:00Z,2026-04-07T09:00:00+0200,89.8004
2026-04-07T08:00:00Z,2026-04-07T10:00:00+0200,22.4145
2026-04-07T09:00:00Z,2026-04-07T11:00:00+0200,-12.9398
2026-04-07T10:00:00Z,2026-04-07T12:00:00+0200,-41.8087
2026-04-07T11:00:00Z,2026-04-07T13:00:00+0200,-64.5715
2026-04-07T12:00:00Z,2026-04-07T14:00:00+0200,-62.1763
2026-04-07T13:00:00Z,2026-04-07T15:00:00+0200,-35.3725
2026-04-07T14:00:00Z,2026-04-07T16:00:00+0200,10.3954
2026-04-07T15:00:00Z,2026-04-07T17:00:00+0200,80.2582
2026-04-07T16:00:00Z,2026-04-07T18:00:00+0200,126.2014
2026-04-07T17:00:00Z,2026-04-07T19:00:00+0200,160.5194
2026-04-07T18:00:00Z,2026-04-07T20:00:00+0200,160.0503
2026-04-07T19:00:00Z,2026-04-07T21:00:00+0200,138.0102
2026-04-07T20:00:00Z,2026-04-07T22:00:00+0200,127.2157
2026-04-07T21:00:00Z,2026-04-07T23:00:00+0200,111.1122
2026-04-07T22:00:00Z,2026-04-08T00:00:00+0200,102.4797
2026-04-07T23:00:00Z,2026-04-08T01:00:00+0200,98.3034
2026-04-08T00:00:00Z,2026-04-08T02:00:00+0200,96.6267
2026-04-08T01:00:00Z,2026-04-08T03:00:00+0200,96.4271
2026-04-08T02:00:00Z,2026-04-08T04:00:00+0200,102.1871
2026-04-08T03:00:00Z,2026-04-08T05:00:00+0200,113.214
2026-04-08T04:00:00Z,2026-04-08T06:00:00+0200,135.2621
2026-04-08T05:00:00Z,2026-04-08T07:00:00+0200,160.1558
2026-04-08T06:00:00Z,2026-04-08T08:00:00+0200,119.8323
2026-04-08T07:00:00Z,2026-04-08T09:00:00+0200,94.4536
2026-04-08T08:00:00Z,2026-04-08T10:00:00+0200,15.0353
2026-04-08T09:00:00Z,2026-04-08T11:00:00+0200,-9.4919
2026-04-08T10:00:00Z,2026-04-08T12:00:00+0200,-36.981
2026-04-08T11:00:00Z,2026-04-08T13:00:00+0200,-57.3476
2026-04-08T12:00:00Z,2026-04-08T14:00:00+0200,-63.2346
2026-04-08T13:00:00Z,2026-04-08T15:00:00+0200,-28.4075
2026-04-08T14:00:00Z,2026-04-08T16:00:00+0200,12.0187
2026-04-08T15:00:00Z,2026-04-08T17:00:00+0200,82.0052
2026-04-08T16:00:00Z,2026-04-08T18:00:00+0200,117.4109
2026-04-08T17:00:00Z,2026-04-08T19:00:00+0200,139.0673
2026-04-08T18:00:00Z,2026-04-08T20:00:00+0200,131.4093
2026-04-08T19:00:00Z,2026-04-08T21:00:00+0200,118.8314
2026-04-08T20:00:00Z,2026-04-08T22:00:00+0200,101.5778
2026-04-08T21:00:00Z,2026-04-08T23:00:00+0200,94.573
2026-04-08T22:00:00Z,2026-04-09T00:00:00+0200,89.1045
2026-04-08T23:00:00Z,2026-04-09T01:00:00+0200,78.7698
2026-04-09T00:00:00Z,2026-04-09T02:00:00+0200,79.396
2026-04-09T01:00:00Z,2026-04-09T03:00:00+0200,79.099
2026-04-09T02:00:00Z,2026-04-09T04:00:00+0200,89.8864
2026-04-09T03:00:00Z,2026-04-09T05:00:00+0200,107.7305
2026-04-09T04:00:00Z,2026-04-09T06:00:00+0200,129.7808
2026-04-09T05:00:00Z,2026-04-09T07:00:00+0200,141.4327
2026-04-09T06:00:00Z,2026-04-09T08:00:00+0200,125.6055
2026-04-09T07:00:00Z,2026-04-09T09:00:00+0200,92.6388
2026-04-09T08:00:00Z,2026-04-09T10:00:00+0200,53.1835
2026-04-09T09:00:00Z,2026-04-09T11:00:00+0200,16.8313
2026-04-09T10:00:00Z,2026-04-09T12:00:00+0200,-11.6432
2026-04-09T11:00:00Z,2026-04-09T13:00:00+0200,-21.0605
2026-04-09T12:00:00Z,2026-04-09T14:00:00+0200,-27.9286
2026-04-09T13:00:00Z,2026-04-09T15:00:00+0200,-7.1982
2026-04-09T14:00:00Z,2026-04-09T16:00:00+0200,22.8518
2026-04-09T15:00:00Z,2026-04-09T17:00:00+0200,85.0007
2026-04-09T16:00:00Z,2026-04-09T18:00:00+0200,113.5676
2026-04-09T17:00:00Z,2026-04-09T19:00:00+0200,130.6755
2026-04-09T18:00:00Z,2026-04-09T20:00:00+0200,130.9717
2026-04-09T19:00:00Z,2026-04-09T21:00:00+0200,106.0285
2026-04-09T20:00:00Z,2026-04-09T22:00:00+0200,95.929
2026-04-09T21:00:00Z,2026-04-09T23:00:00+0200,79.208
2026-04-09T22:00:00Z,2026-04-10T00:00:00+0200,71.0226
2026-04-09T23:00:00Z,2026-04-10T01:00:00+0200,63.5337
2026-04-10T00:00:00Z,2026-04-10T02:00:00+0200,58.7439
2026-04-10T01:00:00Z,2026-04-10T03:00:00+0200,55.565
2026-04-10T02:00:00Z,2026-04-10T04:00:00+0200,58.9634
2026-04-10T03:00:00Z,2026-04-10T05:00:00+0200,72.2462
2026-04-10T04:00:00Z,2026-04-10T06:00:00+0200,89.3534
2026-04-10T05:00:00Z,2026-04-10T07:00:00+0200,106.392
2026-04-10T06:00:00Z,2026-04-10T08:00:00+0200,116.6446
2026-04-10T07:00:00Z,2026-04-10T09:00:00+0200,104.2405
2026-04-10T08:00:00Z,2026-04-10T10:00:00+0200,93.0206
2026-04-10T09:00:00Z,2026-04-10T11:00:00+0200,84.3908
2026-04-10T10:00:00Z,2026-04-10T12:00:00+0200,71.0466
2026-04-10T11:00:00Z,2026-04-10T13:00:00+0200,59.925
2026-04-10T12:00:00Z,2026-04-10T14:00:00+0200,55.0347
2026-04-10T13:00:00Z,2026-04-10T15:00:00+0200,55.6596
2026-04-10T14:00:00Z,2026-04-10T16:00:00+0200,78.2775
2026-04-10T15:00:00Z,2026-04-10T17:00:00+0200,94.9338
2026-04-10T16:00:00Z,2026-04-10T18:00:00+0200,121.7804
2026-04-10T17:00:00Z,2026-04-10T19:00:00+0200,181.5086
2026-04-10T18:00:00Z,2026-04-10T20:00:00+0200,181.3563
2026-04-10T19:00:00Z,2026-04-10T21:00:00+0200,149.2385
2026-04-10T20:00:00Z,2026-04-10T22:00:00+0200,128.0166
2026-04-10T21:00:00Z,2026-04-10T23:00:00+0200,132.5072
2026-04-10T22:00:00Z,2026-04-11T00:00:00+0200,114.4935
2026-04-10T23:00:00Z,2026-04-11T01:00:00+0200,108.8336
2026-04-11T00:00:00Z,2026-04-11T02:00:00+0200,104.1052
2026-04-11T01:00:00Z,2026-04-11T03:00:00+0200,103.3456
2026-04-11T02:00:00Z,2026-04-11T04:00:00+0200,94.2266
2026-04-11T03:00:00Z,2026-04-11T05:00:00+0200,97.6843
2026-04-11T04:00:00Z,2026-04-11T06:00:00+0200,99.3066
2026-04-11T05:00:00Z,2026-04-11T07:00:00+0200,87.1437
2026-04-11T06:00:00Z,2026-04-11T08:00:00+0200,60.5029
2026-04-11T07:00:00Z,2026-04-11T09:00:00+0200,30.2878
2026-04-11T08:00:00Z,2026-04-11T10:00:00+0200,-7.7092
2026-04-11T09:00:00Z,2026-04-11T11:00:00+0200,-31.3373
2026-04-11T10:00:00Z,2026-04-11T12:00:00+0200,-43.4879
2026-04-11T11:00:00Z,2026-04-11T13:00:00+0200,-55.0093
2026-04-11T12:00:00Z,2026-04-11T14:00:00+0200,-66.0353
2026-04-11T13:00:00Z,2026-04-11T15:00:00+0200,-42.8711
2026-04-11T14:00:00Z,2026-04-11T16:00:00+0200,-16.1939
2026-04-11T15:00:00Z,2026-04-11T17:00:00+0200,-1.4206
2026-04-11T16:00:00Z,2026-04-11T18:00:00+0200,51.102
2026-04-11T17:00:00Z,2026-04-11T19:00:00+0200,53.7769
2026-04-11T18:00:00Z,2026-04-11T20:00:00+0200,49.3444
2026-04-11T19:00:00Z,2026-04-11T21:00:00+0200,45.5517
2026-04-11T20:00:00Z,2026-04-11T22:00:00+0200,53.4386
2026-04-11T21:00:00Z,2026-04-11T23:00:00+0200,52.2851
2026-04-11T22:00:00Z,2026-04-12T00:00:00+0200,59.1842
2026-04-11T23:00:00Z,2026-04-12T01:00:00+0200,60.919
2026-04-12T00:00:00Z,2026-04-12T02:00:00+0200,54.8083
2026-04-12T01:00:00Z,2026-04-12T03:00:00+0200,53.843
2026-04-12T02:00:00Z,2026-04-12T04:00:00+0200,62.7249
2026-04-12T03:00:00Z,2026-04-12T05:00:00+0200,73.8385
2026-04-12T04:00:00Z,2026-04-12T06:00:00+0200,91.1003
2026-04-12T05:00:00Z,2026-04-12T07:00:00+0200,90.5764
2026-04-12T06:00:00Z,2026-04-12T08:00:00+0200,89.2278
2026-04-12T07:00:00Z,2026-04-12T09:00:00+0200,89.0829
2026-04-12T08:00:00Z,2026-04-12T10:00:00+0200,75.4067
2026-04-12T09:00:00Z,2026-04-12T11:00:00+0200,60.7421
2026-04-12T10:00:00Z,2026-04-12T12:00:00+0200,45.9369
2026-04-12T11:00:00Z,2026-04-12T13:00:00+0200,38.6737
2026-04-12T12:00:00Z,2026-04-12T14:00:00+0200,30.4629
2026-04-12T13:00:00Z,2026-04-12T15:00:00+0200,54.7485
2026-04-12T14:00:00Z,2026-04-12T16:00:00+0200,80.1875
2026-04-12T15:00:00Z,2026-04-12T17:00:00+0200,99.3187
2026-04-12T16:00:00Z,2026-04-12T18:00:00+0200,145.7952
2026-04-12T17:00:00Z,2026-04-12T19:00:00+0200,174.9566
2026-04-12T18:00:00Z,2026-04-12T20:00:00+0200,175.5313
2026-04-12T19:00:00Z,2026-04-12T21:00:00+0200,150.6871
2026-04-12T20:00:00Z,2026-04-12T22:00:00+0200,130.4174
2026-04-12T21:00:00Z,2026-04-12T23:00:00+0200,111.9792
2026-04-12T22:00:00Z,2026-04-13T00:00:00+0200,108.8107
2026-04-12T23:00:00Z,2026-04-13T01:00:00+0200,106.69
2026-04-13T00:00:00Z,2026-04-13T02:00:00+0200,99.0856
2026-04-13T01:00:00Z,2026-04-13T03:00:00+0200,100.9925
2026-04-13T02:00:00Z,2026-04-13T04:00:00+0200,103.2716
2026-04-13T03:00:00Z,2026-04-13T05:00:00+0200,111.3411
2026-04-13T04:00:00Z,2026-04-13T06:00:00+0200,144.9738
2026-04-13T05:00:00Z,2026-04-13T07:00:00+0200,167.0268
2026-04-13T06:00:00Z,2026-04-13T08:00:00+0200,161.1939
2026-04-13T07:00:00Z,2026-04-13T09:00:00+0200,126.9849
2026-04-13T08:00:00Z,2026-04-13T10:00:00+0200,112.7691
2026-04-13T09:00:00Z,2026-04-13T11:00:00+0200,96.987
2026-04-13T10:00:00Z,2026-04-13T12:00:00+0200,90.713
2026-04-13T11:00:00Z,2026-04-13T13:00:00+0200,87.3231
2026-04-13T12:00:00Z,2026-04-13T14:00:00+0200,86.1261
2026-04-13T13:00:00Z,2026-04-13T15:00:00+0200,90.2318
2026-04-13T14:00:00Z,2026-04-13T16:00:00+0200,93.3729
2026-04-13T15:00:00Z,2026-04-13T17:00:00+0200,112.823
2026-04-13T16:00:00Z,2026-04-13T18:00:00+0200,148.1323
2026-04-13T17:00:00Z,2026-04-13T19:00:00+0200,163.4425
2026-04-13T18:00:00Z,2026-04-13T20:00:00+0200,154.147
2026-04-13T19:00:00Z,2026-04-13T21:00:00+0200,133.8242
2026-04-13T20:00:00Z,2026-04-13T22:00:00+0200,125.0891
2026-04-13T21:00:00Z,2026-04-13T23:00:00+0200,113.2513
2026-04-13T22:00:00Z,2026-04-14T00:00:00+0200,113.4826
2026-04-13T23:00:00Z,2026-04-14T01:00:00+0200,107.3448
2026-04-14T00:00:00Z,2026-04-14T02:00:00+0200,105.158
2026-04-14T01:00:00Z,2026-04-14T03:00:00+0200,103.4788
2026-04-14T02:00:00Z,2026-04-14T04:00:00+0200,105.0691
2026-04-14T03:00:00Z,2026-04-14T05:00:00+0200,115.0586
2026-04-14T04:00:00Z,2026-04-14T06:00:00+0200,140.0459
2026-04-14T05:00:00Z,2026-04-14T07:00:00+0200,164.8674
2026-04-14T06:00:00Z,2026-04-14T08:00:00+0200,174.8349
2026-04-14T07:00:00Z,2026-04-14T09:00:00+0200,153.9002
2026-04-14T08:00:00Z,2026-04-14T10:00:00+0200,122.311
2026-04-14T09:00:00Z,2026-04-14T11:00:00+0200,105.4278
2026-04-14T10:00:00Z,2026-04-14T12:00:00+0200,88.3322
2026-04-14T11:00:00Z,2026-04-14T13:00:00+0200,80.4621
2026-04-14T12:00:00Z,2026-04-14T14:00:00+0200,81.4551
2026-04-14T13:00:00Z,2026-04-14T15:00:00+0200,81.4825
2026-04-14T14:00:00Z,2026-04-14T16:00:00+0200,97.3663
2026-04-14T15:00:00Z,2026-04-14T17:00:00+0200,108.5924
2026-04-14T16:00:00Z,2026-04-14T18:00:00+0200,143.4692
2026-04-14T17:00:00Z,2026-04-14T19:00:00+0200,183.752
2026-04-14T18:00:00Z,2026-04-14T20:00:00+0200,191.1587
2026-04-14T19:00:00Z,2026-04-14T21:00:00+0200,155.9649
2026-04-14T20:00:00Z,2026-04-14T22:00:00+0200,139.0157
2026-04-14T21:00:00Z,2026-04-14T23:00:00+0200,118.641
2026-04-14T22:00:00Z,2026-04-15T00:00:00+0200,113.1267
2026-04-14T23:00:00Z,2026-04-15T01:00:00+0200,104.5114
2026-04-15T00:00:00Z,2026-04-15T02:00:00+0200,103.2997
2026-04-15T01:00:00Z,2026-04-15T03:00:00+0200,100.9146
2026-04-15T02:00:00Z,2026-04-15T04:00:00+0200,102.7998
2026-04-15T03:00:00Z,2026-04-15T05:00:00+0200,112.6171
2026-04-15T04:00:00Z,2026-04-15T06:00:00+0200,146.2301
2026-04-15T05:00:00Z,2026-04-15T07:00:00+0200,152.8593
2026-04-15T06:00:00Z,2026-04-15T08:00:00+0200,148.125
2026-04-15T07:00:00Z,2026-04-15T09:00:00+0200,129.4726
2026-04-15T08:00:00Z,2026-04-15T10:00:00+0200,93.3025
2026-04-15T09:00:00Z,2026-04-15T11:00:00+0200,65.7
2026-04-15T10:00:00Z,2026-04-15T12:00:00+0200,39.9136
2026-04-15T11:00:00Z,2026-04-15T13:00:00+0200,42.5544
2026-04-15T12:00:00Z,2026-04-15T14:00:00+0200,56.2312
2026-04-15T13:00:00Z,2026-04-15T15:00:00+0200,97.4171
2026-04-15T14:00:00Z,2026-04-15T16:00:00+0200,122.5781
2026-04-15T15:00:00Z,2026-04-15T17:00:00+0200,135.2884
2026-04-15T16:00:00Z,2026-04-15T18:00:00+0200,165.1165
2026-04-15T17:00:00Z,2026-04-15T19:00:00+0200,212.0482
2026-04-15T18:00:00Z,2026-04-15T20:00:00+0200,222.5817
2026-04-15T19:00:00Z,2026-04-15T21:00:00+0200,172.7209
2026-04-15T20:00:00Z,2026-04-15T22:00:00+0200,147.4009
2026-04-15T21:00:00Z,2026-04-15T23:00:00+0200,135.6138
2026-04-15T22:00:00Z,2026-04-16T00:00:00+0200,128.4831
2026-04-15T23:00:00Z,2026-04-16T01:00:00+0200,122.1928
2026-04-16T00:00:00Z,2026-04-16T02:00:00+0200,117.5208
2026-04-16T01:00:00Z,2026-04-16T03:00:00+0200,114.9005
2026-04-16T02:00:00Z,2026-04-16T04:00:00+0200,115.9256
2026-04-16T03:00:00Z,2026-04-16T05:00:00+0200,127.0706
2026-04-16T04:00:00Z,2026-04-16T06:00:00+0200,149.1542
2026-04-16T05:00:00Z,2026-04-16T07:00:00+0200,167.8819
2026-04-16T06:00:00Z,2026-04-16T08:00:00+0200,166.4841
2026-04-16T07:00:00Z,2026-04-16T09:00:00+0200,139.5615
2026-04-16T08:00:00Z,2026-04-16T10:00:00+0200,107.141
2026-04-16T09:00:00Z,2026-04-16T11:00:00+0200,69.7559
2026-04-16T10:00:00Z,2026-04-16T12:00:00+0200,35.4232
2026-04-16T11:00:00Z,2026-04-16T13:00:00+0200,22.0988
2026-04-16T12:00:00Z,2026-04-16T14:00:00+0200,37.3453
2026-04-16T13:00:00Z,2026-04-16T15:00:00+0200,62.9922
2026-04-16T14:00:00Z,2026-04-16T16:00:00+0200,91.2278
2026-04-16T15:00:00Z,2026-04-16T17:00:00+0200,130.3162
2026-04-16T16:00:00Z,2026-04-16T18:00:00+0200,170.4859
2026-04-16T17:00:00Z,2026-04-16T19:00:00+0200,196.9423
2026-04-16T18:00:00Z,2026-04-16T20:00:00+0200,219.564
2026-04-16T19:00:00Z,2026-04-16T21:00:00+0200,199.608
2026-04-16T20:00:00Z,2026-04-16T22:00:00+0200,165.8525
2026-04-16T21:00:00Z,2026-04-16T23:00:00+0200,156.3216
2026-04-16T22:00:00Z,2026-04-17T00:00:00+0200,151.2692
2026-04-16T23:00:00Z,2026-04-17T01:00:00+0200,145.3407
2026-04-17T00:00:00Z,2026-04-17T02:00:00+0200,138.9298
2026-04-17T01:00:00Z,2026-04-17T03:00:00+0200,136.9697
2026-04-17T02:00:00Z,2026-04-17T04:00:00+0200,134.8086
2026-04-17T03:00:00Z,2026-04-17T05:00:00+0200,145.5128
2026-04-17T04:00:00Z,2026-04-17T06:00:00+0200,189.9395
2026-04-17T05:00:00Z,2026-04-17T07:00:00+0200,180.8731
2026-04-17T06:00:00Z,2026-04-17T08:00:00+0200,163.1657
2026-04-17T07:00:00Z,2026-04-17T09:00:00+0200,126.7403
2026-04-17T08:00:00Z,2026-04-17T10:00:00+0200,83.9359
2026-04-17T09:00:00Z,2026-04-17T11:00:00+0200,33.1328
2026-04-17T10:00:00Z,2026-04-17T12:00:00+0200,25.9274
2026-04-17T11:00:00Z,2026-04-17T13:00:00+0200,13.6546
2026-04-17T12:00:00Z,2026-04-17T14:00:00+0200,25.557
2026-04-17T13:00:00Z,2026-04-17T15:00:00+0200,54.921
2026-04-17T14:00:00Z,2026-04-17T16:00:00+0200,101.4824
2026-04-17T15:00:00Z,2026-04-17T17:00:00+0200,127.5828
2026-04-17T16:00:00Z,2026-04-17T18:00:00+0200,172.2241
2026-04-17T17:00:00Z,2026-04-17T19:00:00+0200,221.0344
2026-04-17T18:00:00Z,2026-04-17T20:00:00+0200,224.4877
2026-04-17T19:00:00Z,2026-04-17T21:00:00+0200,171.6503
2026-04-17T20:00:00Z,2026-04-17T22:00:00+0200,155.0623
2026-04-17T21:00:00Z,2026-04-17T23:00:00+0200,139.0367
2026-04-17T22:00:00Z,2026-04-18T00:00:00+0200,140.2426
2026-04-17T23:00:00Z,2026-04-18T01:00:00+0200,133.3032
2026-04-18T00:00:00Z,2026-04-18T02:00:00+0200,126.5414
2026-04-18T01:00:00Z,2026-04-18T03:00:00+0200,123.6639
2026-04-18T02:00:00Z,2026-04-18T04:00:00+0200,125.3935
2026-04-18T03:00:00Z,2026-04-18T05:00:00+0200,134.9438
2026-04-18T04:00:00Z,2026-04-18T06:00:00+0200,140.1369
2026-04-18T05:00:00Z,2026-04-18T07:00:00+0200,136.3725
2026-04-18T06:00:00Z,2026-04-18T08:00:00+0200,121.4567
2026-04-18T07:00:00Z,2026-04-18T09:00:00+0200,87.2459
2026-04-18T08:00:00Z,2026-04-18T10:00:00+0200,44.7628
2026-04-18T09:00:00Z,2026-04-18T11:00:00+0200,13.5427
2026-04-18T10:00:00Z,2026-04-18T12:00:00+0200,4.4305
2026-04-18T11:00:00Z,2026-04-18T13:00:00+0200,-3.9538
2026-04-18T12:00:00Z,2026-04-18T14:00:00+0200,-4.6267
2026-04-18T13:00:00Z,2026-04-18T15:00:00+0200,14.7288
2026-04-18T14:00:00Z,2026-04-18T16:00:00+0200,56.2294
2026-04-18T15:00:00Z,2026-04-18T17:00:00+0200,103.4963
2026-04-18T16:00:00Z,2026-04-18T18:00:00+0200,137.9851
2026-04-18T17:00:00Z,2026-04-18T19:00:00+0200,176.0523
2026-04-18T18:00:00Z,2026-04-18T20:00:00+0200,191.529
2026-04-18T19:00:00Z,2026-04-18T21:00:00+0200,178.4445
2026-04-18T20:00:00Z,2026-04-18T22:00:00+0200,154.8599
2026-04-18T21:00:00Z,2026-04-18T23:00:00+0200,137.1266
2026-04-18T22:00:00Z,2026-04-19T00:00:00+0200,143.6721
2026-04-18T23:00:00Z,2026-04-19T01:00:00+0200,133.7716
2026-04-19T00:00:00Z,2026-04-19T02:00:00+0200,128.0468
2026-04-19T01:00:00Z,2026-04-19T03:00:00+0200,125.1154
2026-04-19T02:00:00Z,2026-04-19T04:00:00+0200,123.1657
2026-04-19T03:00:00Z,2026-04-19T05:00:00+0200,123.8093
2026-04-19T04:00:00Z,2026-04-19T06:00:00+0200,127.9783
2026-04-19T05:00:00Z,2026-04-19T07:00:00+0200,125.5075
2026-04-19T06:00:00Z,2026-04-19T08:00:00+0200,117.2291
2026-04-19T07:00:00Z,2026-04-19T09:00:00+0200,103.687
2026-04-19T08:00:00Z,2026-04-19T10:00:00+0200,87.9339
2026-04-19T09:00:00Z,2026-04-19T11:00:00+0200,73.2669
2026-04-19T10:00:00Z,2026-04-19T12:00:00+0200,37.7143
2026-04-19T11:00:00Z,2026-04-19T13:00:00+0200,13.9684
2026-04-19T12:00:00Z,2026-04-19T14:00:00+0200,-0.1843
2026-04-19T13:00:00Z,2026-04-19T15:00:00+0200,-3.3157
2026-04-19T14:00:00Z,2026-04-19T16:00:00+0200,3.5971
2026-04-19T15:00:00Z,2026-04-19T17:00:00+0200,48.2864
2026-04-19T16:00:00Z,2026-04-19T18:00:00+0200,94.6231
2026-04-19T17:00:00Z,2026-04-19T19:00:00+0200,125.9711
2026-04-19T18:00:00Z,2026-04-19T20:00:00+0200,132.7827
2026-04-19T19:00:00Z,2026-04-19T21:00:00+0200,130.4642
2026-04-19T20:00:00Z,2026-04-19T22:00:00+0200,123.1659
2026-04-19T21:00:00Z,2026-04-19T23:00:00+0200,113.3999
2026-04-19T22:00:00Z,2026-04-20T00:00:00+0200,95.3824
2026-04-19T23:00:00Z,2026-04-20T01:00:00+0200,89.8138
2026-04-20T00:00:00Z,2026-04-20T02:00:00+0200,89.4412
2026-04-20T01:00:00Z,2026-04-20T03:00:00+0200,86.3873
2026-04-20T02:00:00Z,2026-04-20T04:00:00+0200,89.4414
2026-04-20T03:00:00Z,2026-04-20T05:00:00+0200,102.2177
2026-04-20T04:00:00Z,2026-04-20T06:00:00+0200,129.2679
2026-04-20T05:00:00Z,2026-04-20T07:00:00+0200,146.6048
2026-04-20T06:00:00Z,2026-04-20T08:00:00+0200,136.646
2026-04-20T07:00:00Z,2026-04-20T09:00:00+0200,120.0037
2026-04-20T08:00:00Z,2026-04-20T10:00:00+0200,88.4343
2026-04-20T09:00:00Z,2026-04-20T11:00:00+0200,76.3631
2026-04-20T10:00:00Z,2026-04-20T12:00:00+0200,54.7159
2026-04-20T11:00:00Z,2026-04-20T13:00:00+0200,38.6029
2026-04-20T12:00:00Z,2026-04-20T14:00:00+0200,34.709
2026-04-20T13:00:00Z,2026-04-20T15:00:00+0200,37.3244
2026-04-20T14:00:00Z,2026-04-20T16:00:00+0200,70.9659
2026-04-20T15:00:00Z,2026-04-20T17:00:00+0200,96.7086
2026-04-20T16:00:00Z,2026-04-20T18:00:00+0200,121.5343
2026-04-20T17:00:00Z,2026-04-20T19:00:00+0200,142.1715
2026-04-20T18:00:00Z,2026-04-20T20:00:00+0200,143.2645
2026-04-20T19:00:00Z,2026-04-20T21:00:00+0200,129.203
2026-04-20T20:00:00Z,2026-04-20T22:00:00+0200,124.8387
2026-04-20T21:00:00Z,2026-04-20T23:00:00+0200,103.0446
2026-04-20T22:00:00Z,2026-04-21T00:00:00+0200,95.1099
2026-04-20T23:00:00Z,2026-04-21T01:00:00+0200,95.0209
2026-04-21T00:00:00Z,2026-04-21T02:00:00+0200,94.4162
2026-04-21T01:00:00Z,2026-04-21T03:00:00+0200,96.3417
2026-04-21T02:00:00Z,2026-04-21T04:00:00+0200,99.228
2026-04-21T03:00:00Z,2026-04-21T05:00:00+0200,109.9028
2026-04-21T04:00:00Z,2026-04-21T06:00:00+0200,130.0602
2026-04-21T05:00:00Z,2026-04-21T07:00:00+0200,143.7094
2026-04-21T06:00:00Z,2026-04-21T08:00:00+0200,140.1026
2026-04-21T07:00:00Z,2026-04-21T09:00:00+0200,108.316
2026-04-21T08:00:00Z,2026-04-21T10:00:00+0200,68.8864
2026-04-21T09:00:00Z,2026-04-21T11:00:00+0200,37.8092
2026-04-21T10:00:00Z,2026-04-21T12:00:00+0200,14.0803
2026-04-21T11:00:00Z,2026-04-21T13:00:00+0200,5.4804
2026-04-21T12:00:00Z,2026-04-21T14:00:00+0200,9.6932
2026-04-21T13:00:00Z,2026-04-21T15:00:00+0200,20.7803
2026-04-21T14:00:00Z,2026-04-21T16:00:00+0200,52.5827
2026-04-21T15:00:00Z,2026-04-21T17:00:00+0200,106.3181
2026-04-21T16:00:00Z,2026-04-21T18:00:00+0200,131.5524
2026-04-21T17:00:00Z,2026-04-21T19:00:00+0200,161.6361
2026-04-21T18:00:00Z,2026-04-21T20:00:00+0200,162.214
2026-04-21T19:00:00Z,2026-04-21T21:00:00+0200,137.5706
2026-04-21T20:00:00Z,2026-04-21T22:00:00+0200,130.2338
2026-04-21T21:00:00Z,2026-04-21T23:00:00+0200,116.0033
2026-04-21T22:00:00Z,2026-04-22T00:00:00+0200,109.3147
2026-04-21T23:00:00Z,2026-04-22T01:00:00+0200,107.5019
2026-04-22T00:00:00Z,2026-04-22T02:00:00+0200,105.1608
2026-04-22T01:00:00Z,2026-04-22T03:00:00+0200,105.6718
2026-04-22T02:00:00Z,2026-04-22T04:00:00+0200,105.4298
2026-04-22T03:00:00Z,2026-04-22T05:00:00+0200,117.6286
2026-04-22T04:00:00Z,2026-04-22T06:00:00+0200,127.7835
2026-04-22T05:00:00Z,2026-04-22T07:00:00+0200,133.9836
2026-04-22T06:00:00Z,2026-04-22T08:00:00+0200,117.1911
2026-04-22T07:00:00Z,2026-04-22T09:00:00+0200,70.0572
2026-04-22T08:00:00Z,2026-04-22T10:00:00+0200,6.4223
2026-04-22T09:00:00Z,2026-04-22T11:00:00+0200,-35.6581
2026-04-22T10:00:00Z,2026-04-22T12:00:00+0200,-68.3801
2026-04-22T11:00:00Z,2026-04-22T13:00:00+0200,-77.0313
2026-04-22T12:00:00Z,2026-04-22T14:00:00+0200,-78.0563
2026-04-22T13:00:00Z,2026-04-22T15:00:00+0200,-68.7622
2026-04-22T14:00:00Z,2026-04-22T16:00:00+0200,-0.1633
2026-04-22T15:00:00Z,2026-04-22T17:00:00+0200,64.1712
2026-04-22T16:00:00Z,2026-04-22T18:00:00+0200,108.908
2026-04-22T17:00:00Z,2026-04-22T19:00:00+0200,134.7153
2026-04-22T18:00:00Z,2026-04-22T20:00:00+0200,141.549
2026-04-22T19:00:00Z,2026-04-22T21:00:00+0200,125.9874
2026-04-22T20:00:00Z,2026-04-22T22:00:00+0200,118.6225
2026-04-22T21:00:00Z,2026-04-22T23:00:00+0200,103.9465
2026-04-22T22:00:00Z,2026-04-23T00:00:00+0200,94.4834
2026-04-22T23:00:00Z,2026-04-23T01:00:00+0200,91.9351
2026-04-23T00:00:00Z,2026-04-23T02:00:00+0200,89.1512
2026-04-23T01:00:00Z,2026-04-23T03:00:00+0200,86.5259
2026-04-23T02:00:00Z,2026-04-23T04:00:00+0200,87.5339
2026-04-23T03:00:00Z,2026-04-23T05:00:00+0200,97.2598
2026-04-23T04:00:00Z,2026-04-23T06:00:00+0200,113.9757
2026-04-23T05:00:00Z,2026-04-23T07:00:00+0200,116.7066
2026-04-23T06:00:00Z,2026-04-23T08:00:00+0200,99.6958
2026-04-23T07:00:00Z,2026-04-23T09:00:00+0200,45.5858
2026-04-23T08:00:00Z,2026-04-23T10:00:00+0200,0.69
2026-04-23T09:00:00Z,2026-04-23T11:00:00+0200,-36.2742
2026-04-23T10:00:00Z,2026-04-23T12:00:00+0200,-47.8189
2026-04-23T11:00:00Z,2026-04-23T13:00:00+0200,-51.0335
2026-04-23T12:00:00Z,2026-04-23T14:00:00+0200,-52.9134
2026-04-23T13:00:00Z,2026-04-23T15:00:00+0200,-53.1028
2026-04-23T14:00:00Z,2026-04-23T16:00:00+0200,-26.3064
2026-04-23T15:00:00Z,2026-04-23T17:00:00+0200,12.8225
2026-04-23T16:00:00Z,2026-04-23T18:00:00+0200,79.9353
2026-04-23T17:00:00Z,2026-04-23T19:00:00+0200,120.3668
2026-04-23T18:00:00Z,2026-04-23T20:00:00+0200,123.7877
2026-04-23T19:00:00Z,2026-04-23T21:00:00+0200,107.3663
2026-04-23T20:00:00Z,2026-04-23T22:00:00+0200,100.9874
2026-04-23T21:00:00Z,2026-04-23T23:00:00+0200,91.0229
2026-04-23T22:00:00Z,2026-04-24T00:00:00+0200,81.093
2026-04-23T23:00:00Z,2026-04-24T01:00:00+0200,78.0734
2026-04-24T00:00:00Z,2026-04-24T02:00:00+0200,82.9696
2026-04-24T01:00:00Z,2026-04-24T03:00:00+0200,82.6331
2026-04-24T02:00:00Z,2026-04-24T04:00:00+0200,85.4983
2026-04-24T03:00:00Z,2026-04-24T05:00:00+0200,93.1424
2026-04-24T04:00:00Z,2026-04-24T06:00:00+0200,114.3549
2026-04-24T05:00:00Z,2026-04-24T07:00:00+0200,120.6761
2026-04-24T06:00:00Z,2026-04-24T08:00:00+0200,96.5068
2026-04-24T07:00:00Z,2026-04-24T09:00:00+0200,66.3975
2026-04-24T08:00:00Z,2026-04-24T10:00:00+0200,12.8705
2026-04-24T09:00:00Z,2026-04-24T11:00:00+0200,-14.5365
2026-04-24T10:00:00Z,2026-04-24T12:00:00+0200,-34.9056
2026-04-24T11:00:00Z,2026-04-24T13:00:00+0200,-44.0632
2026-04-24T12:00:00Z,2026-04-24T14:00:00+0200,-43.8881
2026-04-24T13:00:00Z,2026-04-24T15:00:00+0200,-40.0046
2026-04-24T14:00:00Z,2026-04-24T16:00:00+0200,-23.2635
2026-04-24T15:00:00Z,2026-04-24T17:00:00+0200,7.7034
2026-04-24T16:00:00Z,2026-04-24T18:00:00+0200,80.2282
2026-04-24T17:00:00Z,2026-04-24T19:00:00+0200,118.2719
2026-04-24T18:00:00Z,2026-04-24T20:00:00+0200,130.874
2026-04-24T19:00:00Z,2026-04-24T21:00:00+0200,111.2185
2026-04-24T20:00:00Z,2026-04-24T22:00:00+0200,98.7008
2026-04-24T21:00:00Z,2026-04-24T23:00:00+0200,88.3447
2026-04-24T22:00:00Z,2026-04-25T00:00:00+0200,82.6245
2026-04-24T23:00:00Z,2026-04-25T01:00:00+0200,76.0345
2026-04-25T00:00:00Z,2026-04-25T02:00:00+0200,72.2171
2026-04-25T01:00:00Z,2026-04-25T03:00:00+0200,66.6756
2026-04-25T02:00:00Z,2026-04-25T04:00:00+0200,65.386
2026-04-25T03:00:00Z,2026-04-25T05:00:00+0200,69.1086
2026-04-25T04:00:00Z,2026-04-25T06:00:00+0200,66.8951
2026-04-25T05:00:00Z,2026-04-25T07:00:00+0200,61.7777
2026-04-25T06:00:00Z,2026-04-25T08:00:00+0200,25.4917
2026-04-25T07:00:00Z,2026-04-25T09:00:00+0200,-9.4148
2026-04-25T08:00:00Z,2026-04-25T10:00:00+0200,-29.073
2026-04-25T09:00:00Z,2026-04-25T11:00:00+0200,-61.27
2026-04-25T10:00:00Z,2026-04-25T12:00:00+0200,-64.5108
2026-04-25T11:00:00Z,2026-04-25T13:00:00+0200,-78.2649
2026-04-25T12:00:00Z,2026-04-25T14:00:00+0200,-102.1811
2026-04-25T13:00:00Z,2026-04-25T15:00:00+0200,-74.4479
2026-04-25T14:00:00Z,2026-04-25T16:00:00+0200,-34.6261
2026-04-25T15:00:00Z,2026-04-25T17:00:00+0200,-14.2788
2026-04-25T16:00:00Z,2026-04-25T18:00:00+0200,6.7065
2026-04-25T17:00:00Z,2026-04-25T19:00:00+0200,46.4663
2026-04-25T18:00:00Z,2026-04-25T20:00:00+0200,58.6194
2026-04-25T19:00:00Z,2026-04-25T21:00:00+0200,46.9714
2026-04-25T20:00:00Z,2026-04-25T22:00:00+0200,46.8817
2026-04-25T21:00:00Z,2026-04-25T23:00:00+0200,33.6868
2026-04-25T22:00:00Z,2026-04-26T00:00:00+0200,36.7561
2026-04-25T23:00:00Z,2026-04-26T01:00:00+0200,38.9555
2026-04-26T00:00:00Z,2026-04-26T02:00:00+0200,59.5067
2026-04-26T01:00:00Z,2026-04-26T03:00:00+0200,64.694
2026-04-26T02:00:00Z,2026-04-26T04:00:00+0200,71.4829
2026-04-26T03:00:00Z,2026-04-26T05:00:00+0200,81.8132
2026-04-26T04:00:00Z,2026-04-26T06:00:00+0200,79.0436
2026-04-26T05:00:00Z,2026-04-26T07:00:00+0200,75.9453
2026-04-26T06:00:00Z,2026-04-26T08:00:00+0200,46.783
2026-04-26T07:00:00Z,2026-04-26T09:00:00+0200,3.5684
2026-04-26T08:00:00Z,2026-04-26T10:00:00+0200,-52.436
2026-04-26T09:00:00Z,2026-04-26T11:00:00+0200,-90.8894
2026-04-26T10:00:00Z,2026-04-26T12:00:00+0200,-100.2888
2026-04-26T11:00:00Z,2026-04-26T13:00:00+0200,-113.4859
2026-04-26T12:00:00Z,2026-04-26T14:00:00+0200,-118.1908
2026-04-26T13:00:00Z,2026-04-26T15:00:00+0200,-102.0036
2026-04-26T14:00:00Z,2026-04-26T16:00:00+0200,-38.8174
2026-04-26T15:00:00Z,2026-04-26T17:00:00+0200,33.9002
2026-04-26T16:00:00Z,2026-04-26T18:00:00+0200,107.2211
2026-04-26T17:00:00Z,2026-04-26T19:00:00+0200,135.0993
2026-04-26T18:00:00Z,2026-04-26T20:00:00+0200,153.5306
2026-04-26T19:00:00Z,2026-04-26T21:00:00+0200,143.7085
2026-04-26T20:00:00Z,2026-04-26T22:00:00+0200,134.6442
2026-04-26T21:00:00Z,2026-04-26T23:00:00+0200,118.7435
2026-04-26T22:00:00Z,2026-04-27T00:00:00+0200,101.2548
2026-04-26T23:00:00Z,2026-04-27T01:00:00+0200,96.6696
2026-04-27T00:00:00Z,2026-04-27T02:00:00+0200,95.3284
2026-04-27T01:00:00Z,2026-04-27T03:00:00+0200,94.1135
2026-04-27T02:00:00Z,2026-04-27T04:00:00+0200,96.4342
2026-04-27T03:00:00Z,2026-04-27T05:00:00+0200,117.9014
2026-04-27T04:00:00Z,2026-04-27T06:00:00+0200,162.5725
2026-04-27T05:00:00Z,2026-04-27T07:00:00+0200,164.4336
2026-04-27T06:00:00Z,2026-04-27T08:00:00+0200,126.4562
2026-04-27T07:00:00Z,2026-04-27T09:00:00+0200,83.1539
2026-04-27T08:00:00Z,2026-04-27T10:00:00+0200,23.8204
2026-04-27T09:00:00Z,2026-04-27T11:00:00+0200,-0.4536
2026-04-27T10:00:00Z,2026-04-27T12:00:00+0200,-10.8387
2026-04-27T11:00:00Z,2026-04-27T13:00:00+0200,-3.5065
2026-04-27T12:00:00Z,2026-04-27T14:00:00+0200,2.0067
2026-04-27T13:00:00Z,2026-04-27T15:00:00+0200,17.4866
2026-04-27T14:00:00Z,2026-04-27T16:00:00+0200,65.9906
2026-04-27T15:00:00Z,2026-04-27T17:00:00+0200,100.5258
2026-04-27T16:00:00Z,2026-04-27T18:00:00+0200,135.6097
2026-04-27T17:00:00Z,2026-04-27T19:00:00+0200,202.392
2026-04-27T18:00:00Z,2026-04-27T20:00:00+0200,219.1859
2026-04-27T19:00:00Z,2026-04-27T21:00:00+0200,160.382
2026-04-27T20:00:00Z,2026-04-27T22:00:00+0200,123.7991
2026-04-27T21:00:00Z,2026-04-27T23:00:00+0200,111.1987
2026-04-27T22:00:00Z,2026-04-28T00:00:00+0200,105.65
2026-04-27T23:00:00Z,2026-04-28T01:00:00+0200,99.4524
2026-04-28T00:00:00Z,2026-04-28T02:00:00+0200,98.5685
2026-04-28T01:00:00Z,2026-04-28T03:00:00+0200,96.3904
2026-04-28T02:00:00Z,2026-04-28T04:00:00+0200,98.1874
2026-04-28T03:00:00Z,2026-04-28T05:00:00+0200,113.7415
2026-04-28T04:00:00Z,2026-04-28T06:00:00+0200,133.8301
2026-04-28T05:00:00Z,2026-04-28T07:00:00+0200,126.262
2026-04-28T06:00:00Z,2026-04-28T08:00:00+0200,125.1027
2026-04-28T07:00:00Z,2026-04-28T09:00:00+0200,83.2216
2026-04-28T08:00:00Z,2026-04-28T10:00:00+0200,28.0353
2026-04-28T09:00:00Z,2026-04-28T11:00:00+0200,0.2025
2026-04-28T10:00:00Z,2026-04-28T12:00:00+0200,-20.8224
2026-04-28T11:00:00Z,2026-04-28T13:00:00+0200,-29.133
2026-04-28T12:00:00Z,2026-04-28T14:00:00+0200,-25.9545
2026-04-28T13:00:00Z,2026-04-28T15:00:00+0200,-19.2864
2026-04-28T14:00:00Z,2026-04-28T16:00:00+0200,2.4576
2026-04-28T15:00:00Z,2026-04-28T17:00:00+0200,44.8283
2026-04-28T16:00:00Z,2026-04-28T18:00:00+0200,87.591
2026-04-28T17:00:00Z,2026-04-28T19:00:00+0200,114.3148
2026-04-28T18:00:00Z,2026-04-28T20:00:00+0200,128.7087
2026-04-28T19:00:00Z,2026-04-28T21:00:00+0200,111.1537
2026-04-28T20:00:00Z,2026-04-28T22:00:00+0200,101.6732
2026-04-28T21:00:00Z,2026-04-28T23:00:00+0200,87.4428
2026-04-28T22:00:00Z,2026-04-29T00:00:00+0200,89.7516
2026-04-28T23:00:00Z,2026-04-29T01:00:00+0200,85.805
2026-04-29T00:00:00Z,2026-04-29T02:00:00+0200,84.4472
2026-04-29T01:00:00Z,2026-04-29T03:00:00+0200,87.0868
2026-04-29T02:00:00Z,2026-04-29T04:00:00+0200,104.0131
2026-04-29T03:00:00Z,2026-04-29T05:00:00+0200,111.0444
2026-04-29T04:00:00Z,2026-04-29T06:00:00+0200,133.6174
2026-04-29T05:00:00Z,2026-04-29T07:00:00+0200,128.6589
2026-04-29T06:00:00Z,2026-04-29T08:00:00+0200,114.2473
2026-04-29T07:00:00Z,2026-04-29T09:00:00+0200,68.4916
2026-04-29T08:00:00Z,2026-04-29T10:00:00+0200,12.7808
2026-04-29T09:00:00Z,2026-04-29T11:00:00+0200,-9.0781
2026-04-29T10:00:00Z,2026-04-29T12:00:00+0200,-26.4024
2026-04-29T11:00:00Z,2026-04-29T13:00:00+0200,-38.1437
2026-04-29T12:00:00Z,2026-04-29T14:00:00+0200,-33.9506
2026-04-29T13:00:00Z,2026-04-29T15:00:00+0200,-25.1779
2026-04-29T14:00:00Z,2026-04-29T16:00:00+0200,0.5186
2026-04-29T15:00:00Z,2026-04-29T17:00:00+0200,40.1163
2026-04-29T16:00:00Z,2026-04-29T18:00:00+0200,90.5764
2026-04-29T17:00:00Z,2026-04-29T19:00:00+0200,122.6184
2026-04-29T18:00:00Z,2026-04-29T20:00:00+0200,140.6298
2026-04-29T19:00:00Z,2026-04-29T21:00:00+0200,118.8813
2026-04-29T20:00:00Z,2026-04-29T22:00:00+0200,107.4306
2026-04-29T21:00:00Z,2026-04-29T23:00:00+0200,97.0378
2026-04-29T22:00:00Z,2026-04-30T00:00:00+0200,89.6382
2026-04-29T23:00:00Z,2026-04-30T01:00:00+0200,86.1692
2026-04-30T00:00:00Z,2026-04-30T02:00:00+0200,89.5093
2026-04-30T01:00:00Z,2026-04-30T03:00:00+0200,91.396
2026-04-30T02:00:00Z,2026-04-30T04:00:00+0200,93.9261
2026-04-30T03:00:00Z,2026-04-30T05:00:00+0200,104.9099
2026-04-30T04:00:00Z,2026-04-30T06:00:00+0200,121.3263
2026-04-30T05:00:00Z,2026-04-30T07:00:00+0200,121.0466
2026-04-30T06:00:00Z,2026-04-30T08:00:00+0200,109.268
2026-04-30T07:00:00Z,2026-04-30T09:00:00+0200,49.6421
2026-04-30T08:00:00Z,2026-04-30T10:00:00+0200,-1.0451
2026-04-30T09:00:00Z,2026-04-30T11:00:00+0200,-16.83
2026-04-30T10:00:00Z,2026-04-30T12:00:00+0200,-27.0079
2026-04-30T11:00:00Z,2026-04-30T13:00:00+0200,-30.8339
2026-04-30T12:00:00Z,2026-04-30T14:00:00+0200,-27.4343
2026-04-30T13:00:00Z,2026-04-30T15:00:00+0200,-30.1297
2026-04-30T14:00:00Z,2026-04-30T16:00:00+0200,-1.6035
2026-04-30T15:00:00Z,2026-04-30T17:00:00+0200,36.6688
2026-04-30T16:00:00Z,2026-04-30T18:00:00+0200,89.5709
2026-04-30T17:00:00Z,2026-04-30T19:00:00+0200,110.6427
2026-04-30T18:00:00Z,2026-04-30T20:00:00+0200,125.7776
2026-04-30T19:00:00Z,2026-04-30T21:00:00+0200,115.6569
2026-04-30T20:00:00Z,2026-04-30T22:00:00+0200,109.1228
2026-04-30T21:00:00Z,2026-04-30T23:00:00+0200,100.1142
2026-04-30T22:00:00Z,2026-05-01T00:00:00+0200,93.1225
2026-04-30T23:00:00Z,2026-05-01T01:00:00+0200,91.0648
2026-05-01T00:00:00Z,2026-05-01T02:00:00+0200,91.6866
2026-05-01T01:00:00Z,2026-05-01T03:00:00+0200,90.8643
2026-05-01T02:00:00Z,2026-05-01T04:00:00+0200,93.7322
2026-05-01T03:00:00Z,2026-05-01T05:00:00+0200,99.1506
2026-05-01T04:00:00Z,2026-05-01T06:00:00+0200,98.7972
2026-05-01T05:00:00Z,2026-05-01T07:00:00+0200,81.1906
2026-05-01T06:00:00Z,2026-05-01T08:00:00+0200,65.9236
2026-05-01T07:00:00Z,2026-05-01T09:00:00+0200,21.3914
2026-05-01T08:00:00Z,2026-05-01T10:00:00+0200,-39.5396
2026-05-01T09:00:00Z,2026-05-01T11:00:00+0200,-60.4449
2026-05-01T10:00:00Z,2026-05-01T12:00:00+0200,-68.0832
2026-05-01T11:00:00Z,2026-05-01T13:00:00+0200,-91.9114
2026-05-01T12:00:00Z,2026-05-01T14:00:00+0200,-93.9993
2026-05-01T13:00:00Z,2026-05-01T15:00:00+0200,-82.895
2026-05-01T14:00:00Z,2026-05-01T16:00:00+0200,-40.8837
2026-05-01T15:00:00Z,2026-05-01T17:00:00+0200,13.9903
2026-05-01T16:00:00Z,2026-05-01T18:00:00+0200,82.7795
2026-05-01T17:00:00Z,2026-05-01T19:00:00+0200,112.7778
2026-05-01T18:00:00Z,2026-05-01T20:00:00+0200,124.8566
2026-05-01T19:00:00Z,2026-05-01T21:00:00+0200,113.766
2026-05-01T20:00:00Z,2026-05-01T22:00:00+0200,102.075
2026-05-01T21:00:00Z,2026-05-01T23:00:00+0200,87.4754
2026-05-01T22:00:00Z,2026-05-02T00:00:00+0200,81.7741
2026-05-01T23:00:00Z,2026-05-02T01:00:00+0200,75.7758
2026-05-02T00:00:00Z,2026-05-02T02:00:00+0200,74.5118
2026-05-02T01:00:00Z,2026-05-02T03:00:00+0200,69.2793
2026-05-02T02:00:00Z,2026-05-02T04:00:00+0200,67.1756
2026-05-02T03:00:00Z,2026-05-02T05:00:00+0200,69.6836
2026-05-02T04:00:00Z,2026-05-02T06:00:00+0200,69.8362
2026-05-02T05:00:00Z,2026-05-02T07:00:00+0200,52.6743
2026-05-02T06:00:00Z,2026-05-02T08:00:00+0200,34.1699
2026-05-02T07:00:00Z,2026-05-02T09:00:00+0200,18.6978
2026-05-02T08:00:00Z,2026-05-02T10:00:00+0200,-38.1844
2026-05-02T09:00:00Z,2026-05-02T11:00:00+0200,-53.1721
2026-05-02T10:00:00Z,2026-05-02T12:00:00+0200,-67.0017
2026-05-02T11:00:00Z,2026-05-02T13:00:00+0200,-85.6021
2026-05-02T12:00:00Z,2026-05-02T14:00:00+0200,-91.7028
2026-05-02T13:00:00Z,2026-05-02T15:00:00+0200,-49.968
2026-05-02T14:00:00Z,2026-05-02T16:00:00+0200,-0.3508
2026-05-02T15:00:00Z,2026-05-02T17:00:00+0200,30.6814
2026-05-02T16:00:00Z,2026-05-02T18:00:00+0200,101.1357
2026-05-02T17:00:00Z,2026-05-02T19:00:00+0200,142.7689
2026-05-02T18:00:00Z,2026-05-02T20:00:00+0200,154.6467
2026-05-02T19:00:00Z,2026-05-02T21:00:00+0200,144.3943
2026-05-02T20:00:00Z,2026-05-02T22:00:00+0200,126.2187
2026-05-02T21:00:00Z,2026-05-02T23:00:00+0200,116.5153
2026-05-02T22:00:00Z,2026-05-03T00:00:00+0200,118.1681
2026-05-02T23:00:00Z,2026-05-03T01:00:00+0200,111.6628
2026-05-03T00:00:00Z,2026-05-03T02:00:00+0200,110.4116
2026-05-03T01:00:00Z,2026-05-03T03:00:00+0200,104.9312
2026-05-03T02:00:00Z,2026-05-03T04:00:00+0200,105.5175
2026-05-03T03:00:00Z,2026-05-03T05:00:00+0200,107.6664
2026-05-03T04:00:00Z,2026-05-03T06:00:00+0200,104.3282
2026-05-03T05:00:00Z,2026-05-03T07:00:00+0200,95.5949
2026-05-03T06:00:00Z,2026-05-03T08:00:00+0200,63.9789
2026-05-03T07:00:00Z,2026-05-03T09:00:00+0200,23.9319
2026-05-03T08:00:00Z,2026-05-03T10:00:00+0200,17.7948
2026-05-03T09:00:00Z,2026-05-03T11:00:00+0200,-9.0785
2026-05-03T10:00:00Z,2026-05-03T12:00:00+0200,-41.9838
2026-05-03T11:00:00Z,2026-05-03T13:00:00+0200,-45.3618
2026-05-03T12:00:00Z,2026-05-03T14:00:00+0200,-18.4281
2026-05-03T13:00:00Z,2026-05-03T15:00:00+0200,8.1525
2026-05-03T14:00:00Z,2026-05-03T16:00:00+0200,22.2441
2026-05-03T15:00:00Z,2026-05-03T17:00:00+0200,49.1233
2026-05-03T16:00:00Z,2026-05-03T18:00:00+0200,122.8843
2026-05-03T17:00:00Z,2026-05-03T19:00:00+0200,149.4826
2026-05-03T18:00:00Z,2026-05-03T20:00:00+0200,161.5632
2026-05-03T19:00:00Z,2026-05-03T21:00:00+0200,153.7774
2026-05-03T20:00:00Z,2026-05-03T22:00:00+0200,145.6136
2026-05-03T21:00:00Z,2026-05-03T23:00:00+0200,131.9595
2026-05-03T22:00:00Z,2026-05-04T00:00:00+0200,115.137
2026-05-03T23:00:00Z,2026-05-04T01:00:00+0200,110.5437
2026-05-04T00:00:00Z,2026-05-04T02:00:00+0200,109.675
2026-05-04T01:00:00Z,2026-05-04T03:00:00+0200,109.4534
2026-05-04T02:00:00Z,2026-05-04T04:00:00+0200,111.6319
2026-05-04T03:00:00Z,2026-05-04T05:00:00+0200,127.6816
2026-05-04T04:00:00Z,2026-05-04T06:00:00+0200,165.0487
2026-05-04T05:00:00Z,2026-05-04T07:00:00+0200,163.5659
2026-05-04T06:00:00Z,2026-05-04T08:00:00+0200,146.177
2026-05-04T07:00:00Z,2026-05-04T09:00:00+0200,120.4049
2026-05-04T08:00:00Z,2026-05-04T10:00:00+0200,99.9012
2026-05-04T09:00:00Z,2026-05-04T11:00:00+0200,58.3738
2026-05-04T10:00:00Z,2026-05-04T12:00:00+0200,38.7419
2026-05-04T11:00:00Z,2026-05-04T13:00:00+0200,37.9493
2026-05-04T12:00:00Z,2026-05-04T14:00:00+0200,60.4625
2026-05-04T13:00:00Z,2026-05-04T15:00:00+0200,94.7515
2026-05-04T14:00:00Z,2026-05-04T16:00:00+0200,110.7702
2026-05-04T15:00:00Z,2026-05-04T17:00:00+0200,132.1006
2026-05-04T16:00:00Z,2026-05-04T18:00:00+0200,172.8852
2026-05-04T17:00:00Z,2026-05-04T19:00:00+0200,235.4095
2026-05-04T18:00:00Z,2026-05-04T20:00:00+0200,247.5824
2026-05-04T19:00:00Z,2026-05-04T21:00:00+0200,226.2653
2026-05-04T20:00:00Z,2026-05-04T22:00:00+0200,181.4396
2026-05-04T21:00:00Z,2026-05-04T23:00:00+0200,161.8451
